# chunks.txt - deliverable D-7, generated by src/ingest/chunk_writer.py (K5)
# Regenerate with: python ingest.py --stage all
#
# One block per chunk: a header line, the metadata the pipeline depends on, a
# separator, the chunk text, then the embedding vector. Vectors are
# sentence-transformers/all-MiniLM-L6-v2, L2-normalised, shown to
# 6 decimal places for readability; chroma/ holds full precision.
#
# The only percentages in this corpus are fee, tax and ratio facts. There is no
# performance data: see the C-3 check in docs/implementation.md Phase 1.

=== CHUNK hdfc_large_cap_direct_growth::0::0 ===
source_url: https://groww.in/mutual-funds/hdfc-large-cap-fund-direct-growth
scheme: HDFC Large Cap Fund - Direct Growth
category: large_cap
plan_variant: direct_growth
section: Scheme facts (as published on the scheme page)
fact_type: expense_ratio
authority: scheme_facts
is_atomic: true
char_len: 19
source_fetched_at: 2026-09-28T13:12:27+00:00
content_hash: 5c117494f665459a297c27214337419734c7566eb91a0f5ec410e04835ea8364
---
Expense ratio: 1.03

embedding_dim: 384
embedding: [0.057699, -0.016917, -0.045350, 0.062638, 0.079138, -0.073246, 0.019552, -0.007597, 0.017815, -0.001662, 0.011895, -0.025445, -0.048200, 0.041267, -0.069305, -0.017663, 0.023294, -0.039686, -0.014207, 0.081475, -0.030447, 0.011963, 0.055522, 0.043862, 0.132248, -0.027482, 0.046311, 0.025405, -0.033613, -0.030166, -0.003006, 0.018126, 0.029074, -0.067704, 0.069052, -0.014904, -0.022010, -0.020810, 0.004669, 0.041977, -0.069081, 0.023958, -0.057882, -0.044619, -0.056766, -0.031715, -0.101171, 0.090688, 0.043529, 0.121713, 0.051305, 0.030062, -0.044860, -0.065012, 0.007186, -0.027105, -0.049022, -0.023949, -0.043380, -0.044456, -0.044480, 0.014816, 0.035975, 0.030457, 0.088778, -0.017387, 0.022471, -0.011953, -0.111220, 0.025768, -0.057870, -0.062220, -0.064599, -0.076315, 0.013125, 0.027807, 0.080857, 0.049356, 0.037977, -0.014004, 0.002986, 0.033152, -0.026613, -0.007354, 0.022305, -0.028366, 0.080177, -0.016067, 0.022102, 0.003469, 0.061602, -0.024054, 0.030398, 0.007489, 0.042902, 0.031249, -0.062880, 0.034344, 0.040940, -0.014816, 0.044163, 0.027020, 0.041221, 0.001288, -0.063221, 0.001512, 0.097573, 0.063151, 0.096182, 0.043605, -0.022844, -0.052350, -0.052939, -0.039865, -0.051104, -0.022037, -0.002582, -0.025480, 0.115190, 0.036067, 0.081934, 0.050873, -0.018900, -0.004047, -0.075945, -0.100242, -0.107335, -0.000000, -0.027555, 0.044095, -0.004289, -0.037194, -0.093700, 0.026262, -0.013467, 0.045437, -0.033738, 0.026470, -0.055811, 0.100326, -0.044134, -0.102358, 0.023971, -0.056088, -0.015090, 0.126900, 0.081737, -0.074741, -0.049661, -0.020981, 0.062369, -0.008656, 0.031685, -0.006708, -0.014207, -0.017681, 0.038148, -0.022123, 0.016023, -0.015857, 0.056425, -0.113019, -0.069017, 0.036670, -0.001651, 0.066254, 0.040863, 0.016501, -0.138942, 0.022253, 0.006314, -0.071610, 0.001546, -0.015437, 0.129393, 0.031258, -0.023727, -0.000411, -0.089849, -0.053754, -0.061246, 0.010483, 0.012409, -0.054197, 0.064962, 0.001723, -0.023915, 0.005044, -0.000964, 0.040070, 0.004872, -0.077640, -0.067339, -0.045922, 0.001109, 0.047056, -0.005027, 0.025422, -0.085042, -0.051741, -0.015174, 0.049473, 0.002918, 0.022694, 0.025046, -0.018429, -0.001620, 0.007989, -0.130920, -0.004568, 0.031157, 0.008452, -0.079800, 0.016264, 0.106436, 0.052685, -0.007696, 0.014934, 0.117771, -0.015238, 0.017373, -0.029370, 0.034554, 0.000000, 0.012527, 0.086414, 0.043710, -0.037566, -0.029452, -0.007290, 0.038384, 0.027898, 0.003720, 0.050150, -0.068201, 0.057367, -0.042052, -0.010643, 0.039254, -0.049923, 0.046583, -0.007205, -0.027706, -0.022567, 0.044551, 0.056887, 0.081815, -0.010227, -0.100954, 0.032267, -0.031542, -0.006289, -0.005305, 0.003275, -0.085895, -0.050075, 0.034344, 0.041671, 0.034090, -0.091146, -0.071777, 0.019931, 0.051057, 0.003577, 0.097335, -0.003802, 0.009593, -0.015390, 0.102194, -0.083681, 0.036088, -0.079519, 0.081663, -0.049002, -0.004277, -0.030816, 0.008016, -0.003311, -0.070422, 0.104212, 0.030803, 0.013290, -0.039621, 0.016059, 0.006675, 0.136571, 0.025907, 0.014375, -0.034235, -0.010540, 0.038404, -0.025241, 0.072723, 0.011207, 0.017322, 0.008245, 0.012651, -0.040191, -0.025624, 0.005867, 0.002006, 0.034367, 0.092169, -0.013743, 0.013275, 0.049127, -0.014129, -0.024358, -0.058982, -0.047735, 0.041200, -0.013790, -0.071714, 0.038273, -0.042154, -0.029468, 0.006146, 0.048509, -0.033525, -0.000000, -0.009512, -0.013524, 0.043325, 0.006535, 0.024447, -0.055215, -0.027015, 0.066498, 0.012659, 0.120866, 0.021094, -0.035482, -0.044946, 0.027606, -0.039896, -0.028160, -0.034655, 0.031763, -0.010662, -0.084925, 0.032653, 0.055961, -0.029098, -0.055194, -0.012041, -0.000767, -0.057181, 0.136008, -0.038446, -0.068892, 0.053814, 0.015841, 0.007228, -0.044254, -0.002559, -0.057291, -0.032136, 0.065361, 0.012383, 0.104277, 0.006743, -0.041025, 0.031519, -0.031296, 0.003672, 0.006521, -0.129014, -0.046578, -0.025071, -0.103557, 0.037067, 0.030680, -0.018318, 0.035797, -0.007211, -0.012938, -0.056880, 0.043750, -0.173185, 0.018443, 0.052053, -0.062494, -0.059167, 0.001815]

=== CHUNK hdfc_large_cap_direct_growth::0::1 ===
source_url: https://groww.in/mutual-funds/hdfc-large-cap-fund-direct-growth
scheme: HDFC Large Cap Fund - Direct Growth
category: large_cap
plan_variant: direct_growth
section: Scheme facts (as published on the scheme page)
fact_type: min_sip
authority: scheme_facts
is_atomic: true
char_len: 33
source_fetched_at: 2026-09-28T13:12:27+00:00
content_hash: 5c117494f665459a297c27214337419734c7566eb91a0f5ec410e04835ea8364
---
Minimum SIP investment (INR): 100

embedding_dim: 384
embedding: [0.012420, 0.012419, -0.076923, -0.078337, -0.053845, -0.041673, 0.074123, 0.099117, -0.019099, 0.022071, 0.002682, -0.074821, -0.012166, 0.053409, 0.002645, -0.023399, -0.000506, -0.134584, -0.022794, -0.032756, -0.003955, -0.034597, -0.023358, -0.012040, 0.063991, -0.030309, 0.005399, 0.023407, 0.069211, -0.008106, 0.094992, 0.140051, 0.132594, -0.064973, 0.032989, 0.015124, -0.022769, -0.001898, 0.012862, 0.003799, 0.019550, -0.038790, -0.033508, 0.003622, -0.017958, -0.054509, -0.052303, 0.112657, 0.041281, 0.023188, -0.010896, 0.040377, 0.018734, -0.044861, -0.088010, -0.049145, -0.032116, 0.050735, -0.012346, 0.040777, -0.007352, 0.011618, 0.015335, 0.001205, -0.029614, -0.005234, -0.015027, 0.026846, -0.060801, 0.010772, 0.033882, -0.081613, -0.071931, -0.046943, -0.018447, -0.012605, 0.040830, 0.050298, -0.013989, 0.029422, 0.030457, -0.032065, -0.039564, -0.051824, -0.026479, -0.051261, 0.024718, -0.049088, 0.064415, -0.000729, -0.012545, 0.055153, -0.017523, 0.018331, -0.007170, 0.045707, -0.054825, -0.055490, -0.024606, 0.024618, 0.002318, -0.007832, -0.046932, -0.078582, -0.003050, -0.063895, 0.069915, -0.030456, 0.066004, 0.040248, -0.053037, 0.060230, 0.115622, -0.013317, -0.017498, 0.000695, -0.038913, -0.032906, 0.171405, 0.033169, -0.039993, 0.045296, -0.005972, -0.019986, -0.052370, -0.008734, -0.037126, -0.000000, -0.074182, 0.015643, -0.029556, 0.010435, -0.072248, -0.003794, 0.074883, 0.011714, -0.087436, -0.111475, 0.014997, -0.053960, -0.019010, 0.031965, 0.045684, -0.076320, 0.036410, 0.082647, 0.005251, -0.040675, -0.042656, -0.058369, -0.019135, -0.008152, 0.126193, 0.040951, -0.025517, -0.110456, 0.144180, 0.014332, 0.093015, 0.043311, -0.025294, -0.001048, -0.070511, 0.047198, 0.012313, 0.009386, -0.039320, -0.030237, -0.100695, 0.078824, 0.009361, -0.015707, -0.038751, 0.052068, 0.030232, 0.031261, -0.067954, 0.006349, -0.056622, -0.002670, -0.138497, 0.068878, -0.000993, -0.058800, -0.025592, -0.029248, -0.030232, -0.044570, -0.045086, -0.046206, -0.095706, 0.048432, -0.014981, 0.019366, -0.016780, -0.042457, 0.046862, 0.046435, -0.058616, 0.004824, 0.043763, -0.019808, 0.000085, 0.037553, 0.059985, 0.023676, 0.020623, 0.054344, -0.035769, 0.043854, 0.028257, 0.030351, 0.054422, 0.015025, 0.091257, 0.019844, -0.019315, 0.038134, -0.016083, -0.021419, -0.021138, 0.020629, 0.052310, 0.000000, -0.026296, 0.050223, 0.090223, 0.038191, 0.021296, 0.020431, 0.108456, 0.033162, 0.096206, -0.050304, -0.054998, 0.031845, 0.093990, 0.026059, -0.085583, -0.032184, 0.001776, -0.003994, 0.039672, -0.008929, 0.031642, 0.015034, 0.056771, 0.102298, -0.033726, 0.026359, -0.087007, -0.011489, -0.039424, -0.018098, -0.039510, -0.002640, -0.069137, 0.027678, -0.051856, -0.050925, 0.025678, 0.008672, -0.027901, 0.049577, 0.098699, -0.027893, -0.002991, -0.060228, 0.023994, -0.093209, 0.030234, -0.070709, -0.023387, -0.111237, -0.009221, -0.035114, 0.052728, 0.114019, 0.015095, -0.000409, 0.063439, -0.025622, 0.002180, -0.021891, 0.033528, 0.071475, -0.036193, 0.053206, -0.040345, -0.030645, 0.026472, -0.019352, 0.068435, -0.124198, 0.023858, -0.008133, 0.083129, 0.045041, 0.000911, 0.021023, -0.037327, -0.061242, 0.042920, 0.009734, -0.130399, 0.144943, -0.044815, -0.004038, 0.086356, -0.029639, 0.075127, -0.104998, 0.023064, 0.023091, -0.080698, 0.045310, 0.070234, -0.019248, -0.024310, -0.000000, -0.032549, -0.032068, 0.018901, 0.049451, 0.021276, -0.053609, -0.002934, -0.011749, -0.022286, 0.043285, 0.092127, -0.011750, -0.046791, 0.036518, 0.000354, -0.053610, 0.025472, 0.035647, -0.030315, -0.058541, 0.030106, 0.080071, 0.015802, -0.011379, -0.027113, 0.028088, 0.058340, 0.024818, 0.017675, -0.016353, -0.018799, 0.045367, 0.031968, 0.039030, -0.062758, 0.025101, 0.011650, 0.025673, -0.039294, 0.048734, 0.001294, -0.118237, -0.060417, -0.061784, -0.001478, 0.047482, -0.099589, -0.016583, 0.009507, -0.053837, 0.086810, 0.070663, 0.029030, 0.043641, 0.046379, -0.002497, -0.047465, 0.036658, -0.054368, -0.035514, 0.004614, -0.002532, -0.035236, 0.027412]

=== CHUNK hdfc_large_cap_direct_growth::0::2 ===
source_url: https://groww.in/mutual-funds/hdfc-large-cap-fund-direct-growth
scheme: HDFC Large Cap Fund - Direct Growth
category: large_cap
plan_variant: direct_growth
section: Scheme facts (as published on the scheme page)
fact_type: min_sip
authority: scheme_facts
is_atomic: true
char_len: 36
source_fetched_at: 2026-09-28T13:12:27+00:00
content_hash: 5c117494f665459a297c27214337419734c7566eb91a0f5ec410e04835ea8364
---
Minimum investment amount (INR): 100

embedding_dim: 384
embedding: [0.023288, 0.081843, -0.083341, -0.063197, -0.047368, -0.032730, 0.042486, 0.120752, -0.011189, 0.087699, 0.013019, -0.102417, 0.033227, 0.034616, -0.047254, 0.003731, -0.002616, -0.043451, -0.054622, 0.001509, -0.018711, -0.024368, -0.065146, -0.008219, 0.062994, -0.062933, 0.022192, 0.046868, 0.056295, 0.020798, 0.047832, 0.061380, 0.072469, -0.005813, 0.009043, 0.031018, -0.031418, -0.014285, 0.008465, -0.002810, -0.011685, 0.016762, 0.006086, -0.007259, -0.007845, -0.010393, -0.036728, 0.054695, 0.051140, 0.014459, -0.031054, 0.091321, -0.007498, -0.031755, -0.122606, -0.061485, -0.024445, 0.004687, -0.022903, 0.000909, 0.019990, -0.011417, 0.074557, -0.033869, -0.008603, -0.021775, -0.007389, 0.003241, -0.114165, 0.031944, 0.063545, -0.039779, -0.151659, -0.016376, -0.034131, -0.033389, 0.006264, 0.101282, 0.001401, -0.005493, 0.043124, -0.009317, -0.038001, -0.058963, -0.033184, -0.040545, 0.081757, -0.009313, 0.104137, 0.067865, 0.045950, 0.041752, -0.028599, 0.039063, -0.003992, 0.006791, -0.015441, 0.020705, -0.042975, 0.021252, 0.031393, -0.077787, 0.030301, -0.041639, -0.033560, -0.051521, 0.093515, -0.037918, 0.012153, -0.003468, -0.032785, 0.031731, 0.079765, -0.029433, 0.004722, -0.011579, 0.006950, -0.022300, 0.111570, 0.029945, 0.037708, 0.019188, -0.030487, -0.009043, -0.040228, -0.059003, -0.027742, -0.000000, -0.069387, 0.009747, 0.007137, -0.014227, -0.056733, -0.006213, 0.072842, 0.046231, -0.103769, -0.077193, 0.033191, -0.015475, -0.032725, 0.017713, 0.009697, -0.061993, 0.061312, 0.050230, 0.046832, -0.067766, -0.049977, -0.072110, -0.017131, 0.000581, 0.032789, 0.055744, -0.031060, -0.102643, 0.047275, -0.014648, 0.116128, 0.033700, 0.010402, -0.056620, -0.035852, 0.014140, 0.040394, 0.034543, -0.017743, -0.009066, -0.048467, 0.072220, -0.003107, 0.022657, 0.008401, 0.078068, 0.149207, 0.093604, -0.093811, 0.019621, -0.047951, -0.020391, -0.136663, 0.036181, -0.029468, -0.007138, -0.032185, -0.047363, -0.071970, -0.043859, -0.043701, -0.022164, -0.043366, 0.086574, -0.052661, 0.020311, 0.024632, -0.023941, -0.006106, 0.094754, -0.081973, -0.044440, 0.068797, -0.035809, 0.057269, 0.019595, 0.053071, -0.006358, 0.010158, -0.026185, -0.025068, 0.019783, -0.004948, 0.055263, -0.018630, 0.032932, 0.093099, 0.073945, -0.000118, -0.038293, 0.011249, -0.059590, -0.031975, 0.021637, 0.058809, 0.000000, -0.029466, 0.011056, 0.109047, 0.042255, 0.015577, 0.061090, 0.082857, 0.033777, 0.113790, 0.016959, 0.009456, -0.025935, 0.049283, -0.002345, -0.081426, -0.048662, -0.021686, -0.003945, 0.028715, -0.003236, 0.055811, 0.021832, 0.053518, 0.111054, -0.022309, 0.030226, -0.042972, 0.026362, -0.051136, -0.010082, -0.072224, -0.009985, 0.007094, 0.008292, -0.078363, -0.076153, 0.047909, -0.056618, -0.047318, 0.061880, 0.084957, 0.023265, 0.029099, 0.004666, -0.011224, -0.090503, 0.045935, -0.044510, 0.033970, -0.074509, -0.039472, -0.063689, 0.041180, 0.051034, 0.011032, 0.071415, 0.009157, 0.000864, -0.003225, 0.021460, -0.041315, 0.053375, -0.026319, 0.067404, -0.061622, -0.017902, -0.009982, -0.010634, 0.036898, -0.100990, 0.039886, 0.024480, 0.100841, -0.031805, -0.000622, 0.024023, 0.031694, -0.076064, 0.076869, 0.034487, -0.104138, 0.097937, -0.042044, -0.044103, 0.030258, -0.006813, -0.023423, -0.014569, -0.011961, 0.038147, -0.073361, 0.099543, 0.138066, -0.035518, -0.101349, -0.000000, -0.057624, -0.047403, 0.016915, 0.008957, 0.028276, -0.030762, 0.040054, -0.007804, -0.033198, 0.073042, 0.080118, -0.025863, -0.102575, 0.023726, -0.024395, -0.054066, 0.006359, -0.006704, -0.009661, -0.043026, 0.054823, 0.078775, 0.041633, -0.057720, 0.010018, -0.021478, 0.064785, 0.039992, -0.028587, 0.018452, -0.022686, 0.016004, 0.036569, 0.031878, -0.057553, 0.008843, 0.037530, 0.055641, -0.013333, -0.033150, -0.033819, -0.106769, -0.021373, -0.065399, -0.024295, 0.069416, -0.105679, -0.066938, 0.038785, -0.102580, 0.086176, 0.017165, -0.013405, 0.043738, -0.021515, 0.043331, -0.030559, 0.055560, -0.117127, -0.057126, -0.014062, -0.011421, -0.022296, -0.009102]

=== CHUNK hdfc_large_cap_direct_growth::0::3 ===
source_url: https://groww.in/mutual-funds/hdfc-large-cap-fund-direct-growth
scheme: HDFC Large Cap Fund - Direct Growth
category: large_cap
plan_variant: direct_growth
section: Scheme facts (as published on the scheme page)
fact_type: exit_load
authority: scheme_facts
is_atomic: true
char_len: 52
source_fetched_at: 2026-09-28T13:12:27+00:00
content_hash: 5c117494f665459a297c27214337419734c7566eb91a0f5ec410e04835ea8364
---
Exit load: Exit load of 1% if redeemed within 1 year

embedding_dim: 384
embedding: [-0.042116, 0.055231, -0.008113, -0.002252, -0.023798, -0.007494, 0.019943, 0.023828, 0.017841, 0.025845, 0.037750, -0.047476, -0.023414, -0.023357, -0.002293, 0.068024, -0.072754, -0.013975, -0.011653, -0.040655, 0.006443, -0.069327, -0.095702, 0.023275, 0.005310, 0.011070, -0.025466, -0.006858, -0.012246, 0.011761, 0.057384, 0.001542, 0.006846, -0.081500, 0.064548, 0.036291, -0.140340, -0.041781, -0.010476, -0.021069, -0.044697, 0.022197, -0.019685, 0.033340, -0.000389, -0.001985, -0.058096, 0.103245, -0.001977, 0.114667, 0.084998, 0.027310, 0.016746, 0.060572, -0.048510, -0.020331, 0.085648, -0.001330, -0.065209, -0.017500, 0.011454, 0.019183, -0.038083, -0.049787, -0.023075, 0.039064, 0.039298, -0.030539, -0.040943, 0.020433, -0.028458, -0.112055, -0.062189, -0.020077, 0.005219, 0.013836, 0.061838, 0.012735, -0.014714, -0.037358, 0.002906, 0.013478, 0.018431, -0.070693, 0.008280, 0.011542, 0.005755, 0.018208, 0.084224, -0.017824, -0.004745, 0.159759, 0.072580, 0.025269, 0.008399, 0.006172, -0.092033, -0.019174, -0.015168, 0.048318, -0.028275, 0.019891, 0.029710, -0.057439, 0.044987, -0.087506, -0.016519, 0.014433, 0.028304, -0.019390, 0.004933, -0.025341, 0.135707, -0.021199, 0.047148, 0.026606, -0.032418, 0.093897, 0.011159, -0.001165, 0.135118, 0.054795, -0.053643, -0.005844, -0.011578, -0.051299, 0.110377, 0.000000, -0.026028, -0.112046, -0.039870, -0.002526, -0.062803, -0.036332, 0.031435, 0.075718, -0.038492, -0.005559, 0.009565, -0.035971, -0.041422, -0.037828, 0.014229, 0.006423, 0.017809, 0.003217, 0.114706, -0.033048, 0.002704, -0.148697, 0.017715, -0.016938, 0.061195, 0.029003, -0.020164, -0.046511, -0.019277, -0.029050, 0.108560, 0.015000, 0.002106, -0.099728, 0.002121, 0.017184, 0.085477, 0.041516, 0.046256, -0.018253, -0.069875, 0.020676, 0.029639, 0.040280, -0.024084, -0.172291, 0.070581, -0.021940, -0.031715, 0.083505, 0.012163, -0.049082, -0.033428, 0.015927, -0.071651, -0.022198, -0.063850, 0.006090, 0.017796, -0.043978, 0.054682, -0.074326, -0.025803, -0.022719, -0.112976, -0.013232, 0.043789, -0.013050, -0.136013, 0.069944, 0.009038, -0.059035, 0.063963, -0.105233, 0.003344, -0.019187, 0.088883, 0.059991, 0.069978, 0.006779, 0.044389, -0.035341, -0.020943, 0.010037, 0.059358, 0.036898, 0.104712, -0.117666, -0.075420, 0.012614, 0.005978, -0.059551, 0.012453, 0.020924, 0.077453, -0.000000, -0.018330, 0.007834, -0.035214, 0.012265, 0.015316, -0.005586, -0.025614, 0.102594, -0.026355, 0.073836, 0.036551, 0.022922, 0.017342, 0.104416, -0.013984, 0.021835, 0.014150, 0.010627, -0.051208, 0.031162, 0.022491, 0.010710, -0.072291, 0.042377, -0.039423, 0.007759, -0.100677, -0.000139, -0.065572, -0.032171, -0.061316, -0.061821, -0.015076, 0.017180, -0.000819, -0.006178, 0.021432, -0.002020, -0.009711, 0.110385, 0.058913, -0.016264, -0.063994, -0.017235, 0.017352, -0.033326, 0.047116, 0.026522, 0.058254, -0.017227, 0.014749, -0.005488, 0.043691, 0.069623, -0.043365, 0.051585, 0.062077, -0.022124, -0.031899, -0.021219, -0.046139, -0.025490, 0.082912, -0.014420, 0.000609, -0.088758, 0.037202, 0.057058, 0.037177, -0.000508, 0.079088, 0.074475, 0.044999, -0.051138, -0.040137, -0.002092, -0.031404, -0.081206, -0.010180, 0.016048, -0.024112, 0.026388, -0.031059, 0.077049, -0.033884, -0.008147, 0.013621, -0.056553, -0.018867, 0.058468, -0.006358, -0.011581, 0.024637, -0.011707, -0.007906, -0.000000, 0.032175, 0.058693, 0.115389, -0.017632, 0.104408, 0.028013, 0.038637, 0.006554, -0.070931, -0.008249, 0.105502, 0.023723, -0.044856, -0.036208, -0.126932, 0.045050, -0.033077, 0.019553, 0.018457, -0.017458, -0.036034, 0.050572, -0.019878, -0.055659, -0.057653, -0.043578, 0.099573, 0.088744, 0.032029, -0.084770, -0.013822, 0.013464, 0.050268, -0.061760, -0.085494, 0.047556, 0.005621, 0.004547, -0.024206, -0.002709, 0.019034, 0.080411, 0.008944, -0.007881, -0.075958, -0.011057, -0.051541, 0.008862, 0.038419, -0.071627, 0.026487, -0.042518, -0.054891, 0.098414, 0.034758, -0.081313, -0.030156, 0.052092, -0.072361, 0.056619, 0.015437, -0.014109, -0.052238, -0.038020]

=== CHUNK hdfc_large_cap_direct_growth::0::4 ===
source_url: https://groww.in/mutual-funds/hdfc-large-cap-fund-direct-growth
scheme: HDFC Large Cap Fund - Direct Growth
category: large_cap
plan_variant: direct_growth
section: Scheme facts (as published on the scheme page)
fact_type: riskometer
authority: scheme_facts
is_atomic: true
char_len: 38
source_fetched_at: 2026-09-28T13:12:27+00:00
content_hash: 5c117494f665459a297c27214337419734c7566eb91a0f5ec410e04835ea8364
---
Riskometer: Moderately High Riskometer

embedding_dim: 384
embedding: [0.062479, -0.047748, -0.047255, 0.051496, 0.075983, -0.004706, 0.047255, 0.080835, 0.001502, -0.011343, 0.028055, -0.059235, -0.005001, 0.011713, -0.081822, -0.041089, 0.022203, -0.058821, -0.002530, 0.039930, -0.110492, 0.022486, 0.020397, 0.045585, -0.011518, -0.063489, -0.022515, 0.096324, -0.028898, -0.001692, 0.007034, 0.030531, 0.026391, -0.037527, -0.030192, 0.004187, -0.012872, -0.020178, -0.002059, 0.033522, 0.017476, -0.044733, 0.052921, 0.079955, -0.037348, 0.013539, -0.008099, -0.047246, -0.002369, 0.015022, -0.060279, -0.068237, 0.036121, -0.101102, 0.015244, 0.007031, -0.103923, -0.074408, -0.016744, -0.026813, 0.045924, 0.009316, -0.072211, 0.035564, 0.009963, 0.022114, -0.013019, 0.062809, 0.070418, -0.009839, -0.014304, 0.017829, -0.052047, 0.030420, 0.002354, -0.020640, 0.019192, -0.042578, 0.081444, -0.040492, 0.027636, -0.046376, 0.060936, 0.016715, 0.050477, 0.012650, 0.052439, 0.017958, -0.005693, -0.008845, 0.024465, -0.053627, -0.028219, 0.082540, 0.007285, 0.071748, -0.055085, -0.122557, -0.072275, 0.060210, -0.021271, -0.010726, -0.068174, 0.082141, -0.028360, -0.084657, 0.028352, 0.004694, 0.046273, 0.018560, 0.006986, 0.072194, 0.002374, -0.044905, -0.011129, -0.026610, -0.105183, 0.014343, -0.001069, 0.086462, 0.015203, -0.002222, 0.008289, 0.012207, 0.032021, 0.075064, 0.001135, -0.000000, 0.068081, 0.025977, 0.008456, 0.024652, -0.020685, 0.022188, -0.058871, -0.025234, 0.021311, 0.006988, -0.006664, 0.072285, -0.067575, 0.036020, 0.053541, -0.022317, -0.026647, 0.096291, -0.055600, -0.068767, -0.095986, -0.086626, -0.011639, -0.048899, 0.001283, 0.040004, 0.050503, 0.049965, 0.041494, 0.022205, -0.033609, 0.010477, -0.039362, -0.124167, -0.003478, 0.032702, -0.144155, 0.027709, -0.015524, 0.002869, -0.015737, 0.044067, 0.041469, 0.047855, 0.079744, 0.020201, -0.059050, -0.074286, -0.026709, 0.001561, -0.103199, -0.038082, -0.005908, 0.014141, -0.100923, 0.051144, 0.030724, -0.009660, -0.092446, -0.008209, -0.063585, 0.076516, -0.032020, -0.109735, 0.013308, 0.081442, -0.013391, -0.025852, -0.015772, 0.074682, -0.035565, 0.003737, 0.043191, -0.074586, -0.067519, 0.044895, -0.055230, 0.022757, 0.025103, -0.050128, -0.070768, -0.020766, 0.095998, 0.036049, 0.005805, 0.022322, -0.031708, -0.038701, -0.089171, 0.092420, 0.010890, 0.009558, 0.053428, -0.002146, -0.121266, -0.000000, -0.152181, 0.005864, 0.007892, 0.092883, 0.008072, -0.031529, 0.013613, 0.061271, 0.041764, 0.065884, -0.019663, -0.001554, 0.072458, -0.018914, 0.018627, 0.057892, -0.022988, 0.037012, -0.069015, -0.068418, -0.004415, 0.022391, -0.069129, 0.026181, -0.024036, 0.033388, 0.005668, -0.008043, -0.037677, -0.066079, -0.108716, 0.014859, 0.077882, 0.027804, -0.035726, 0.019899, 0.109575, -0.125610, -0.072416, 0.000101, 0.039762, 0.084332, -0.024212, -0.101202, 0.000317, 0.068864, 0.098978, -0.025282, 0.034832, 0.057975, -0.009397, 0.004769, -0.023531, 0.088261, -0.010720, -0.038770, -0.058588, -0.024813, -0.017147, 0.083119, -0.012462, 0.057043, -0.084208, 0.086579, 0.034670, 0.036449, -0.026430, -0.057657, 0.023449, 0.018617, 0.021171, 0.014008, 0.008569, -0.061901, -0.016428, -0.091659, -0.001499, 0.060407, -0.025585, -0.009114, 0.051681, -0.010045, 0.016790, 0.061476, 0.081567, 0.034654, 0.005596, -0.068474, -0.000071, 0.068304, -0.048447, 0.076684, -0.048349, -0.035199, -0.001429, -0.000000, 0.039884, 0.051595, 0.019286, -0.003793, 0.060883, 0.016838, -0.038788, 0.033271, -0.039480, 0.020533, 0.074984, 0.016862, -0.021654, -0.083042, 0.019382, -0.071792, -0.012123, 0.103434, -0.051583, 0.018229, 0.099395, 0.042938, 0.017399, -0.070404, 0.049570, -0.004734, 0.029467, 0.111537, 0.027113, 0.005774, -0.028709, -0.025153, 0.016043, 0.011517, -0.028029, 0.057255, -0.010120, -0.005850, 0.037233, 0.100088, -0.008583, -0.074994, -0.020872, 0.089369, 0.033434, -0.021381, -0.015868, -0.007525, 0.099120, -0.021482, -0.017570, -0.031843, 0.060002, 0.062206, -0.029058, 0.006216, 0.012473, -0.005987, -0.107494, 0.026428, 0.084463, -0.077347, -0.088905, 0.035602]

=== CHUNK hdfc_large_cap_direct_growth::0::5 ===
source_url: https://groww.in/mutual-funds/hdfc-large-cap-fund-direct-growth
scheme: HDFC Large Cap Fund - Direct Growth
category: large_cap
plan_variant: direct_growth
section: Scheme facts (as published on the scheme page)
fact_type: benchmark
authority: scheme_facts
is_atomic: true
char_len: 24
source_fetched_at: 2026-09-28T13:12:27+00:00
content_hash: 5c117494f665459a297c27214337419734c7566eb91a0f5ec410e04835ea8364
---
Benchmark: NIFTY 100 TRI

embedding_dim: 384
embedding: [-0.112542, 0.001957, -0.073675, -0.069145, -0.021717, -0.041493, 0.038666, 0.023923, -0.083519, -0.036587, 0.028466, -0.122279, -0.035292, 0.034636, -0.027481, -0.040773, 0.063075, 0.044043, -0.029808, -0.109985, -0.050943, -0.016924, 0.027028, -0.028044, 0.010041, 0.007841, -0.023194, -0.044822, 0.013826, -0.082099, 0.039234, 0.090215, -0.031674, -0.008796, -0.055869, -0.066609, 0.006446, -0.050321, -0.006521, 0.050757, -0.041273, 0.005699, 0.073880, 0.015291, 0.118938, 0.005469, -0.022097, 0.040036, 0.050455, -0.010935, -0.067914, 0.012065, -0.006658, 0.029120, -0.038254, 0.013108, 0.032016, -0.081782, 0.027177, -0.043624, 0.081666, -0.050978, -0.038896, -0.016257, 0.080881, 0.013046, 0.049178, -0.110914, -0.009923, 0.010575, 0.016523, 0.071957, -0.048585, 0.023969, 0.006259, 0.031356, 0.015829, 0.003802, -0.042754, -0.125469, 0.029926, -0.033989, 0.052475, -0.005700, 0.072530, -0.034589, -0.052892, 0.106771, -0.037993, -0.051944, 0.007899, 0.058378, -0.003131, 0.014877, -0.043234, 0.081085, 0.018576, -0.039996, -0.066882, 0.059601, 0.049733, 0.010887, -0.032352, 0.039355, -0.046654, 0.041726, 0.111136, 0.086811, 0.047760, 0.032319, 0.055467, 0.004938, 0.015868, -0.054656, 0.023844, -0.005375, -0.023761, 0.066521, 0.080184, 0.025087, -0.023413, -0.018415, -0.021482, 0.084401, -0.004181, 0.056495, -0.000543, 0.000000, -0.021875, 0.128513, 0.006595, -0.017829, -0.049142, -0.066416, -0.040811, -0.019287, -0.084683, 0.011807, -0.083597, 0.058282, -0.067301, 0.012305, -0.003758, -0.059591, 0.030295, 0.031199, -0.082997, 0.055538, 0.028181, -0.000475, -0.040265, -0.044684, 0.036921, 0.124089, -0.030699, -0.042194, -0.006063, 0.042457, 0.000284, -0.068509, 0.032700, 0.058389, 0.054162, -0.045257, -0.037700, -0.015725, -0.009992, 0.004870, -0.082393, 0.061752, 0.016507, -0.067148, -0.001835, -0.005570, -0.019296, 0.059892, 0.025833, -0.014200, -0.036946, 0.050181, -0.155047, 0.038663, -0.014660, -0.025705, 0.037210, 0.024255, 0.024879, 0.078958, 0.038609, 0.037299, -0.067666, -0.018454, -0.067263, -0.026936, -0.082767, -0.039449, 0.054031, 0.094695, -0.085642, 0.015119, 0.095513, -0.039976, 0.161158, -0.044520, 0.050978, -0.068585, -0.039145, -0.010497, -0.080281, 0.032756, 0.027997, -0.045951, -0.007875, -0.087005, -0.021313, -0.036269, -0.051470, -0.011041, -0.041930, 0.022180, 0.038751, -0.045110, -0.037119, -0.000000, -0.003647, 0.046716, -0.045918, 0.085483, 0.017023, 0.005408, -0.003401, 0.020382, 0.051637, -0.006779, 0.106193, -0.016493, 0.030712, -0.010012, 0.056660, 0.036657, 0.009052, -0.069053, 0.009367, -0.004227, 0.001574, 0.020351, -0.042452, 0.017102, -0.064130, 0.064332, -0.061222, -0.042861, 0.014656, -0.066690, -0.080620, 0.000859, -0.039953, 0.012661, -0.035329, 0.017004, 0.071079, 0.082149, -0.024366, 0.015209, 0.039022, 0.049406, -0.026748, 0.018298, -0.021429, 0.031323, -0.055533, 0.041075, -0.042153, 0.064818, 0.016533, -0.005522, -0.022637, 0.044355, 0.045283, -0.021903, -0.068527, 0.005426, -0.013848, 0.023047, -0.053966, 0.008057, -0.064070, 0.095815, 0.048273, 0.033655, -0.024001, 0.020788, -0.015799, 0.056868, -0.046318, 0.055109, 0.006248, 0.005763, -0.141549, -0.032048, 0.051402, -0.024248, 0.051141, 0.003072, -0.030122, 0.042241, -0.045288, 0.028883, 0.042618, 0.106272, 0.019695, 0.019215, 0.063719, -0.001143, 0.021567, 0.071040, -0.001489, -0.070435, 0.022210, -0.000000, -0.031199, 0.052858, -0.037927, -0.007073, 0.021836, 0.032285, 0.007915, 0.053042, -0.055387, -0.058485, 0.114847, -0.035759, -0.056968, 0.043265, 0.039594, 0.014378, -0.009222, 0.002601, 0.022822, 0.016594, 0.046569, 0.106166, 0.033959, -0.059132, -0.130347, 0.006981, 0.047877, -0.033947, 0.075380, -0.049236, -0.042676, 0.012197, -0.006262, -0.039853, 0.033364, 0.015153, -0.002213, 0.114827, 0.020297, -0.009607, -0.018278, 0.108905, -0.078534, -0.014044, 0.094916, -0.035182, -0.003551, -0.097070, 0.039882, -0.036713, -0.032090, -0.020338, -0.049552, 0.045505, 0.042001, 0.081465, -0.004796, -0.078698, -0.049992, 0.089991, 0.062347, -0.045194, -0.060284, 0.019778]

=== CHUNK hdfc_large_cap_direct_growth::0::6 ===
source_url: https://groww.in/mutual-funds/hdfc-large-cap-fund-direct-growth
scheme: HDFC Large Cap Fund - Direct Growth
category: large_cap
plan_variant: direct_growth
section: Scheme facts (as published on the scheme page)
fact_type: benchmark
authority: scheme_facts
is_atomic: true
char_len: 45
source_fetched_at: 2026-09-28T13:12:27+00:00
content_hash: 5c117494f665459a297c27214337419734c7566eb91a0f5ec410e04835ea8364
---
Benchmark index: NIFTY 100 Total Return Index

embedding_dim: 384
embedding: [-0.009359, -0.023562, -0.008907, 0.048460, 0.009457, -0.024656, 0.040250, 0.027430, -0.007215, -0.013327, -0.077169, -0.029890, -0.037090, 0.015008, -0.129815, -0.051594, 0.075124, 0.033782, 0.022801, -0.056017, -0.025237, 0.013867, 0.060943, -0.093170, 0.023156, -0.011809, -0.087956, -0.004092, -0.000065, -0.074884, -0.013148, 0.048780, -0.019809, 0.020282, -0.096859, -0.057464, 0.003669, -0.075755, 0.051164, 0.026894, 0.007874, 0.054313, 0.027952, 0.047521, 0.129662, -0.011213, -0.024521, -0.007947, 0.061549, 0.005460, -0.111280, 0.097294, -0.000364, 0.017485, -0.002672, 0.035205, -0.062257, -0.122481, 0.020902, -0.046138, 0.131408, -0.040253, -0.025681, -0.051046, 0.085336, -0.031730, 0.029867, -0.097741, -0.010289, -0.017486, 0.059543, 0.036018, -0.048400, 0.020752, 0.003690, 0.070922, 0.001948, 0.000885, 0.017781, -0.015022, 0.029169, -0.015264, 0.054154, -0.047292, 0.052012, -0.066652, 0.074025, 0.047194, 0.041901, -0.036432, 0.031828, 0.019897, -0.039930, 0.022769, 0.036699, 0.052319, -0.003053, 0.012692, -0.027388, 0.055142, 0.030347, -0.001764, -0.027504, -0.013208, -0.065132, -0.004746, 0.077652, 0.020099, -0.036358, -0.036126, 0.021681, 0.042569, -0.013452, -0.007645, 0.001789, -0.036310, -0.034764, 0.033633, 0.080692, 0.050514, 0.076317, 0.059438, 0.032238, 0.076212, 0.008031, 0.094764, -0.000862, 0.000000, -0.019582, 0.021016, 0.039786, -0.113811, -0.043309, -0.044354, 0.013342, -0.005847, -0.036352, -0.018415, -0.079487, 0.096775, -0.046403, -0.018141, -0.001708, -0.003779, 0.029163, 0.116867, -0.035615, 0.020182, 0.026800, -0.013739, 0.044443, -0.080853, -0.000429, -0.003395, -0.067229, -0.043156, -0.020956, 0.025463, 0.049759, -0.009580, 0.048014, -0.056440, 0.030117, -0.005306, 0.015917, 0.064971, -0.021292, -0.008175, -0.104345, 0.056955, -0.049094, -0.067577, -0.075448, -0.012078, -0.015286, -0.002692, 0.009352, 0.027127, -0.084926, -0.007604, -0.090033, 0.015783, -0.016090, -0.028657, 0.057047, 0.080754, 0.011705, 0.076204, -0.042022, 0.012986, -0.067827, 0.006558, -0.086825, -0.022156, 0.015236, 0.062611, 0.056247, 0.116744, 0.005672, 0.017835, 0.081286, -0.081540, 0.092723, -0.041503, 0.032932, -0.064046, -0.049121, -0.085542, -0.013029, 0.043077, -0.011880, -0.077894, 0.080169, 0.005336, -0.054510, -0.009855, -0.023983, -0.068855, -0.032344, 0.021824, 0.005817, -0.097723, -0.029166, -0.000000, 0.022230, -0.030239, -0.011459, 0.066277, -0.000099, -0.002005, -0.012922, 0.050227, -0.001952, 0.085184, 0.062047, -0.069004, 0.051154, 0.030739, 0.007052, 0.015712, -0.026962, -0.056231, 0.032619, -0.060390, -0.030143, 0.075260, 0.000496, 0.035374, -0.098495, 0.066690, -0.055390, 0.035132, -0.035950, -0.127273, -0.013451, -0.041676, -0.027019, -0.002388, 0.021449, 0.045418, 0.037107, -0.031815, -0.005478, 0.072787, 0.062104, 0.036854, 0.034767, -0.027296, 0.046749, -0.014741, -0.084921, 0.026849, 0.049650, -0.013066, -0.000977, 0.054772, -0.053217, 0.051339, -0.016636, -0.026174, -0.097400, -0.002482, -0.019937, 0.030018, -0.029695, 0.019125, -0.082729, 0.100303, 0.028016, -0.018214, -0.001511, -0.088274, -0.008472, -0.003252, -0.041330, -0.008826, 0.060790, 0.027681, -0.058283, 0.073760, 0.054362, 0.010409, 0.065620, 0.071983, -0.028800, 0.057121, -0.006817, -0.025426, 0.007480, 0.074058, 0.037135, 0.027421, -0.026829, 0.057978, 0.048495, -0.042580, -0.015171, -0.010649, 0.087841, -0.000000, -0.006874, -0.020682, 0.007847, 0.040394, -0.028323, -0.005459, -0.010448, 0.075990, -0.058516, -0.076471, 0.142765, -0.092688, -0.117676, 0.096226, 0.015745, -0.039618, -0.071083, 0.003032, -0.004046, -0.035656, -0.004139, 0.113770, 0.099826, -0.080736, -0.044722, 0.043339, 0.032991, -0.000258, 0.012542, -0.053335, 0.008927, 0.012901, 0.008396, -0.026683, 0.009111, 0.005924, 0.008537, 0.057632, 0.006221, 0.008162, -0.000715, 0.013348, 0.023037, -0.018854, 0.040560, -0.021992, -0.069092, 0.004301, 0.056267, -0.122273, -0.011021, -0.124354, -0.079680, 0.028848, 0.007660, 0.079967, -0.056891, -0.042565, -0.046784, 0.046689, 0.105876, -0.090112, -0.078944, 0.009676]

=== CHUNK hdfc_large_cap_direct_growth::0::7 ===
source_url: https://groww.in/mutual-funds/hdfc-large-cap-fund-direct-growth
scheme: HDFC Large Cap Fund - Direct Growth
category: large_cap
plan_variant: direct_growth
section: Scheme facts (as published on the scheme page)
fact_type: expense_ratio
authority: scheme_facts
is_atomic: true
char_len: 82
source_fetched_at: 2026-09-28T13:12:27+00:00
content_hash: 5c117494f665459a297c27214337419734c7566eb91a0f5ec410e04835ea8364
---
Expense ratio (base, from scheme data): base expense ratio 0.84%, as on 2026-09-24

embedding_dim: 384
embedding: [0.081346, 0.020495, -0.042420, 0.047661, 0.067763, -0.037303, -0.045524, 0.079182, -0.009410, -0.007335, -0.009810, -0.079176, -0.036943, 0.005005, -0.051984, 0.002910, -0.041111, -0.052513, 0.011097, 0.071301, 0.051648, 0.009631, 0.015005, 0.023462, 0.133095, -0.021898, 0.040256, 0.070483, -0.017513, -0.005849, -0.013863, 0.084556, 0.038430, 0.007490, -0.026880, -0.071591, 0.003477, -0.010219, 0.043929, 0.029051, -0.051192, -0.003455, -0.016383, 0.012421, 0.011699, 0.028829, -0.062279, 0.073564, 0.008613, 0.148140, 0.029403, 0.025621, -0.013442, 0.019801, 0.037893, 0.033262, -0.073269, -0.039688, -0.003590, -0.014102, -0.029002, -0.001451, 0.008522, 0.019012, 0.036960, -0.009630, 0.022978, 0.003030, -0.072057, -0.012313, -0.046267, -0.029673, -0.069606, -0.062491, -0.011567, 0.068187, 0.073088, 0.024193, 0.039514, -0.069358, 0.038956, 0.036152, 0.019209, -0.000510, 0.030900, -0.078292, 0.125202, 0.019631, 0.023775, 0.000889, 0.087358, -0.002837, -0.068539, -0.008562, -0.002214, 0.019870, -0.045532, 0.009060, 0.019805, -0.009714, 0.002254, 0.036333, -0.001748, -0.010911, -0.079688, 0.037606, 0.063956, 0.081717, 0.029732, -0.035674, -0.055557, -0.001978, -0.118950, -0.012214, -0.030934, 0.010611, -0.051930, -0.015207, 0.008603, 0.022435, 0.109803, 0.093257, 0.000001, 0.070433, -0.126956, -0.112172, -0.086742, -0.000000, -0.030494, 0.038856, 0.046189, -0.074963, -0.088102, 0.015153, -0.057000, 0.060324, -0.043876, 0.054610, -0.045852, 0.016389, -0.002766, -0.068395, 0.083161, -0.086369, -0.019980, 0.124779, 0.050033, -0.012005, 0.025517, 0.043296, -0.017569, -0.025163, 0.052829, 0.011171, 0.000514, -0.002350, -0.003264, 0.002170, 0.000473, 0.012574, 0.070672, -0.099102, 0.012101, 0.023161, 0.044492, 0.050728, 0.006995, 0.004563, -0.006574, 0.022247, 0.033619, -0.037649, -0.015144, -0.036182, 0.084466, -0.000107, 0.096719, 0.026964, -0.115161, -0.033019, -0.062873, -0.014318, 0.007787, -0.062269, -0.058776, -0.014794, -0.023954, 0.003457, -0.002059, -0.015119, -0.049737, -0.099256, -0.098478, -0.001459, 0.014758, -0.063707, -0.003696, 0.067038, -0.033208, 0.048850, 0.019903, 0.110430, -0.060493, 0.007033, 0.022577, 0.016105, -0.013084, 0.058731, -0.072699, 0.028714, 0.039498, -0.061043, -0.026614, 0.005566, 0.094501, 0.043992, -0.027676, 0.025726, 0.059953, -0.044359, -0.033215, -0.018250, 0.029311, -0.000000, -0.001391, 0.143518, 0.000134, -0.000018, -0.051134, 0.012652, 0.120485, 0.042296, 0.000448, 0.031532, -0.010003, 0.042325, -0.034622, -0.055819, 0.042719, -0.087353, -0.023598, -0.042127, -0.022024, -0.050933, -0.023616, 0.109201, -0.029179, -0.011771, -0.036721, 0.045995, -0.052129, 0.019786, 0.008193, -0.015352, -0.069994, -0.086454, -0.003969, 0.034297, 0.004451, -0.022250, -0.117582, -0.001804, 0.035177, -0.019505, 0.058656, 0.024956, -0.036375, -0.019790, 0.060535, -0.043546, 0.059138, -0.011256, 0.122304, -0.078009, 0.054867, 0.026246, -0.056523, 0.001276, -0.020765, 0.063965, 0.015745, -0.024265, -0.056568, -0.046453, 0.091547, 0.053201, 0.032564, -0.028968, -0.015451, -0.043884, 0.020516, -0.011339, 0.048141, 0.014330, 0.008749, -0.006297, -0.008064, 0.058926, 0.010878, -0.034287, -0.034915, 0.034289, 0.050452, 0.010131, -0.043193, 0.031013, 0.027581, -0.023441, -0.025022, -0.069335, 0.026784, -0.012657, -0.080139, 0.088214, -0.129745, -0.051591, 0.008097, 0.069701, 0.014262, -0.000000, 0.050737, -0.046015, 0.032382, 0.019847, 0.028352, -0.072431, 0.032953, 0.013139, -0.040950, 0.077280, -0.012723, 0.010741, -0.076762, -0.021426, -0.038212, -0.015450, -0.076143, 0.030856, -0.010286, -0.108519, -0.021714, 0.069493, -0.079560, -0.065785, -0.032566, 0.051375, -0.030707, 0.167936, 0.003580, -0.041698, 0.035093, -0.036385, -0.027333, -0.056942, -0.030983, 0.038762, -0.010158, 0.067240, 0.041101, 0.040152, 0.028442, -0.100525, -0.022271, 0.015341, 0.029362, -0.065834, -0.092500, -0.000734, -0.007508, -0.077243, 0.088596, 0.041209, -0.093690, 0.055225, -0.001898, -0.031112, -0.037291, -0.031607, -0.132839, -0.011484, 0.052828, -0.077747, -0.033220, 0.002270]

=== CHUNK hdfc_large_cap_direct_growth::0::8 ===
source_url: https://groww.in/mutual-funds/hdfc-large-cap-fund-direct-growth
scheme: HDFC Large Cap Fund - Direct Growth
category: large_cap
plan_variant: direct_growth
section: Scheme facts (as published on the scheme page)
fact_type: exit_load
authority: scheme_facts
is_atomic: true
char_len: 217
source_fetched_at: 2026-09-28T13:12:27+00:00
content_hash: 5c117494f665459a297c27214337419734c7566eb91a0f5ec410e04835ea8364
---
Exit load note1: Exit load of 1% if redeemed within 1 year (as on 2015-05-08)
Exit load note2: Exit load of 1% if redeemed within 18 months (as on 2015-02-16)
Exit load note3: Exit load of 1% if redeemed within 1 year

embedding_dim: 384
embedding: [-0.047883, 0.060449, -0.016801, -0.022222, -0.013155, 0.022867, 0.019596, 0.035290, 0.035670, 0.019827, 0.056982, -0.039401, -0.039685, -0.031391, 0.026829, 0.064759, -0.072758, -0.049154, -0.008389, -0.030028, 0.052493, -0.054154, -0.095747, -0.008262, 0.023134, 0.046111, -0.055907, 0.005887, -0.001211, 0.016679, 0.047527, 0.009978, 0.014782, -0.052935, 0.063840, 0.002280, -0.135822, -0.041750, 0.010405, -0.008997, -0.058553, -0.010841, -0.025772, 0.021085, 0.033246, -0.004637, -0.109481, 0.084275, -0.001533, 0.122224, 0.066636, 0.008461, -0.028377, 0.089085, -0.046227, 0.002055, 0.054712, 0.018440, -0.029594, -0.007460, 0.037958, 0.005894, -0.061700, -0.040433, -0.018391, 0.043967, 0.039576, -0.055884, 0.007079, 0.019862, -0.081088, -0.113487, -0.069382, -0.035500, -0.000118, 0.008293, 0.084786, -0.012540, -0.038119, -0.107809, -0.032800, 0.019454, 0.037110, -0.023968, 0.000713, -0.009607, -0.018110, 0.009897, 0.086832, 0.012276, 0.034833, 0.146780, 0.051169, 0.029565, 0.027510, 0.003835, -0.086893, -0.009561, 0.040398, 0.033592, 0.014855, 0.002641, 0.019926, -0.004125, 0.043585, -0.068138, -0.010172, -0.021340, 0.021372, -0.035215, 0.014400, -0.012456, 0.149157, -0.035744, 0.048045, 0.022014, -0.041962, 0.117517, 0.046484, 0.043054, 0.120613, 0.038547, -0.050365, -0.042787, -0.060933, -0.025945, 0.066661, 0.000000, -0.023528, -0.110055, -0.061507, 0.004921, -0.039679, -0.021818, 0.031596, 0.071847, -0.048725, -0.007499, 0.004844, -0.051165, -0.045347, -0.034733, 0.022364, -0.010920, 0.040532, -0.005496, 0.126759, 0.006755, 0.041731, -0.165197, 0.026961, 0.001599, 0.103780, 0.048491, -0.004922, -0.060296, -0.037171, -0.031105, 0.061060, -0.022155, -0.002365, -0.090724, 0.040171, 0.029598, 0.045553, 0.007193, 0.031963, -0.051894, -0.019183, 0.047596, 0.033270, 0.025925, -0.001447, -0.127873, 0.036768, 0.004578, 0.055207, 0.079767, -0.020282, -0.063880, -0.022625, 0.024117, -0.048418, -0.022179, -0.091429, -0.023653, -0.035693, -0.037742, 0.034409, -0.050112, -0.034938, -0.019723, -0.118738, -0.019694, 0.009214, -0.051973, -0.119816, 0.048588, -0.043733, -0.049378, 0.076167, -0.076731, -0.006427, -0.027762, 0.057435, 0.064494, 0.052107, -0.007025, -0.001620, 0.012057, -0.016583, 0.018711, 0.016896, 0.051656, 0.095097, -0.174160, -0.046916, 0.010906, -0.037523, -0.047986, 0.004159, 0.012755, 0.048307, -0.000000, -0.029312, 0.046217, -0.062005, -0.018329, -0.027539, 0.039777, 0.020047, 0.088789, 0.004814, 0.077531, 0.056406, 0.022022, 0.028879, 0.047952, -0.015160, 0.033628, -0.004629, 0.004043, -0.030976, 0.034179, 0.006674, -0.004490, -0.032623, 0.051349, 0.005404, -0.020199, -0.070827, -0.027914, -0.079353, -0.064782, -0.015269, -0.065593, -0.015267, 0.056871, -0.013890, -0.004947, 0.045311, -0.018194, -0.009732, 0.113264, 0.102949, 0.003211, -0.017897, 0.011373, -0.025414, 0.030785, 0.043954, 0.037337, -0.027710, -0.060505, 0.000243, -0.026109, 0.022599, 0.052958, -0.056790, 0.046828, 0.096401, -0.026396, -0.065888, -0.041527, -0.018927, -0.007465, 0.085494, -0.013884, -0.006731, -0.086789, 0.037035, 0.048007, 0.008652, 0.047761, 0.021225, 0.039669, 0.038517, -0.079274, -0.029550, 0.006440, -0.063611, -0.100927, -0.035631, -0.023722, 0.001421, 0.044761, -0.035369, 0.099315, -0.066806, -0.009939, 0.029025, -0.019885, -0.026778, 0.070473, -0.016507, -0.013998, 0.068379, 0.001792, -0.008632, -0.000000, 0.014737, 0.003624, 0.093897, -0.065200, 0.087626, 0.037262, 0.034134, 0.013890, -0.029211, -0.006433, 0.114833, 0.004657, -0.081263, -0.079945, -0.091012, 0.053041, -0.004975, 0.016611, 0.029198, -0.032994, -0.042424, 0.032558, -0.018827, -0.041760, -0.028377, -0.035341, 0.084650, 0.102557, 0.008312, -0.048722, 0.013733, 0.041320, 0.061763, -0.071701, -0.074431, 0.057514, 0.026776, 0.009918, 0.002555, 0.064177, 0.009667, 0.092787, -0.028484, 0.002328, -0.033769, -0.031192, -0.052629, -0.013071, 0.036977, -0.066471, -0.019097, -0.063528, -0.056365, 0.075379, 0.015983, -0.069703, -0.024024, 0.066911, -0.057849, 0.055321, 0.020723, 0.027267, -0.029224, -0.051294]

=== CHUNK hdfc_large_cap_direct_growth::0::9 ===
source_url: https://groww.in/mutual-funds/hdfc-large-cap-fund-direct-growth
scheme: HDFC Large Cap Fund - Direct Growth
category: large_cap
plan_variant: direct_growth
section: Scheme facts (as published on the scheme page)
fact_type: general
authority: scheme_facts
is_atomic: true
char_len: 295
source_fetched_at: 2026-09-28T13:12:27+00:00
content_hash: 5c117494f665459a297c27214337419734c7566eb91a0f5ec410e04835ea8364
---
Scheme name: HDFC Large Cap Fund Direct Growth
Fund name: HDFC Large Cap Fund
Plan: Direct
Option: Growth
Asset management company: HDFC
Fund house: HDFC Mutual Fund
Stamp duty: 0.005% (from July 1st, 2020)
ISIN: INF179K01YV8
(as on 2013-01-01)
RTA and custodian: RTA: Cams; Custodian: HDFC Bank

embedding_dim: 384
embedding: [0.026832, -0.041833, -0.092983, 0.004885, 0.082132, 0.010375, 0.071534, 0.015986, -0.040705, -0.002717, 0.004398, -0.099055, -0.113634, -0.026974, -0.059301, -0.046849, -0.052644, -0.069427, 0.040750, -0.027373, -0.017103, -0.012930, -0.025817, 0.026045, 0.044829, -0.030751, -0.007405, 0.051903, -0.061310, -0.046103, 0.022533, 0.073616, 0.031857, -0.049830, 0.037859, 0.081015, -0.083002, -0.019506, 0.024574, -0.058082, 0.013914, -0.050539, -0.002908, -0.018777, 0.065820, 0.004091, -0.014981, 0.062099, 0.027991, 0.038547, -0.028982, -0.009227, 0.003175, 0.018312, 0.025395, 0.099876, -0.030257, -0.038016, 0.050956, 0.006817, -0.082525, -0.034968, 0.062112, -0.033908, -0.002965, 0.011447, -0.000269, 0.019157, 0.031592, -0.064665, -0.028977, -0.019992, -0.068109, -0.036115, -0.020287, 0.031562, 0.013728, 0.057338, 0.065785, -0.118311, -0.046644, 0.047555, 0.075417, 0.023101, -0.022904, 0.016072, 0.002345, -0.055896, 0.016364, -0.015807, 0.035245, 0.031861, 0.014048, 0.044448, -0.092981, -0.039497, -0.058682, -0.084145, -0.029743, -0.002879, 0.013809, -0.007590, -0.051250, -0.038673, -0.053970, -0.006361, 0.004491, 0.074186, 0.086696, -0.038981, -0.043652, 0.060692, -0.011966, -0.011325, -0.029841, 0.007662, -0.120136, -0.108613, 0.036306, -0.033629, 0.058298, -0.019268, -0.048679, -0.092704, -0.098567, -0.035542, -0.002584, 0.000000, -0.028205, 0.061760, 0.049832, -0.039738, -0.015984, -0.058197, 0.039605, 0.024402, -0.039134, 0.052243, -0.018985, -0.000570, -0.009244, -0.028732, -0.091719, -0.132649, 0.047878, 0.141822, -0.006357, 0.049826, 0.037436, 0.133374, 0.013288, -0.078611, 0.111154, 0.023487, -0.000869, -0.010832, 0.065066, 0.059751, 0.038873, -0.066027, -0.023010, -0.072444, -0.000371, -0.022509, -0.006837, -0.096775, -0.073226, 0.036484, 0.057944, 0.074416, 0.020924, -0.007646, -0.025054, 0.039035, 0.116701, 0.054895, 0.050496, 0.041529, -0.090506, -0.079553, -0.031810, -0.031728, 0.048448, 0.000093, -0.067849, 0.041696, 0.028132, -0.021206, -0.000984, -0.052942, -0.150649, 0.003390, -0.077727, 0.012990, 0.036676, -0.043464, 0.018254, -0.032592, 0.004802, 0.043727, 0.052632, 0.080126, 0.015215, -0.067429, -0.018128, 0.127353, -0.006495, 0.079632, -0.042572, 0.060786, -0.002116, 0.010056, 0.042153, 0.033418, 0.064318, -0.001425, -0.040419, -0.075176, -0.066319, -0.011082, 0.078531, 0.011606, -0.014844, -0.000000, 0.015850, 0.003861, 0.001464, -0.017705, 0.039337, 0.022359, 0.022126, 0.034059, 0.066254, 0.028602, 0.097678, 0.008316, -0.021879, -0.076711, 0.003299, -0.100102, 0.033843, -0.038226, -0.060017, -0.024923, 0.002495, -0.046106, 0.007225, 0.096035, -0.003480, 0.027529, -0.006953, 0.055136, 0.018460, 0.040684, -0.031337, -0.002607, -0.099282, 0.075884, 0.005640, -0.088777, 0.029969, 0.001965, -0.025730, 0.060200, 0.030817, -0.015483, 0.068724, 0.038826, -0.083914, -0.016552, -0.012463, 0.009327, 0.079776, 0.016521, -0.022598, -0.052040, -0.008574, -0.019974, -0.029182, 0.050124, 0.075490, 0.048623, 0.003925, -0.015752, 0.096053, 0.030820, 0.017659, 0.135604, 0.019385, 0.013157, -0.071332, -0.090554, 0.029024, -0.059762, 0.050051, -0.051376, 0.050335, 0.066962, -0.021890, -0.019447, 0.040924, -0.030305, 0.063370, 0.060527, 0.105434, 0.015170, -0.042131, 0.085605, -0.027474, -0.054617, 0.033175, -0.030299, -0.015067, 0.011301, -0.058130, -0.075062, 0.024917, 0.078433, 0.003287, -0.000000, 0.011904, -0.026847, 0.048791, -0.039835, 0.024850, -0.052831, 0.009731, -0.008714, 0.003212, -0.010182, 0.028200, 0.082199, -0.033820, -0.092751, -0.016245, -0.054281, -0.036147, 0.068735, -0.008569, 0.020486, 0.013068, 0.020568, -0.012093, -0.032572, 0.031257, -0.025736, 0.049891, 0.046622, 0.009898, 0.013477, 0.033078, -0.002604, 0.037663, 0.012769, -0.009783, 0.108314, -0.043506, 0.058831, 0.047379, 0.052001, -0.006953, -0.067789, 0.046111, -0.057002, -0.074670, -0.011653, -0.043802, 0.005101, 0.037974, -0.134372, -0.063461, -0.026366, -0.021420, -0.006239, -0.050416, 0.064869, -0.026747, -0.025473, -0.020329, -0.035326, 0.084031, -0.058332, -0.017344, 0.090909]

=== CHUNK hdfc_large_cap_direct_growth::1::0 ===
source_url: https://groww.in/mutual-funds/hdfc-large-cap-fund-direct-growth
scheme: HDFC Large Cap Fund - Direct Growth
category: large_cap
plan_variant: direct_growth
section: HDFC Large Cap Fund Direct Growth
fact_type: expense_ratio
authority: page_text
is_atomic: true
char_len: 142
source_fetched_at: 2026-09-28T13:12:27+00:00
content_hash: 5c117494f665459a297c27214337419734c7566eb91a0f5ec410e04835ea8364
---
HDFC Large Cap Fund Direct Growth
Equity
Large Cap
Very High Risk Min. for SIP
₹100
Fund size (AUM)
₹39,933.37 Cr
Expense ratio
1.03%
Rating
4

embedding_dim: 384
embedding: [0.102932, -0.046666, -0.102161, 0.028501, 0.102942, 0.016933, 0.039522, 0.087322, -0.034404, 0.047581, 0.010437, -0.101224, -0.103544, 0.012152, -0.059685, -0.054185, -0.052577, -0.086069, 0.007636, 0.013439, -0.019818, -0.020487, 0.022473, 0.040821, 0.042216, -0.021676, 0.000788, 0.062418, -0.030034, -0.053188, 0.056191, 0.081205, 0.117122, -0.067998, 0.033701, 0.065538, -0.082693, -0.004233, 0.004220, -0.091590, 0.033450, 0.008007, 0.026920, -0.033822, 0.021894, -0.016866, -0.046773, 0.062486, 0.035477, 0.002690, 0.021027, 0.008080, -0.006387, -0.061997, -0.000366, 0.039355, -0.023115, -0.046703, 0.022346, 0.016320, -0.062218, 0.019583, 0.015616, -0.021650, 0.033016, 0.009605, -0.021663, 0.035459, 0.005539, 0.060422, -0.028010, -0.099054, -0.077167, -0.056503, -0.005328, 0.037418, -0.020372, 0.032235, 0.029349, 0.030051, -0.039849, 0.000045, 0.073651, 0.012730, 0.007196, 0.027516, 0.050764, -0.135860, -0.060106, -0.054074, 0.064766, 0.062668, 0.052504, 0.090329, -0.038070, -0.022629, -0.023969, -0.081029, -0.031869, 0.012015, 0.042332, 0.059040, -0.052628, -0.061321, 0.016468, -0.013999, 0.051608, 0.011894, 0.050450, -0.000199, 0.001387, 0.078180, -0.039429, -0.029296, -0.012768, -0.011893, -0.055291, -0.129250, -0.003132, 0.016335, -0.020222, 0.011192, -0.011249, -0.087699, -0.041946, -0.056882, -0.012352, 0.000000, -0.011222, 0.027764, -0.045838, -0.060903, -0.015746, -0.025769, 0.080607, -0.008798, -0.026757, 0.003065, 0.020885, 0.008328, -0.013873, -0.030434, -0.040674, -0.105904, 0.019537, 0.109881, -0.019540, -0.033481, -0.050479, 0.043698, 0.048064, -0.099835, 0.127313, 0.003469, 0.004853, -0.031177, 0.102464, 0.067100, -0.022401, 0.017433, -0.051547, -0.056350, -0.094818, 0.014655, -0.035280, -0.037860, -0.061197, 0.003265, 0.000149, 0.069146, 0.040163, -0.028953, -0.027077, 0.032895, 0.077906, 0.042904, -0.058579, 0.038271, -0.102590, -0.090594, -0.038694, 0.050876, 0.061564, -0.022555, -0.032031, 0.003884, -0.001844, 0.027427, 0.006770, -0.052556, -0.143884, 0.054155, -0.031384, 0.093631, 0.032901, -0.044021, 0.015253, -0.039046, 0.038319, -0.016409, 0.063467, 0.054448, -0.020637, -0.027659, 0.027220, 0.131858, -0.001813, 0.053018, -0.000953, 0.069389, 0.048950, -0.021652, 0.047808, -0.024527, 0.025578, 0.033914, -0.053899, -0.002088, 0.019896, -0.040119, 0.128572, -0.008784, -0.052222, -0.000000, -0.002993, -0.028545, 0.004509, 0.028257, -0.004001, 0.031539, 0.008253, 0.029927, 0.030866, -0.007764, 0.029087, 0.044133, 0.035913, -0.052848, -0.049665, -0.056710, 0.035729, -0.005674, 0.007638, -0.042790, 0.048047, 0.011432, 0.055362, 0.084503, -0.039832, 0.027035, -0.055010, -0.004558, -0.052532, 0.032697, -0.022491, 0.034650, -0.076857, 0.102052, -0.047251, -0.080314, 0.007961, 0.026127, -0.001055, 0.052419, 0.009888, -0.006937, 0.013623, -0.157448, 0.024874, -0.062137, 0.022896, -0.032211, 0.069681, -0.010511, -0.029630, -0.090118, 0.074208, 0.065559, -0.086252, 0.048018, 0.082446, 0.011824, -0.005455, -0.028797, 0.072688, 0.098061, -0.012622, 0.068256, 0.014032, 0.014508, -0.077091, -0.076350, 0.019872, -0.049032, 0.030309, -0.024715, 0.090535, 0.096578, -0.011975, 0.029779, -0.026665, -0.010785, 0.089045, 0.050638, 0.053283, 0.090070, -0.018578, 0.081718, -0.000770, -0.037236, 0.032231, -0.154542, -0.033558, 0.038615, -0.060505, -0.054036, 0.030047, 0.053423, 0.017085, -0.000000, 0.029992, -0.009111, 0.025265, -0.007985, -0.018030, -0.032220, -0.058790, 0.031544, 0.007193, 0.058337, 0.046743, 0.044417, -0.061147, -0.010685, -0.087670, -0.083924, -0.030264, 0.070389, -0.018835, -0.043204, 0.055007, 0.027259, 0.057061, 0.012472, 0.036361, -0.001374, 0.042854, 0.076943, -0.014014, -0.020396, 0.001257, 0.005914, -0.011315, 0.064768, -0.035630, 0.055120, -0.001887, -0.011849, -0.025244, 0.105261, 0.039316, -0.089594, 0.015581, -0.068035, -0.038178, 0.008085, -0.078049, 0.010633, 0.040558, -0.091620, 0.038289, 0.018776, -0.005930, -0.003744, -0.014209, 0.010051, -0.054480, 0.035736, -0.018379, -0.018170, 0.055482, -0.054409, -0.030226, 0.059036]

=== CHUNK hdfc_large_cap_direct_growth::2::0 ===
source_url: https://groww.in/mutual-funds/hdfc-large-cap-fund-direct-growth
scheme: HDFC Large Cap Fund - Direct Growth
category: large_cap
plan_variant: direct_growth
section: Minimum investments
fact_type: min_sip
authority: page_text
is_atomic: true
char_len: 95
source_fetched_at: 2026-09-28T13:12:27+00:00
content_hash: 5c117494f665459a297c27214337419734c7566eb91a0f5ec410e04835ea8364
---
Minimum investments
Min. for 1st investment
₹100
Min. for 2nd investment
₹100
Min. for SIP
₹100

embedding_dim: 384
embedding: [0.051274, 0.046294, -0.092354, 0.002631, -0.071447, 0.015431, 0.046206, 0.109477, -0.001120, 0.005944, 0.020687, -0.082094, -0.026935, 0.044414, -0.000246, -0.055469, -0.018081, -0.086410, -0.018375, -0.010190, 0.082598, -0.054397, -0.014987, -0.046661, 0.086270, 0.012086, 0.041993, 0.068080, 0.038712, 0.012984, 0.076722, 0.070938, 0.078622, -0.046316, 0.005632, 0.009935, -0.018650, 0.019833, 0.037962, -0.073937, -0.044374, -0.049560, 0.019444, -0.058981, -0.001474, -0.028047, -0.037963, 0.105733, 0.036105, 0.013208, -0.015774, 0.023477, -0.064114, -0.031551, -0.053242, -0.038302, -0.056106, 0.013335, 0.012347, 0.026110, -0.010065, 0.008086, 0.000082, 0.057748, 0.048766, -0.025573, -0.025935, -0.004750, -0.020322, 0.058034, 0.013178, -0.077803, -0.106245, -0.091128, -0.056992, -0.017048, 0.060515, 0.071148, -0.025572, -0.033878, 0.013657, -0.018485, -0.007503, -0.002343, -0.022778, 0.010312, 0.002739, -0.001013, -0.017068, -0.058803, 0.097010, 0.105753, -0.025700, 0.058609, -0.024036, 0.003226, -0.017229, -0.026084, -0.046547, 0.037350, 0.011744, -0.056955, -0.012809, 0.023954, 0.010827, -0.054635, 0.080548, -0.063565, 0.017131, -0.008145, -0.065060, 0.099848, 0.036649, -0.047014, -0.043187, 0.074048, -0.046978, -0.028572, 0.096411, 0.053040, -0.025313, 0.040829, -0.027044, -0.061404, -0.057080, -0.057575, 0.000193, 0.000000, -0.059433, -0.008869, -0.052416, -0.012664, -0.059683, -0.000865, 0.074479, -0.030294, -0.047553, -0.088667, 0.022704, -0.071859, -0.027663, -0.003737, 0.013788, -0.067373, 0.053456, 0.088631, 0.052151, -0.043426, -0.027344, -0.080015, 0.041805, -0.022139, 0.103285, -0.010279, 0.041683, -0.114609, 0.074635, 0.042701, 0.094559, 0.022585, -0.105793, -0.018419, -0.055189, 0.075044, 0.051874, -0.004477, -0.040283, -0.011657, -0.062306, 0.050614, -0.021156, -0.063383, 0.010825, 0.054635, 0.049039, 0.101590, -0.033752, 0.015235, -0.084079, -0.012389, -0.084133, 0.006867, 0.030465, -0.033050, -0.029303, -0.083800, -0.069752, -0.005244, -0.031327, -0.082477, -0.119069, 0.017906, -0.075626, 0.077278, -0.016839, -0.019690, 0.056923, 0.049705, -0.072642, -0.047959, 0.120741, 0.007389, 0.057592, 0.051804, 0.068997, 0.059114, 0.008745, 0.083376, -0.008902, 0.060672, -0.019348, 0.007702, 0.044959, 0.012949, 0.048444, 0.007244, -0.042731, -0.002681, -0.073455, 0.000774, 0.038112, 0.059089, 0.027261, -0.000000, -0.033744, 0.026841, 0.056775, 0.060122, 0.023419, 0.031111, 0.093249, 0.032480, 0.062764, 0.067144, -0.053720, -0.001775, 0.042515, -0.069320, -0.095194, -0.041832, 0.038390, -0.025976, 0.046397, -0.018277, 0.048290, 0.068061, 0.001338, 0.036982, 0.015922, 0.048804, -0.047859, 0.017459, -0.095752, -0.046190, -0.035109, -0.028755, -0.089362, 0.031395, -0.057987, -0.032340, 0.019071, -0.044572, -0.022762, 0.102595, 0.105751, 0.029149, 0.037555, -0.063172, 0.017958, -0.075185, 0.060180, -0.044393, -0.030686, -0.109083, 0.002500, -0.031981, 0.024345, 0.033740, 0.016910, 0.031497, 0.031461, -0.020727, 0.036033, -0.013973, 0.031808, 0.065487, -0.028552, 0.097458, -0.035493, -0.018187, -0.001863, -0.010523, 0.053254, -0.109301, -0.020620, 0.022250, 0.085302, -0.017087, -0.052766, 0.025572, -0.046601, -0.047507, 0.069579, 0.028734, -0.041256, 0.113569, -0.042625, 0.024377, 0.031855, 0.003369, 0.013876, -0.083307, 0.036790, -0.025148, -0.087052, 0.051074, 0.082297, 0.053874, -0.000947, -0.000000, -0.014349, -0.062969, 0.022286, 0.011804, 0.037239, -0.025429, -0.041980, -0.007191, 0.047768, 0.024674, 0.064911, -0.016557, -0.037927, 0.021003, -0.116707, -0.067241, 0.008924, -0.017535, -0.024903, -0.061335, 0.080783, 0.029759, 0.057257, 0.037178, -0.019226, -0.032226, 0.082276, 0.013084, 0.029791, 0.033926, -0.087190, 0.042524, 0.040772, -0.001133, -0.083337, 0.011655, 0.056990, 0.047064, -0.039613, 0.032802, 0.005556, -0.146443, -0.021253, -0.059015, 0.000184, -0.011156, -0.026701, -0.002684, 0.037614, -0.083711, 0.054437, 0.011295, 0.027761, 0.011404, -0.030468, 0.037418, -0.068620, 0.042982, -0.069975, -0.034791, 0.018128, 0.008718, -0.054528, 0.009665]

=== CHUNK hdfc_large_cap_direct_growth::3::0 ===
source_url: https://groww.in/mutual-funds/hdfc-large-cap-fund-direct-growth
scheme: HDFC Large Cap Fund - Direct Growth
category: large_cap
plan_variant: direct_growth
section: Expense ratio
fact_type: expense_ratio
authority: page_text
is_atomic: true
char_len: 217
source_fetched_at: 2026-09-28T13:12:27+00:00
content_hash: 5c117494f665459a297c27214337419734c7566eb91a0f5ec410e04835ea8364
---
Expense ratio
A fee payable to a mutual fund house for managing your mutual fund investments. It is the total percentage of a company's fund assets used for administrative, management, advertising, and other expenses.

embedding_dim: 384
embedding: [0.055193, -0.068486, -0.106345, 0.042540, 0.148237, -0.007048, 0.068020, -0.014563, 0.039526, -0.009908, -0.043549, -0.021647, -0.010628, 0.070969, -0.071424, -0.096657, -0.023812, 0.041907, -0.007222, 0.058404, -0.016179, 0.029258, 0.079867, 0.056764, 0.067137, -0.037525, 0.032923, 0.006966, -0.082352, -0.005720, 0.045024, 0.003418, -0.022078, -0.069152, 0.002573, 0.056579, -0.057060, -0.016416, 0.043264, 0.014168, -0.049402, 0.053230, -0.017254, -0.014502, -0.062990, 0.066649, -0.074997, 0.023776, 0.010187, 0.091902, 0.045802, 0.047271, -0.077918, -0.011914, -0.010183, 0.015286, -0.069464, -0.042120, -0.026206, -0.054500, -0.048764, -0.068036, 0.035174, 0.027259, 0.023174, -0.000693, 0.019109, 0.089804, -0.041101, -0.041226, 0.012525, 0.000151, -0.026077, -0.083341, 0.012318, 0.077287, 0.004941, 0.068320, 0.002234, 0.001968, -0.049294, 0.043292, 0.105481, 0.019611, -0.003957, -0.014698, 0.084886, -0.059681, 0.041861, -0.010323, 0.035260, -0.008694, -0.032559, -0.064482, 0.054453, 0.041486, -0.069496, -0.011394, -0.024384, -0.027029, 0.011427, -0.066277, 0.016923, -0.044700, 0.012452, -0.021944, 0.090351, 0.024000, 0.081603, 0.024315, -0.032866, 0.054434, 0.034324, -0.020287, 0.027160, 0.002297, 0.000630, -0.031915, 0.139725, 0.034622, 0.054831, 0.012173, -0.021772, -0.059392, -0.004181, -0.062774, -0.086422, -0.000000, -0.031070, 0.018218, 0.017165, 0.025063, -0.107426, 0.038024, 0.003980, 0.044806, -0.048748, -0.080899, -0.003851, 0.068760, -0.009877, -0.028748, -0.015885, -0.109077, 0.008349, 0.163543, 0.106760, -0.047373, -0.006749, 0.070913, 0.027486, -0.022529, 0.002638, -0.046050, -0.016870, 0.013453, 0.026961, 0.002863, 0.022523, 0.053027, 0.032694, -0.045767, -0.077785, 0.027521, -0.018924, 0.078266, 0.014866, 0.020798, -0.063720, -0.021459, -0.022573, -0.086869, -0.078011, -0.024532, 0.120900, 0.025031, -0.058754, -0.047142, -0.067378, -0.085619, -0.007043, 0.019631, 0.075677, -0.041353, -0.011914, -0.042350, -0.089098, 0.020412, 0.022875, -0.006676, -0.050931, -0.026456, -0.028554, -0.073562, -0.006167, 0.055044, -0.012658, 0.037634, -0.014839, -0.015488, -0.006198, 0.111893, -0.011616, 0.012801, 0.006743, 0.006131, -0.018351, 0.095994, -0.093869, -0.015227, 0.005222, 0.061423, -0.071741, -0.018295, 0.077519, 0.061305, -0.088102, -0.025049, 0.103116, -0.064994, -0.007179, 0.003781, 0.014281, 0.000000, 0.022536, 0.010717, 0.080545, 0.031805, -0.026738, -0.005009, 0.001162, -0.013052, 0.049987, 0.035087, -0.108907, 0.006475, -0.050493, -0.079061, -0.079201, -0.085599, -0.038067, 0.009816, -0.010186, -0.012302, 0.069437, 0.010083, 0.092477, -0.061468, -0.071665, 0.017068, -0.034131, 0.028969, -0.023513, 0.071774, -0.039859, -0.086080, -0.040386, 0.032453, -0.019719, -0.051183, -0.035046, 0.028576, 0.015419, 0.028602, 0.053967, 0.014651, 0.050191, -0.049425, 0.116330, -0.090069, -0.024164, -0.063134, 0.068248, -0.033660, -0.080962, -0.054185, -0.000036, -0.011897, -0.105612, 0.038817, -0.000190, 0.076864, 0.024365, 0.049395, 0.051060, 0.081504, 0.016768, 0.070990, -0.119970, 0.034089, -0.023004, -0.041678, 0.004122, 0.065809, -0.005817, 0.026181, 0.029685, 0.076966, -0.014253, 0.023279, 0.035534, -0.024433, 0.012772, -0.015682, 0.062093, -0.011973, -0.055840, -0.016890, -0.008805, -0.041619, 0.055265, -0.028279, -0.006851, -0.029745, 0.039126, -0.107412, 0.089913, 0.091173, -0.044832, -0.000000, -0.027080, -0.055888, 0.036308, -0.046943, -0.048412, -0.026270, 0.005892, -0.024332, 0.057755, 0.076273, 0.084729, 0.018479, -0.092706, 0.041984, -0.055038, -0.051859, -0.024715, 0.029936, 0.003223, 0.005080, 0.004983, 0.025364, -0.020775, 0.016438, 0.056788, -0.055705, 0.010690, 0.042279, -0.018256, -0.082396, 0.038564, 0.029017, -0.018568, 0.006776, -0.037106, 0.063309, -0.040083, 0.059277, 0.013204, 0.119978, 0.024916, -0.038777, 0.049746, -0.033590, 0.048960, -0.001155, -0.093102, -0.020270, -0.013998, -0.111473, 0.048791, 0.070389, -0.023603, 0.036726, -0.060735, -0.019467, -0.028547, 0.023180, -0.070684, -0.001901, 0.022637, -0.011333, -0.009948, -0.024796]

=== CHUNK hdfc_large_cap_direct_growth::4::0 ===
source_url: https://groww.in/mutual-funds/hdfc-large-cap-fund-direct-growth
scheme: HDFC Large Cap Fund - Direct Growth
category: large_cap
plan_variant: direct_growth
section: Tax
fact_type: general
authority: page_text
is_atomic: true
char_len: 256
source_fetched_at: 2026-09-28T13:12:27+00:00
content_hash: 5c117494f665459a297c27214337419734c7566eb91a0f5ec410e04835ea8364
---
Tax
A percentage of your capital gains payable to the government upon exiting your mutual fund investments. Taxation is categorized as long-term capital gains (LTCG) and short-term capital gains (STCG) depending on your holding period and the type of fund.

embedding_dim: 384
embedding: [0.045199, -0.081162, -0.013279, 0.004471, 0.116711, 0.068932, 0.081745, 0.036595, 0.008286, 0.026332, 0.009733, 0.017792, -0.071654, -0.012336, -0.021195, -0.052049, -0.063911, 0.044842, 0.039504, -0.024102, 0.050077, 0.002299, -0.012816, 0.027755, 0.130319, -0.069667, -0.023953, -0.002469, 0.025471, -0.012168, -0.004616, 0.014227, -0.092816, -0.031153, -0.048707, 0.048733, 0.000357, -0.083433, 0.035614, -0.057994, 0.021101, -0.009610, 0.035923, 0.009221, -0.028802, 0.012713, 0.032053, 0.006956, -0.035477, 0.026377, 0.073100, 0.039266, -0.080390, 0.095152, -0.029045, -0.010856, -0.030142, 0.038795, 0.012561, -0.020022, -0.070887, -0.056924, 0.060927, -0.005699, -0.003603, -0.018221, -0.037392, 0.033139, 0.039086, -0.029364, -0.004904, -0.026743, -0.041153, -0.086397, -0.104109, 0.038751, 0.008711, 0.072611, 0.021438, -0.062048, 0.001091, 0.092035, 0.105061, -0.050912, 0.004637, -0.001603, 0.074211, 0.031166, 0.059218, 0.058671, 0.054957, 0.030351, -0.027153, 0.015132, -0.057909, -0.040632, -0.001215, -0.063324, -0.041893, 0.016748, 0.048149, -0.028938, -0.027925, 0.005856, 0.034956, -0.033346, -0.017475, -0.008285, 0.010256, -0.080125, -0.081063, 0.160409, -0.020334, 0.015486, -0.046855, 0.112751, -0.053729, -0.030059, 0.064011, -0.059070, -0.014549, -0.017868, -0.034672, -0.006175, -0.047827, -0.036733, 0.006545, -0.000000, -0.084370, 0.018044, 0.025386, -0.004611, -0.069170, 0.017620, 0.085923, -0.051296, -0.022453, -0.084441, 0.009084, 0.022191, -0.013218, 0.039181, 0.044221, -0.131947, -0.038653, 0.075823, 0.107557, -0.046497, 0.059152, 0.078687, 0.020880, 0.010406, 0.071401, 0.021329, -0.059026, -0.013474, -0.057196, 0.039142, 0.042337, 0.080193, 0.001410, -0.033284, -0.058756, 0.008643, -0.047557, -0.032013, 0.028286, 0.001448, -0.009357, -0.043691, 0.044513, -0.063615, -0.159480, -0.016652, 0.054344, 0.060024, -0.042346, -0.027507, 0.038758, -0.103927, -0.068899, -0.031717, 0.029733, 0.007730, -0.063791, -0.057460, -0.043398, -0.017194, 0.031192, -0.029376, -0.045296, 0.019266, -0.077619, 0.053957, -0.051840, -0.000286, 0.060347, 0.025846, -0.023528, -0.010391, 0.005078, 0.057481, 0.105543, -0.023955, -0.093149, 0.045860, 0.029423, 0.078085, 0.002352, -0.004047, -0.072683, -0.072444, 0.070044, 0.016963, 0.029422, -0.001899, -0.002329, -0.033784, 0.021535, -0.026897, 0.046760, 0.023355, -0.072620, -0.000000, 0.002078, 0.008027, 0.035985, 0.021350, -0.038968, -0.012867, 0.016429, -0.000365, -0.049327, 0.079495, 0.003026, -0.050151, -0.103705, -0.027005, -0.077452, -0.139339, -0.000360, -0.014594, -0.004262, -0.022750, 0.046023, -0.036969, 0.018462, 0.070488, -0.038363, -0.015084, -0.074717, 0.048454, -0.032364, 0.036420, 0.050619, 0.067152, -0.033891, -0.011624, 0.022263, -0.043447, 0.054389, -0.026102, 0.051826, 0.050922, 0.015269, 0.020011, 0.120968, 0.051623, 0.069296, -0.038667, -0.015829, 0.055787, 0.009795, 0.014117, -0.024787, -0.032319, -0.000747, -0.056630, -0.066056, 0.042613, -0.005426, -0.008935, -0.076502, 0.024027, 0.055877, 0.047827, -0.026926, 0.062237, -0.010963, -0.078397, -0.020503, -0.070814, 0.080906, -0.032535, 0.042076, 0.006522, -0.025458, -0.015382, 0.018198, -0.010751, 0.079488, 0.024976, 0.086965, -0.019408, 0.045376, -0.022022, 0.024382, 0.001082, -0.002887, -0.006225, 0.008897, -0.035977, 0.069852, -0.061708, -0.024624, -0.017590, 0.093702, 0.042987, 0.038477, -0.000000, -0.023804, -0.007127, 0.018624, 0.003093, -0.068602, 0.038802, -0.015255, -0.032974, 0.014928, -0.023196, 0.025641, 0.029103, -0.077427, -0.044446, -0.140949, -0.018082, -0.016697, 0.043929, 0.033624, 0.018934, 0.049995, -0.019166, -0.014333, 0.094515, 0.038215, -0.031040, 0.113681, 0.072258, 0.010584, 0.049311, 0.058191, 0.013572, -0.029077, 0.106112, -0.018851, 0.060847, 0.039816, 0.016743, 0.049945, 0.169313, 0.003775, 0.049510, 0.068371, -0.030476, -0.124892, -0.001257, -0.033496, -0.032375, -0.022393, -0.051718, 0.093938, -0.038044, -0.088969, -0.039799, -0.050522, -0.021846, -0.029294, 0.044753, -0.088481, -0.081480, -0.027408, -0.055642, 0.029454, -0.005127]

=== CHUNK hdfc_large_cap_direct_growth::5::0 ===
source_url: https://groww.in/mutual-funds/hdfc-large-cap-fund-direct-growth
scheme: HDFC Large Cap Fund - Direct Growth
category: large_cap
plan_variant: direct_growth
section: Exit load
fact_type: exit_load
authority: page_text
is_atomic: true
char_len: 159
source_fetched_at: 2026-09-28T13:12:27+00:00
content_hash: 5c117494f665459a297c27214337419734c7566eb91a0f5ec410e04835ea8364
---
Exit load
A fee payable to a mutual fund house for exiting a fund (fully or partially) before the completion of a specified period from the date of investment.

embedding_dim: 384
embedding: [0.056902, 0.010251, -0.041701, 0.051720, 0.088564, 0.010061, 0.041278, -0.014979, 0.006100, 0.052224, -0.044543, 0.012784, -0.041278, 0.019864, -0.054330, -0.056194, -0.037347, -0.001777, 0.051542, 0.072269, 0.049296, -0.018388, -0.003165, 0.037348, 0.077765, -0.038981, 0.028870, -0.022254, -0.020044, -0.018404, 0.016735, -0.008113, -0.080776, -0.091869, 0.054674, 0.082998, -0.084051, 0.011330, 0.013002, 0.006213, 0.027246, 0.012186, 0.066283, 0.038585, -0.023071, 0.091665, -0.044285, 0.022843, 0.001276, 0.088782, 0.033244, 0.023866, -0.021132, 0.038897, -0.013641, 0.067274, 0.053220, -0.053127, -0.035238, 0.022622, -0.008012, -0.028592, -0.035805, -0.014931, 0.003489, 0.025393, -0.028012, 0.024046, 0.054031, 0.013647, 0.021369, -0.063370, -0.086432, -0.067141, 0.000603, 0.071029, 0.029696, 0.018077, -0.015885, -0.057027, -0.033433, 0.012166, 0.126005, -0.018617, -0.000727, 0.016407, 0.033497, 0.006296, 0.134403, 0.012931, 0.001398, 0.061798, -0.019697, -0.003043, 0.025021, -0.022298, -0.026624, -0.090230, -0.034433, 0.036533, 0.040036, -0.055489, -0.062289, -0.004397, 0.026169, -0.063423, 0.030988, 0.009943, 0.020515, -0.002053, -0.046196, 0.021837, 0.123739, -0.054226, 0.051856, 0.125189, -0.060009, 0.028246, 0.166850, -0.040079, 0.061045, 0.053355, -0.047214, -0.097522, -0.036701, -0.022114, 0.031371, -0.000000, -0.033199, -0.072862, -0.013550, -0.009071, -0.085226, -0.015399, 0.006182, 0.011083, -0.031114, -0.084110, 0.071460, -0.078511, -0.052808, -0.069889, -0.027191, -0.131913, 0.060863, 0.120753, 0.139723, -0.021115, 0.094069, -0.008228, -0.007003, -0.026128, 0.030182, -0.032633, -0.014555, -0.017481, 0.062735, 0.037897, 0.032991, 0.002577, -0.064143, -0.023392, -0.057172, -0.022393, -0.055584, 0.010729, 0.000513, -0.042396, -0.002297, 0.025292, -0.005247, -0.030499, -0.115074, -0.076470, 0.144091, 0.006895, -0.057487, -0.007587, -0.042568, -0.097022, -0.033014, -0.007655, -0.017276, -0.023423, -0.040298, -0.036034, -0.028464, -0.049620, 0.072453, 0.001910, -0.075777, 0.046523, -0.073980, -0.007145, -0.026226, -0.012114, -0.044272, 0.052568, -0.032450, -0.018276, 0.069935, -0.055947, 0.021685, -0.010769, -0.015262, 0.017129, 0.103464, 0.065079, 0.061101, -0.039768, -0.013836, 0.026737, 0.109252, 0.014871, 0.060523, -0.054093, -0.066101, -0.087619, -0.013338, -0.042829, -0.000554, 0.028428, -0.000438, 0.000000, 0.019504, -0.028265, 0.046322, 0.051979, 0.002792, 0.002485, -0.013057, -0.001529, 0.036326, 0.064898, -0.021054, -0.057415, -0.001741, -0.028183, -0.068508, -0.126573, 0.015829, -0.048089, 0.027318, 0.044345, 0.036871, -0.052675, -0.049247, -0.027998, 0.013816, 0.005439, -0.039516, 0.051027, -0.137433, 0.061481, -0.017264, -0.017212, -0.026357, 0.038498, -0.074173, 0.028868, 0.002661, 0.040032, -0.047156, 0.080907, 0.058098, 0.018219, 0.084002, -0.022739, 0.071331, -0.044394, -0.052150, -0.023060, 0.027285, 0.028403, -0.123989, -0.046848, 0.029242, -0.016164, -0.087620, -0.001096, 0.097608, 0.088189, -0.007150, 0.041889, 0.042228, 0.011165, 0.078043, 0.003185, -0.020999, -0.011770, -0.053978, -0.029812, 0.013342, 0.004203, -0.003936, 0.077115, 0.015689, 0.042019, 0.037187, 0.052183, 0.089847, -0.088559, 0.008476, -0.014506, 0.033278, -0.011278, -0.017213, 0.034773, 0.043419, -0.039538, -0.040504, -0.050912, 0.010187, -0.006927, 0.018636, -0.053417, 0.159199, 0.032198, -0.046847, -0.000000, -0.001157, 0.005725, 0.090751, -0.046930, 0.022501, -0.065803, 0.080361, 0.023452, 0.044246, -0.014811, 0.080421, 0.046251, 0.011943, 0.044036, -0.117492, -0.060575, 0.042366, 0.023343, -0.011740, -0.005912, 0.006439, -0.018011, -0.036977, -0.008416, 0.015828, -0.051382, 0.050942, -0.000989, 0.036745, -0.030222, -0.028652, 0.048355, 0.014879, 0.030621, -0.100889, 0.099535, -0.039436, 0.023026, -0.038942, 0.107061, 0.034396, 0.019872, 0.017261, -0.047331, 0.033400, 0.001407, -0.063105, -0.021866, -0.027262, -0.068532, 0.050422, -0.019483, -0.031865, 0.048470, 0.001230, -0.033001, -0.035352, 0.038530, -0.108199, -0.004789, 0.002676, -0.048208, 0.009178, 0.006567]

=== CHUNK hdfc_large_cap_direct_growth::6::0 ===
source_url: https://groww.in/mutual-funds/hdfc-large-cap-fund-direct-growth
scheme: HDFC Large Cap Fund - Direct Growth
category: large_cap
plan_variant: direct_growth
section: Stamp duty
fact_type: exit_load
authority: page_text
is_atomic: true
char_len: 82
source_fetched_at: 2026-09-28T13:12:27+00:00
content_hash: 5c117494f665459a297c27214337419734c7566eb91a0f5ec410e04835ea8364
---
Stamp duty
A form of tax payable for the purchase or sale of an asset or security.

embedding_dim: 384
embedding: [-0.072629, 0.055176, -0.024456, -0.037701, -0.035974, 0.012713, 0.114806, -0.012086, -0.114043, -0.007836, 0.061175, 0.012743, -0.043850, -0.014524, -0.038212, -0.017716, 0.019783, 0.032642, -0.037355, 0.084187, 0.049908, 0.017194, 0.015982, 0.021850, -0.043650, -0.020798, -0.068913, -0.015213, -0.012571, -0.002582, 0.063583, 0.033771, -0.030995, -0.011781, -0.023333, 0.040603, 0.069687, -0.073534, 0.033108, -0.058916, 0.018363, -0.090680, -0.070079, 0.015128, -0.009221, 0.046753, 0.151550, 0.020891, -0.003105, 0.069646, 0.052693, 0.086602, -0.074497, 0.039272, 0.001751, -0.107632, 0.032727, -0.001621, -0.043585, -0.077371, -0.136653, -0.045983, -0.049805, -0.013183, 0.049217, -0.044852, -0.071916, -0.055130, -0.090839, -0.079833, 0.013384, -0.058812, 0.002337, 0.064582, -0.029287, -0.066208, 0.014938, -0.018555, -0.044610, -0.045481, -0.038743, 0.087580, 0.014446, 0.014559, 0.041853, -0.044302, -0.019452, 0.022168, 0.123281, 0.058279, 0.026099, -0.019766, -0.009292, 0.008616, -0.068419, -0.027396, 0.059499, -0.011167, -0.019949, 0.004137, 0.044079, 0.014313, -0.057153, -0.004553, -0.023177, 0.018627, -0.050508, -0.031650, -0.052686, -0.022006, -0.029658, -0.008750, -0.132622, -0.057973, 0.010343, 0.006677, -0.083111, -0.045224, 0.109485, -0.149010, 0.042744, -0.027281, -0.029956, -0.112811, -0.042156, -0.001060, 0.072380, -0.000000, -0.016454, 0.047349, -0.014642, -0.025545, 0.005524, -0.013235, 0.033760, 0.024416, -0.015304, 0.058840, 0.073792, -0.064703, 0.067526, 0.038448, 0.070524, 0.104620, -0.073247, 0.032276, 0.178924, 0.035489, 0.063840, -0.015909, 0.055406, 0.006238, 0.017072, 0.047334, -0.030100, -0.031015, -0.038567, 0.042470, 0.104130, 0.010560, 0.089520, -0.040659, -0.035987, 0.028675, -0.013434, -0.038185, 0.022377, -0.026062, 0.025110, -0.070312, 0.067456, 0.037426, -0.105029, -0.016597, 0.021756, -0.004631, 0.013310, 0.070155, 0.042059, -0.090681, 0.073521, -0.046870, -0.005105, -0.075823, 0.007957, -0.028852, -0.079506, -0.046839, 0.018073, -0.048634, 0.002798, 0.067058, -0.028949, -0.050411, -0.022248, -0.027648, 0.051680, -0.010620, -0.012110, 0.004011, 0.058848, -0.030578, 0.035029, 0.015387, 0.007496, 0.025885, 0.099014, 0.010332, -0.078811, -0.052724, -0.033872, -0.015396, -0.010952, 0.046302, 0.012987, -0.017269, -0.028890, -0.043525, -0.052340, -0.039559, -0.005522, -0.019436, 0.040158, 0.000000, 0.048954, -0.008308, -0.066160, 0.071940, -0.055063, -0.005742, -0.042550, -0.037664, -0.070076, 0.069743, -0.151223, -0.000163, 0.003274, 0.029032, -0.024801, -0.031770, -0.068617, 0.013754, 0.024842, -0.043465, -0.012366, 0.066805, 0.116146, 0.117219, -0.038667, -0.034279, -0.054546, -0.025031, 0.088068, 0.027874, 0.006680, -0.014516, 0.078315, -0.025695, -0.027394, 0.031203, 0.062080, 0.025179, 0.075224, 0.065718, -0.008712, 0.016165, 0.104086, 0.033013, -0.011667, -0.070353, -0.053631, 0.075372, 0.016671, 0.024521, -0.030403, 0.017280, -0.001906, 0.022087, -0.052097, 0.107210, -0.056559, -0.011769, 0.024722, 0.008694, 0.064571, -0.021362, 0.015192, 0.048368, 0.047216, 0.025450, 0.022291, -0.056984, 0.037952, 0.033471, -0.004584, -0.041883, 0.061795, -0.057530, -0.022580, -0.023379, 0.056522, 0.039439, -0.002123, -0.006428, 0.013937, -0.059541, -0.024428, 0.080987, -0.000686, -0.030781, -0.035066, -0.039441, 0.036600, -0.064523, -0.031797, 0.034939, -0.001702, 0.019832, -0.051874, -0.000000, -0.024806, 0.002364, -0.019589, 0.039911, -0.054844, 0.027796, 0.019790, -0.027301, 0.035114, 0.018067, 0.065655, -0.045364, 0.003583, -0.069944, -0.015805, 0.004831, 0.008306, 0.012409, -0.107352, 0.052272, 0.033785, -0.041480, -0.013174, 0.000862, -0.055299, -0.018997, 0.033845, -0.008995, 0.092389, 0.054247, -0.002187, 0.037004, 0.091839, -0.012446, 0.037593, 0.026570, 0.019265, -0.042896, 0.046315, 0.070020, -0.018883, 0.023915, -0.017629, 0.013805, -0.012750, 0.018680, -0.162886, -0.006511, -0.040280, -0.028138, 0.078200, 0.055042, -0.036502, 0.039757, -0.094924, 0.040167, -0.009535, -0.021335, 0.059435, 0.017589, 0.095757, -0.013975, 0.022350, 0.031961]

=== CHUNK hdfc_large_cap_direct_growth::7::0 ===
source_url: https://groww.in/mutual-funds/hdfc-large-cap-fund-direct-growth
scheme: HDFC Large Cap Fund - Direct Growth
category: large_cap
plan_variant: direct_growth
section: Exit Load | Exit load
fact_type: exit_load
authority: page_text
is_atomic: true
char_len: 226
source_fetched_at: 2026-09-28T13:12:27+00:00
content_hash: 5c117494f665459a297c27214337419734c7566eb91a0f5ec410e04835ea8364
---
Exit Load
08 May 2015
Exit load of 1% if redeemed within 1 year
16 Feb 2015
Exit load of 1% if redeemed within 18 months
01 Jan 2013
Exit load of 1% if redeemed within 1 year
Exit load
Exit load of 1% if redeemed within 1 year

embedding_dim: 384
embedding: [-0.021170, 0.054624, -0.009141, -0.004900, -0.044573, 0.043370, 0.010218, 0.029910, 0.029202, 0.007087, 0.041514, -0.039071, -0.035899, -0.002506, 0.000996, 0.076171, -0.078950, -0.037629, -0.006014, -0.037142, 0.040233, -0.078761, -0.142485, -0.010816, 0.031377, 0.028505, -0.012144, -0.009877, 0.004509, 0.028606, 0.034290, 0.019950, 0.019270, -0.060426, 0.050601, -0.027046, -0.132305, -0.032215, 0.025866, -0.032193, -0.086983, -0.022756, -0.022292, 0.050007, 0.036390, -0.010653, -0.070991, 0.078686, -0.029968, 0.118905, 0.056923, 0.010941, -0.008328, 0.085335, -0.057243, -0.041434, 0.031526, -0.006653, -0.025013, 0.010935, 0.006552, -0.010581, -0.071204, -0.026022, 0.000981, 0.005965, 0.001777, -0.035507, 0.004819, -0.005847, -0.071476, -0.100889, -0.079019, -0.050307, 0.004576, 0.024347, 0.085912, -0.003865, 0.007173, -0.082935, -0.037808, 0.027702, 0.009918, -0.046555, 0.025981, -0.022676, -0.018235, 0.042575, 0.060854, 0.001963, 0.026259, 0.157206, 0.055521, 0.042676, 0.016995, -0.011861, -0.073551, -0.029861, 0.055425, 0.055760, 0.004099, 0.000046, -0.028332, -0.030469, 0.008079, -0.049547, -0.025936, -0.019616, 0.020010, -0.029614, -0.025120, -0.003096, 0.142690, -0.077592, 0.042864, 0.025166, -0.059740, 0.089070, 0.031440, -0.006093, 0.104219, 0.054374, -0.009210, -0.043118, -0.050701, -0.028233, 0.073237, 0.000000, -0.020637, -0.131713, -0.062045, -0.011378, -0.041400, -0.047096, 0.056311, 0.050453, -0.042693, 0.002324, -0.002678, -0.009441, -0.058344, -0.048084, 0.030046, -0.011987, 0.035552, 0.000671, 0.110691, 0.007246, 0.023197, -0.178566, 0.028823, 0.009636, 0.070835, 0.025794, 0.003583, -0.054887, -0.016042, -0.011011, 0.123326, -0.025624, -0.048344, -0.090406, 0.042065, 0.048009, 0.081277, 0.019154, 0.060763, -0.031465, -0.016264, 0.021833, 0.045882, 0.020340, -0.003038, -0.132852, 0.060975, -0.020134, 0.041119, 0.103058, -0.030639, -0.054802, -0.046667, 0.011254, -0.034743, 0.012059, -0.104433, -0.016227, 0.023039, -0.020097, 0.058120, -0.041334, 0.006892, -0.061231, -0.105623, -0.025901, 0.028322, -0.065941, -0.128571, 0.051828, 0.002003, -0.041532, 0.070533, -0.081455, 0.030690, -0.045278, 0.075225, 0.093969, 0.048567, 0.038935, 0.015037, 0.013055, -0.022909, 0.021340, 0.017835, 0.043404, 0.107147, -0.112450, -0.068128, 0.000723, -0.031979, -0.078966, 0.005015, 0.046277, 0.084680, -0.000000, -0.019354, 0.063071, -0.053507, -0.006755, 0.027106, -0.001023, 0.006627, 0.091029, 0.017073, 0.071858, 0.056470, 0.016933, 0.027967, 0.061557, 0.008419, 0.025180, -0.005858, 0.004190, -0.044253, 0.033846, -0.005269, 0.015800, -0.059432, 0.040945, 0.004454, -0.016236, -0.062949, -0.021335, -0.083273, -0.048242, -0.022139, -0.085988, -0.012189, 0.078610, -0.013575, -0.031806, 0.055436, -0.025658, 0.006939, 0.065360, 0.072444, -0.034176, -0.007539, 0.024842, -0.008937, 0.030198, 0.039664, 0.040912, 0.067862, -0.039186, 0.015841, 0.004504, 0.000627, 0.034630, -0.031541, 0.070944, 0.064357, -0.020053, -0.011592, -0.020402, -0.024519, -0.038827, 0.086818, -0.044655, -0.023097, -0.070014, 0.016765, 0.026800, 0.020295, 0.008771, 0.063824, 0.039281, 0.029255, -0.067149, -0.030994, 0.010502, -0.010844, -0.061070, -0.020750, -0.029115, -0.062193, 0.065267, -0.062004, 0.091500, -0.069677, -0.018814, 0.044412, -0.063914, -0.053039, 0.020490, -0.009969, 0.004864, 0.044999, -0.026888, 0.003955, -0.000000, 0.039247, 0.019402, 0.089831, -0.058810, 0.106916, 0.047594, 0.049854, 0.008839, -0.053076, -0.011489, 0.129745, 0.027153, -0.079950, -0.069317, -0.123603, 0.075419, -0.047336, 0.018218, 0.018875, -0.046739, -0.027934, 0.018258, 0.022682, -0.022031, -0.070100, -0.027167, 0.055473, 0.078498, 0.030225, -0.019285, 0.034914, 0.066689, 0.047550, -0.082918, -0.082623, 0.043392, -0.029481, 0.007072, -0.028972, 0.024534, 0.028234, 0.031828, 0.019891, -0.006278, -0.030227, -0.022910, -0.060387, -0.010163, 0.035023, -0.081247, -0.013223, -0.079610, -0.027345, 0.059914, 0.033073, -0.066799, -0.028081, 0.026078, -0.059263, 0.043012, 0.022219, 0.009428, -0.057035, -0.050450]

=== CHUNK hdfc_large_cap_direct_growth::9::0 ===
source_url: https://groww.in/mutual-funds/hdfc-large-cap-fund-direct-growth
scheme: HDFC Large Cap Fund - Direct Growth
category: large_cap
plan_variant: direct_growth
section: Stamp duty on investment: 0.005% (from July 1st, 2020)
fact_type: exit_load
authority: page_text
is_atomic: true
char_len: 128
source_fetched_at: 2026-09-28T13:12:27+00:00
content_hash: 5c117494f665459a297c27214337419734c7566eb91a0f5ec410e04835ea8364
---
Stamp duty on investment: 0.005% (from July 1st, 2020)
Stamp duty on investment:
0.005% (from July 1st, 2020)
from July 1st 2020

embedding_dim: 384
embedding: [0.028161, 0.001555, -0.007287, 0.032888, -0.025621, -0.024236, 0.020776, 0.021008, -0.081243, 0.022922, 0.061266, -0.004342, -0.049523, -0.002202, -0.063295, 0.055100, -0.033865, -0.075647, -0.064657, 0.026633, 0.002676, -0.044913, 0.013258, -0.006492, 0.071271, 0.038919, -0.029610, 0.015235, -0.000639, -0.024772, -0.041806, 0.075384, -0.030663, -0.042964, 0.002244, -0.004180, 0.000832, -0.005210, 0.084496, -0.031048, -0.015094, -0.107880, -0.020192, 0.018356, 0.011675, 0.020632, 0.020033, 0.090347, 0.025785, 0.100658, -0.009193, 0.059798, -0.040966, -0.033803, 0.009656, -0.016558, 0.018355, 0.004000, 0.000589, -0.001007, -0.098341, -0.012664, -0.003590, 0.000949, 0.057535, -0.052485, -0.081255, -0.049908, -0.106145, -0.073404, 0.026263, -0.029973, -0.086043, -0.065785, -0.046868, 0.018123, 0.041062, 0.072981, 0.046608, -0.107480, -0.010538, -0.050322, 0.028188, -0.016490, -0.021919, -0.025654, 0.027428, 0.055406, 0.135515, 0.062116, 0.075241, 0.000825, -0.039212, 0.082332, -0.128642, 0.027771, -0.061226, 0.008724, -0.072059, 0.017942, 0.038271, 0.013647, -0.074257, -0.042452, -0.054024, -0.004321, -0.002754, -0.070521, -0.030027, -0.055574, -0.020948, -0.013274, -0.028460, -0.065930, -0.086291, -0.013892, -0.025136, -0.036707, 0.160550, -0.065662, 0.088284, 0.015147, -0.066953, -0.011629, -0.114770, -0.046983, 0.027126, 0.000000, -0.022487, -0.001642, 0.018878, 0.016226, -0.093906, -0.062001, 0.079791, 0.018691, -0.026994, -0.044417, 0.028471, -0.034602, 0.018453, 0.013181, 0.028573, 0.000564, -0.029507, 0.017295, 0.100490, 0.033778, 0.032526, -0.043108, -0.005879, 0.019914, 0.069823, 0.045651, -0.043909, -0.084197, -0.075082, 0.063814, 0.136192, 0.039456, -0.025616, -0.094911, -0.025712, 0.078814, 0.015805, -0.027144, -0.001772, 0.019518, -0.018831, 0.024736, 0.030024, -0.009034, -0.079155, 0.001387, 0.077113, 0.018182, 0.085846, 0.023235, -0.001624, -0.038543, -0.029694, -0.013321, -0.011984, -0.041417, -0.052955, -0.062286, -0.039540, -0.035439, 0.031458, -0.016830, -0.037740, 0.007760, -0.046927, 0.068909, 0.031954, 0.022450, 0.016778, 0.057170, 0.031334, -0.026904, 0.032285, -0.086499, 0.049442, -0.025776, 0.041947, 0.014796, 0.103733, 0.038304, -0.056024, 0.014361, -0.026878, -0.094989, 0.025501, 0.009378, 0.093294, 0.063181, 0.033297, -0.015201, -0.003869, -0.055935, 0.020723, 0.025818, -0.022921, -0.000000, -0.010653, 0.129689, 0.030609, 0.030462, -0.053411, -0.028085, 0.057514, 0.068021, 0.001161, 0.103016, -0.047227, 0.024457, 0.004266, 0.050552, -0.104741, -0.043312, -0.015165, 0.041318, -0.027314, -0.075381, -0.018162, 0.042265, 0.067154, 0.183458, -0.011718, 0.001603, -0.026024, -0.018132, 0.044318, -0.032880, -0.036607, -0.066345, 0.063527, 0.007501, -0.041349, 0.007712, 0.075474, 0.002190, 0.071324, 0.028218, 0.019739, -0.011738, 0.041960, 0.049253, -0.028218, -0.059343, 0.044374, 0.094557, 0.066676, -0.005918, 0.006189, 0.047701, -0.043416, 0.070322, -0.030032, 0.106954, 0.012104, -0.013252, -0.094811, 0.016224, -0.015670, 0.069436, 0.024932, -0.004096, 0.032147, -0.027968, -0.002878, -0.029401, 0.059939, -0.030086, 0.004599, 0.008175, 0.020827, -0.113825, -0.039389, 0.011588, 0.126836, -0.028797, 0.011774, 0.023288, -0.024346, 0.035337, -0.039744, 0.036119, -0.052572, 0.007353, 0.016592, -0.057592, -0.014443, 0.008554, -0.094883, 0.068149, 0.006567, -0.026670, -0.036047, -0.000000, -0.019271, 0.008226, -0.022392, 0.055903, 0.033852, 0.036149, 0.027081, -0.001010, 0.022333, 0.003031, 0.085192, 0.000058, -0.073833, -0.064642, -0.066789, 0.009138, -0.040001, 0.043335, -0.038247, -0.029304, 0.093296, 0.024919, 0.064752, -0.027779, -0.066041, 0.018830, -0.014930, 0.007578, -0.015661, 0.018572, -0.001633, 0.003035, 0.102700, -0.051724, -0.008423, 0.013748, 0.035383, 0.006802, 0.045426, 0.038929, -0.006581, -0.061207, 0.005523, -0.000075, -0.027119, -0.052334, -0.147584, -0.051388, 0.019943, -0.139801, 0.067782, 0.012773, -0.038402, 0.047678, 0.012908, 0.040616, -0.078071, -0.014389, -0.050957, 0.036420, 0.087920, -0.101054, -0.033772, 0.070251]

=== CHUNK hdfc_large_cap_direct_growth::10::0 ===
source_url: https://groww.in/mutual-funds/hdfc-large-cap-fund-direct-growth
scheme: HDFC Large Cap Fund - Direct Growth
category: large_cap
plan_variant: direct_growth
section: Tax implication
fact_type: general
authority: page_text
is_atomic: true
char_len: 189
source_fetched_at: 2026-09-28T13:12:27+00:00
content_hash: 5c117494f665459a297c27214337419734c7566eb91a0f5ec410e04835ea8364
---
Tax implication
If you redeem within one year, returns are taxed at 20%. If you redeem after one year, returns exceeding Rs 1.25 lakh in a financial year are taxed at 12.5%.
Check past data

embedding_dim: 384
embedding: [-0.021293, -0.029618, -0.029164, -0.020686, 0.007865, 0.031351, 0.077463, 0.045174, 0.007372, 0.005640, 0.081646, 0.015228, -0.063622, -0.017473, 0.016313, 0.001828, -0.045190, -0.026675, -0.024896, -0.023217, 0.133668, -0.047354, -0.083839, -0.030598, 0.100436, -0.071269, 0.006991, -0.010719, -0.022929, -0.007546, 0.079517, 0.013517, -0.053781, -0.046699, -0.006254, 0.001344, 0.017834, -0.052281, 0.011954, -0.032596, -0.070139, 0.030819, -0.039534, -0.044342, 0.056719, -0.046024, 0.021537, 0.065701, -0.024696, 0.104064, 0.015200, 0.112822, -0.015413, 0.046768, -0.034638, -0.098776, -0.041891, 0.088827, -0.008977, -0.107298, -0.040424, -0.033142, -0.002342, -0.026288, -0.029963, 0.009688, 0.001268, -0.078983, -0.027861, -0.031208, -0.048035, -0.086374, -0.011282, -0.061664, -0.042518, -0.066473, -0.004634, 0.081750, -0.049440, -0.059968, 0.068254, 0.050196, -0.018107, -0.095018, -0.002654, -0.003166, 0.016030, 0.039706, 0.020233, 0.038886, 0.108699, 0.040624, 0.039597, 0.053127, -0.034198, -0.032001, -0.007554, -0.005717, 0.072884, 0.032588, -0.030250, 0.077013, -0.064975, -0.022713, 0.002324, -0.017640, 0.008925, 0.033233, 0.027169, -0.059967, 0.007153, 0.064172, -0.003755, 0.034190, -0.025650, 0.062943, -0.080156, -0.010297, -0.031215, -0.038284, 0.067196, 0.011888, -0.006346, -0.036941, -0.039930, -0.120648, 0.042212, 0.000000, -0.020238, 0.027777, -0.039329, -0.111008, -0.034780, -0.003563, 0.061803, 0.053902, -0.018683, 0.003246, -0.029215, -0.033677, 0.033966, -0.037847, 0.013568, 0.058465, -0.038864, 0.001002, 0.079696, 0.040854, 0.024525, -0.069208, 0.039846, -0.008841, -0.030122, 0.066505, -0.042209, -0.025294, -0.046788, 0.006528, 0.059432, 0.044113, 0.064673, -0.088061, -0.030352, 0.083503, 0.121745, -0.011376, 0.020569, 0.009415, 0.008768, 0.055603, 0.047116, 0.003187, -0.075435, -0.071342, 0.017550, 0.009059, -0.002331, 0.075029, -0.043472, 0.004976, -0.003554, -0.030751, -0.036213, -0.008279, -0.015402, -0.002504, 0.014128, 0.013193, 0.035759, -0.114957, 0.006013, -0.025553, -0.076273, -0.020563, 0.114185, -0.023476, -0.004393, -0.008964, -0.013451, -0.039267, 0.028322, -0.024834, 0.054498, 0.046471, 0.051418, 0.014725, 0.079855, 0.058701, -0.041400, -0.041259, -0.127045, -0.058539, 0.019024, 0.084364, 0.045958, -0.055814, 0.014164, 0.017189, 0.084246, -0.043183, 0.019030, -0.059784, 0.077038, -0.000000, 0.012884, 0.038061, -0.046591, 0.012924, -0.061836, 0.050738, 0.041184, 0.112577, -0.102743, 0.119315, 0.010066, 0.019587, 0.048024, 0.043589, 0.033227, 0.029276, -0.002561, 0.056565, 0.006658, -0.036390, 0.018941, 0.070115, 0.070108, 0.080014, -0.009033, 0.057293, -0.064474, 0.031730, 0.000943, -0.022417, 0.087807, -0.016583, -0.049089, -0.046116, 0.039774, -0.025954, 0.035249, -0.072573, 0.049559, 0.050413, -0.021289, 0.019652, -0.016027, -0.048293, 0.074582, -0.078746, -0.021841, 0.086979, 0.089826, -0.074831, 0.133321, 0.025061, 0.021868, -0.053689, -0.023565, 0.071354, -0.033608, -0.008467, -0.068980, -0.035584, -0.014388, -0.026630, -0.012467, 0.088631, -0.012177, -0.091242, 0.100720, -0.025076, 0.127626, -0.054826, 0.021718, -0.092248, 0.008686, -0.021731, -0.016255, 0.047875, -0.042310, 0.031951, 0.081336, 0.012405, -0.028473, 0.024465, 0.031792, 0.021054, 0.016268, -0.131021, 0.031101, -0.050575, 0.007064, -0.002989, -0.002212, -0.005745, 0.013139, -0.013912, 0.050361, -0.000000, 0.019655, -0.012887, 0.016966, 0.052333, -0.013431, 0.055323, -0.024061, -0.015475, -0.091137, -0.046937, 0.053584, -0.038050, -0.085768, -0.046070, -0.073212, 0.023797, -0.042179, 0.018935, -0.001624, -0.000395, 0.090757, 0.032901, 0.024004, -0.026810, -0.048629, -0.015871, 0.060661, 0.085777, 0.018935, -0.042972, 0.007981, -0.007860, 0.013515, -0.006823, -0.038305, -0.060724, 0.039416, 0.018832, 0.009068, 0.009975, 0.026480, -0.118794, 0.002081, -0.020582, -0.125413, -0.015303, -0.087785, -0.043000, -0.027583, -0.120019, 0.027206, 0.021592, -0.079217, -0.030573, -0.048461, 0.014117, -0.088094, 0.075344, -0.005184, -0.036566, 0.050354, -0.007202, -0.077486, -0.024317]

=== CHUNK hdfc_large_cap_direct_growth::11::0 ===
source_url: https://groww.in/mutual-funds/hdfc-large-cap-fund-direct-growth
scheme: HDFC Large Cap Fund - Direct Growth
category: large_cap
plan_variant: direct_growth
section: RB Rahul Baijal Jul 2022 - Present View details
fact_type: general
authority: page_text
is_atomic: true
char_len: 544
source_fetched_at: 2026-09-28T13:12:27+00:00
content_hash: 5c117494f665459a297c27214337419734c7566eb91a0f5ec410e04835ea8364
---
RB Rahul Baijal Jul 2022 - Present View details
RB
Rahul Baijal
Jul 2022
- Present
View details
Education
Mr. Baijal has done PGDM(MBA) from IIM Calcutta and is an engineering graduate of Delhi college of Engineering
Experience
Prior to joining HDFC Mutual Fund, he has worked with Sundaram Mutual Fund, Bharti AXA Life Insurance, TVF Capital, HSBC Securities, Credit Suisse Securities & Standard Chartered Bank.
Also manages these schemes
HDFC Large Cap Fund Direct Growth
HDFC Business Cycle Fund Direct Growth
HDFC Defence Fund Direct Growth

embedding_dim: 384
embedding: [0.023760, -0.020722, -0.089732, 0.036868, 0.084875, 0.026696, 0.053299, 0.027146, -0.027957, -0.052269, -0.071354, -0.047496, -0.001841, -0.026201, 0.003157, -0.027277, -0.002189, -0.034574, 0.015367, -0.029618, -0.092306, -0.030321, -0.040516, -0.010931, -0.009246, -0.060097, 0.130511, -0.008147, -0.045622, -0.026014, 0.002480, 0.044967, 0.032054, 0.027971, -0.018879, 0.078811, -0.032087, 0.004906, -0.042100, -0.055069, 0.019603, -0.033862, 0.021780, -0.006425, 0.061313, -0.035968, -0.049114, -0.047682, 0.014849, -0.012451, -0.125653, -0.013913, 0.005353, -0.020606, 0.035066, 0.025714, -0.015812, -0.003601, 0.046730, 0.013773, -0.051932, -0.021491, 0.011240, -0.026551, 0.100441, -0.053029, -0.022697, 0.060849, 0.039553, 0.017286, 0.012244, -0.017752, -0.085430, -0.079995, -0.040454, -0.003296, -0.026743, 0.068414, 0.070646, -0.077258, -0.021954, 0.013297, 0.033590, 0.054102, -0.051411, 0.027782, 0.046177, -0.039606, -0.051746, -0.009972, 0.100136, 0.106806, 0.022715, -0.011038, -0.082132, -0.022691, -0.031908, -0.052362, -0.023955, 0.000024, -0.010164, 0.036471, -0.061625, -0.016706, -0.076474, -0.023409, -0.009572, 0.022785, 0.072964, 0.000353, 0.040195, 0.065167, -0.080259, -0.001869, -0.040809, 0.013873, -0.103032, -0.071168, 0.002269, -0.012286, 0.000101, 0.074667, -0.052581, -0.066424, -0.102813, -0.114349, -0.053070, 0.000000, -0.035275, 0.027108, -0.006672, -0.023451, -0.083110, -0.026741, 0.036001, -0.033868, -0.047640, 0.040068, 0.020000, 0.080530, -0.030818, 0.011499, -0.005496, -0.050303, 0.002927, 0.041618, -0.005692, 0.036309, 0.040481, 0.041279, 0.022269, -0.094967, 0.103638, 0.009351, 0.100136, -0.001650, 0.049658, 0.069526, -0.016096, 0.038385, -0.098249, 0.033299, -0.017635, -0.035754, -0.061722, -0.031492, -0.096768, -0.077671, -0.014683, 0.032720, -0.022979, -0.070823, -0.042656, 0.057852, 0.076946, 0.012810, 0.025301, -0.010242, -0.073041, -0.033566, 0.009390, -0.010048, 0.055126, -0.062322, -0.026668, -0.021759, -0.000865, 0.056796, 0.007825, -0.072472, -0.158335, 0.082901, -0.055318, 0.066189, 0.000518, 0.005042, 0.068408, -0.040338, 0.018637, 0.016142, 0.057783, 0.026489, -0.078379, -0.067234, -0.028016, 0.151267, -0.052632, 0.074017, -0.003733, 0.036324, 0.077135, -0.054183, 0.019934, 0.065580, 0.068095, 0.007921, -0.073013, 0.028824, -0.036777, -0.074858, 0.128523, 0.091244, -0.012970, -0.000000, 0.006388, 0.012062, 0.008335, -0.050295, 0.012472, 0.008064, 0.065514, -0.016893, 0.043358, 0.021393, 0.053905, 0.045288, 0.027513, 0.017200, -0.030275, -0.039004, 0.020984, -0.057827, -0.089417, -0.034427, 0.007356, 0.052127, 0.008200, 0.024059, -0.016857, 0.027084, 0.025004, 0.050160, -0.088225, 0.068374, 0.021624, 0.004304, -0.101624, 0.081129, -0.037323, -0.069938, 0.041891, 0.040234, -0.001551, 0.106828, -0.012348, 0.009417, 0.020551, -0.046654, 0.063175, 0.003520, 0.020998, -0.015513, 0.041432, -0.027028, -0.015760, -0.041499, 0.018502, -0.000082, -0.033219, -0.018946, 0.054589, 0.019944, 0.026263, -0.066759, 0.048449, 0.034792, 0.049598, 0.105073, -0.050262, 0.045843, 0.020851, -0.075370, 0.009525, -0.071272, 0.049213, -0.023919, 0.063182, 0.062947, -0.067650, 0.055627, -0.022594, 0.020996, -0.013856, 0.076272, 0.091404, 0.024359, -0.052952, 0.108401, 0.028700, -0.121161, 0.008447, -0.125409, 0.063231, -0.017751, -0.080995, -0.017435, 0.013016, 0.048787, 0.058123, -0.000000, -0.014052, -0.085441, -0.056265, -0.025979, 0.009228, -0.059006, -0.097578, -0.040222, 0.032064, 0.035800, -0.009893, 0.032190, -0.021223, -0.041210, -0.078888, -0.064072, 0.009214, 0.030922, 0.013325, 0.008548, 0.038149, -0.005168, 0.048369, 0.021867, -0.051321, -0.001762, 0.010250, -0.065407, 0.043884, 0.012139, 0.001664, 0.037821, 0.088629, 0.011601, 0.010707, 0.058036, 0.084468, 0.064679, 0.070073, 0.106187, 0.027857, -0.054692, 0.033104, -0.038344, -0.035664, -0.049704, -0.094619, -0.014909, 0.024161, -0.021228, -0.006880, 0.011321, 0.027382, -0.004040, 0.043083, 0.037254, -0.072742, 0.010405, -0.077527, -0.007271, 0.079987, -0.082033, 0.008741, 0.043109]

=== CHUNK hdfc_large_cap_direct_growth::12::0 ===
source_url: https://groww.in/mutual-funds/hdfc-large-cap-fund-direct-growth
scheme: HDFC Large Cap Fund - Direct Growth
category: large_cap
plan_variant: direct_growth
section: DM Dhruv Muchhal Jun 2023 - Present View details
fact_type: general
authority: page_text
is_atomic: false
char_len: 1159
source_fetched_at: 2026-09-28T13:12:27+00:00
content_hash: 5c117494f665459a297c27214337419734c7566eb91a0f5ec410e04835ea8364
---
DM Dhruv Muchhal Jun 2023 - Present View details
DM
Dhruv Muchhal
Jun 2023
- Present
View details
Education
Mr. Dhruv has done B.Com, CA and CFA
Experience
Prior to joining HDFC MF,he has worked with Motilal Oswal Financial Services Ltd., Goldman Sachs, CRISIL Global Research & Analytics and Deloitte Haskins & Sells
Also manages these schemes
HDFC Flexi Cap Direct Plan Growth
HDFC Value Fund Direct Plan Growth
HDFC Ultra Short to Short Term Fund Direct Growth
HDFC Focused Fund Direct Growth
HDFC Floating Interest Rates Fund Direct Plan Growth
HDFC Balanced Advantage Fund Direct Growth
HDFC Dynamic Term Fund Direct Plan Growth
HDFC Medium Term Fund Direct Growth
HDFC Medium to Long Term Fund Direct Growth
HDFC Infrastructure Fund Direct Growth
HDFC Corporate Bond Fund Direct Plan Growth
HDFC Conservative Hybrid Fund Direct Growth
HDFC Mid Cap Fund Direct Growth
HDFC Equity Savings Direct Plan Growth
HDFC Multi Asset Allocation Fund Direct Growth
HDFC Aggressive Hybrid Fund Direct Plan Growth
HDFC Short Term Fund Direct Plan Growth
HDFC ELSS Tax Saver Fund Direct Plan Growth
HDFC Large Cap Fund Direct Growth
HDFC Credit Risk Fund Direct Growth

embedding_dim: 384
embedding: [0.003806, -0.068160, -0.034056, 0.001224, 0.029630, -0.017315, -0.062087, -0.007960, -0.051752, -0.009853, 0.006740, -0.040348, -0.048299, -0.012718, 0.022232, -0.010758, 0.005012, 0.016494, -0.011508, -0.035504, -0.003591, -0.033096, 0.019770, -0.043868, -0.042542, 0.016940, -0.003214, 0.068793, -0.068310, -0.118284, 0.036831, 0.119026, 0.023243, 0.027951, 0.031645, 0.094195, -0.054163, 0.059718, 0.009584, -0.071780, -0.032755, -0.059150, 0.039960, -0.009152, 0.049422, -0.035327, -0.040280, -0.003539, 0.017000, 0.031626, -0.093275, -0.001728, 0.038790, 0.000545, 0.009015, -0.016892, -0.014039, 0.019238, -0.010080, -0.016389, -0.091596, 0.033608, -0.001959, 0.034352, -0.036733, -0.060525, -0.014159, 0.017522, -0.038464, -0.001073, -0.017232, -0.102781, -0.056270, 0.007689, -0.026860, -0.029307, -0.007097, -0.012858, 0.081165, -0.050043, 0.003223, 0.038803, 0.013470, 0.035951, -0.039381, -0.041275, 0.000777, -0.036988, 0.024197, -0.092065, 0.078552, 0.046053, -0.011196, 0.044687, -0.062722, -0.071154, -0.003883, -0.009982, -0.073595, 0.006352, 0.029719, -0.002109, -0.039014, -0.026260, -0.084646, -0.058241, 0.068868, 0.098218, 0.034356, -0.000493, -0.019385, 0.091715, -0.005675, -0.064313, 0.032571, -0.087350, -0.086285, -0.059282, 0.032609, 0.019404, -0.044942, 0.063711, -0.021598, -0.012109, -0.083483, -0.004518, -0.055128, 0.000000, -0.015794, 0.044551, 0.025867, 0.020572, -0.085142, -0.015034, 0.102045, 0.015031, -0.090686, 0.063725, 0.005988, 0.064168, -0.039186, 0.060124, -0.026526, -0.090183, 0.003511, 0.030079, -0.011157, 0.025584, 0.034467, 0.058307, 0.084649, -0.044384, 0.134729, -0.044422, 0.079440, 0.009683, 0.042570, 0.063977, -0.020876, -0.053394, -0.087267, -0.088360, -0.063797, 0.079264, -0.102153, -0.088496, -0.069574, -0.094170, -0.037429, 0.012407, -0.028716, -0.072955, -0.081903, 0.055372, 0.084991, 0.067450, -0.030964, -0.021358, -0.026552, -0.043495, -0.032511, -0.012333, 0.008859, 0.093451, -0.021686, -0.030619, -0.004151, 0.036968, -0.108772, -0.037425, -0.153811, 0.048894, -0.077390, 0.007141, 0.014261, -0.033539, 0.089525, 0.018870, 0.023636, -0.004305, 0.015839, 0.062876, 0.004719, -0.067262, 0.018715, 0.085835, 0.017371, 0.013405, 0.041102, 0.095401, 0.100029, -0.041764, 0.106874, 0.021134, 0.068109, -0.003151, -0.061114, 0.050117, -0.025027, -0.100365, 0.117146, 0.015549, -0.017737, -0.000000, -0.030113, -0.006819, 0.022648, -0.005533, 0.039034, 0.016559, -0.021645, -0.018630, 0.080963, -0.030366, 0.015273, 0.038043, -0.008062, -0.055259, -0.074318, -0.069245, -0.031677, -0.018863, 0.011811, -0.004304, 0.013034, 0.049879, -0.021892, 0.052746, -0.048986, 0.012803, -0.007354, 0.081802, -0.004495, 0.073082, 0.004227, -0.062075, -0.130049, 0.076277, -0.018476, -0.056814, -0.035666, 0.035517, -0.027133, 0.083889, -0.007628, -0.017249, 0.054252, -0.074869, 0.011105, -0.065202, -0.025180, -0.038190, 0.033398, -0.008718, -0.084287, 0.007601, -0.040889, 0.001040, -0.005836, -0.012416, 0.074460, -0.013121, -0.041210, -0.023092, -0.027557, 0.068413, 0.042048, 0.083241, 0.061706, -0.029415, -0.055795, -0.108025, -0.032829, -0.065517, -0.016608, -0.007408, 0.004931, -0.017594, 0.027538, -0.003458, -0.068967, -0.026308, 0.000698, 0.060592, 0.092599, -0.027942, -0.021399, 0.090664, -0.026688, -0.019566, 0.057092, -0.066091, 0.016080, 0.012915, 0.002859, -0.087226, 0.020772, -0.007994, 0.007205, -0.000000, -0.027638, -0.000560, 0.009259, -0.003186, 0.020054, -0.031611, -0.016753, 0.029713, 0.033381, -0.007373, 0.153112, 0.030976, -0.064130, -0.046147, -0.000846, -0.043954, -0.033886, 0.057118, -0.028560, -0.004713, 0.046906, -0.000977, -0.013028, 0.089728, 0.081262, -0.013449, 0.010928, -0.037928, 0.034518, 0.059666, 0.018182, -0.023960, 0.031782, -0.034960, 0.074572, 0.056623, 0.020316, 0.033217, 0.048053, 0.099914, 0.002501, -0.011715, 0.033268, 0.002256, -0.027876, 0.008748, -0.134824, -0.009178, 0.035305, -0.121610, -0.000953, 0.006808, 0.057384, -0.016813, -0.001312, 0.050191, -0.017851, 0.027400, -0.021887, -0.019059, 0.131449, -0.086202, -0.010481, 0.073964]

=== CHUNK hdfc_large_cap_direct_growth::12::1 ===
source_url: https://groww.in/mutual-funds/hdfc-large-cap-fund-direct-growth
scheme: HDFC Large Cap Fund - Direct Growth
category: large_cap
plan_variant: direct_growth
section: DM Dhruv Muchhal Jun 2023 - Present View details
fact_type: general
authority: page_text
is_atomic: false
char_len: 1000
source_fetched_at: 2026-09-28T13:12:27+00:00
content_hash: 5c117494f665459a297c27214337419734c7566eb91a0f5ec410e04835ea8364
---
DM Dhruv Muchhal Jun 2023 - Present View details
HDFC ELSS Tax Saver Fund Direct Plan Growth
HDFC Large Cap Fund Direct Growth
HDFC Credit Risk Fund Direct Growth
HDFC Banking and PSU Debt Fund Direct Growth
HDFC Arbitrage Fund Direct Growth
HDFC Large & Mid Cap Fund Direct Growth
HDFC Small Cap Fund Direct Growth
HDFC Ultra Short Term Fund Direct Growth
HDFC Liquid Direct Plan Growth
HDFC Overnight Fund Direct Growth
HDFC Money Market Fund Direct Growth
HDFC Housing Opportunities Fund Direct Growth
HDFC Banking & Financial Services Fund Direct Growth
HDFC Multi Cap Fund Direct Growth
HDFC Business Cycle Fund Direct Growth
HDFC Long Term Fund Direct Growth
HDFC MNC Fund Direct Growth
HDFC Defence Fund Direct Growth
HDFC Consumption Fund Direct Growth
HDFC Transportation and Logistics Fund Direct Growth
HDFC Technology Fund Direct Growth
HDFC Pharma And Healthcare Fund Direct Growth
HDFC Manufacturing Fund Direct Growth
HDFC Children's Fund Direct Plan
HDFC Innovation Fund Direct Growth

embedding_dim: 384
embedding: [0.026302, -0.083034, -0.002436, -0.000939, 0.080854, 0.060179, -0.032119, 0.009490, -0.084466, 0.006044, -0.006720, -0.078565, -0.022102, -0.012344, 0.013668, -0.057203, -0.009133, -0.016230, 0.025906, -0.063388, 0.030946, -0.032564, 0.027736, -0.017045, -0.042525, 0.056652, -0.030005, 0.034954, -0.101719, -0.074855, 0.016426, 0.110376, 0.053938, 0.030820, 0.003630, 0.071984, 0.000341, 0.056247, 0.028497, -0.043885, -0.035573, -0.071860, 0.015385, -0.038101, 0.097746, -0.033163, -0.067512, -0.018133, 0.065612, 0.011559, -0.024845, 0.007628, 0.011713, 0.007397, 0.009097, -0.022039, -0.064762, -0.036441, -0.019069, 0.008924, -0.105454, 0.015353, 0.001088, -0.007671, -0.041748, -0.041851, 0.004436, 0.069177, -0.040274, 0.027317, -0.033742, -0.047808, -0.044215, 0.080092, -0.037672, -0.034627, 0.005971, 0.009059, 0.054600, -0.036965, -0.051513, 0.018862, 0.027148, 0.005934, -0.070955, 0.035817, 0.017066, -0.053829, 0.014308, -0.077882, 0.040727, -0.008769, 0.048313, 0.107315, -0.059996, -0.037291, -0.079032, -0.073558, -0.041800, -0.034447, 0.045216, -0.002407, 0.021262, -0.044569, -0.068546, -0.022462, 0.028301, 0.050870, 0.055159, -0.013221, -0.039100, 0.068698, -0.015982, -0.052920, -0.030227, -0.059656, -0.033659, -0.121004, 0.022819, 0.070182, 0.005538, 0.017627, -0.012983, -0.017802, -0.064323, 0.018217, -0.058045, 0.000000, -0.031747, -0.002705, 0.068541, 0.053367, -0.064246, -0.035427, 0.062694, 0.007054, -0.060241, 0.099612, -0.028614, 0.061753, -0.036809, 0.021977, 0.038723, -0.057625, -0.030310, 0.048261, 0.001438, 0.055222, -0.013353, 0.078284, 0.118240, -0.057107, 0.163558, -0.040400, 0.018857, -0.023520, 0.035590, 0.040669, -0.020646, -0.050206, -0.109065, -0.100930, -0.093671, 0.038180, -0.046689, -0.067336, -0.053320, -0.040738, -0.008167, -0.022146, -0.021015, -0.007254, -0.031128, 0.041167, 0.123071, 0.008139, -0.061494, -0.029340, -0.038077, -0.043541, 0.002601, -0.042612, 0.014086, 0.070824, -0.026354, -0.001054, 0.026498, 0.022123, -0.080799, -0.063018, -0.092922, 0.072773, -0.068838, 0.006726, 0.042925, -0.002127, 0.060578, -0.007579, 0.036857, -0.061418, -0.025004, 0.062091, 0.039671, 0.006287, -0.026154, 0.065038, -0.004137, 0.020040, -0.004499, 0.060819, 0.030472, 0.001367, 0.146946, 0.042189, 0.094796, -0.055672, -0.055514, 0.009207, -0.090678, -0.061149, 0.157153, -0.008222, -0.027750, -0.000000, 0.029650, 0.024445, -0.004405, 0.010417, 0.052777, 0.002807, 0.003558, -0.043811, 0.098694, 0.019428, -0.026414, 0.055836, 0.024040, -0.038941, -0.069230, -0.086464, -0.003569, -0.001289, -0.018628, -0.012843, -0.021397, 0.011787, -0.060621, 0.075371, -0.041075, 0.036171, -0.052743, 0.051769, 0.013567, 0.011127, -0.002072, -0.061455, -0.046601, 0.109541, -0.006872, -0.073615, 0.006834, -0.026605, -0.016743, 0.064613, 0.018962, -0.042906, 0.033889, -0.038608, 0.003804, -0.105945, -0.025650, -0.051689, 0.026354, 0.002919, -0.031090, 0.035023, -0.088964, 0.009006, -0.018229, -0.000684, 0.054254, -0.014654, -0.031180, -0.006145, -0.032131, 0.041855, 0.000950, 0.075180, 0.039726, -0.079612, -0.041629, -0.101068, -0.060177, -0.051305, -0.010276, 0.008582, -0.045439, 0.032332, -0.011060, 0.006605, 0.009999, 0.012632, 0.046378, 0.056880, 0.075094, -0.081428, -0.039176, 0.086358, -0.043967, -0.036345, 0.084713, -0.106969, 0.021860, 0.035605, -0.008418, -0.072253, 0.025403, -0.011222, 0.012654, -0.000000, 0.021861, 0.002449, 0.019696, 0.042483, 0.003435, -0.063337, -0.039052, 0.029834, 0.018479, -0.000264, 0.092296, 0.073788, -0.007725, -0.070823, -0.005414, -0.043218, -0.077377, 0.096755, -0.038885, 0.006770, 0.066972, 0.016067, -0.029425, 0.071765, 0.045236, -0.075241, 0.046429, -0.068260, 0.011170, 0.059348, 0.044025, -0.072485, -0.006908, -0.046084, 0.068705, 0.046684, -0.017025, 0.004185, 0.030334, 0.026831, -0.023944, -0.051622, 0.028734, -0.024118, -0.046651, -0.015449, -0.141547, -0.022068, 0.027731, -0.150937, 0.000732, 0.050967, 0.023394, -0.034689, 0.025788, 0.105387, -0.036250, 0.016397, 0.015484, 0.001640, 0.098072, -0.065260, -0.005994, 0.071616]

=== CHUNK hdfc_large_cap_direct_growth::13::0 ===
source_url: https://groww.in/mutual-funds/hdfc-large-cap-fund-direct-growth
scheme: HDFC Large Cap Fund - Direct Growth
category: large_cap
plan_variant: direct_growth
section: About HDFC Large Cap Fund Direct Growth
fact_type: general
authority: page_text
is_atomic: true
char_len: 590
source_fetched_at: 2026-09-28T13:12:27+00:00
content_hash: 5c117494f665459a297c27214337419734c7566eb91a0f5ec410e04835ea8364
---
About HDFC Large Cap Fund Direct Growth
About
HDFC Large Cap Fund Direct Growth
HDFC Large Cap Fund Direct Growth is a Equity Mutual Fund Scheme launched by HDFC Mutual Fund. This scheme was made available to investors on 10 Dec 1999. Rahul Baijal is the Current Fund Manager of HDFC Large Cap Fund Direct Growth fund. The fund currently has an Asset Under Management(AUM) of Cr and the Latest as of 25 Sep 2026 is .
The HDFC Large Cap Fund Direct Growth is rated Very High risk. Minimum SIP Investment is set to . Minimum Lumpsum Investment is . Exit load of 1% if redeemed within 1 year
;

embedding_dim: 384
embedding: [0.077019, -0.070403, -0.073541, 0.010254, 0.130253, 0.005802, 0.032176, 0.049178, -0.061932, 0.010530, -0.010648, -0.066557, -0.052298, -0.011853, -0.031876, -0.042697, -0.067934, -0.069656, 0.045915, 0.003001, -0.013034, -0.027717, -0.004068, 0.040822, 0.049749, -0.034030, 0.027763, 0.034038, -0.044076, -0.012365, 0.024117, 0.032026, 0.058632, -0.050595, -0.028825, 0.088915, -0.089510, 0.016644, -0.025066, -0.031407, 0.029464, 0.001807, 0.047112, -0.031314, 0.056634, -0.015462, -0.058667, 0.039892, -0.010488, -0.028822, -0.042220, -0.018883, 0.010357, 0.008033, 0.012074, 0.042963, -0.030306, -0.009535, 0.037448, 0.029055, -0.087728, -0.026282, 0.064416, -0.067165, 0.055750, -0.023053, -0.023851, 0.034525, 0.046003, 0.022230, -0.025401, -0.057095, -0.072489, -0.086962, -0.017521, -0.025615, -0.055693, 0.076611, 0.064682, -0.027201, -0.074786, 0.031391, 0.114702, -0.023783, -0.047210, 0.036965, 0.029331, -0.092321, -0.071094, -0.018776, 0.042422, 0.076009, 0.016183, 0.059092, -0.084307, -0.010113, -0.067513, -0.084352, -0.028782, -0.016143, 0.040796, 0.014316, -0.070696, -0.065983, 0.006375, -0.017454, 0.007669, 0.039249, 0.043325, -0.008779, 0.001545, 0.063845, -0.041606, -0.040044, -0.047512, 0.027709, -0.069603, -0.131379, 0.010768, -0.019386, 0.017479, -0.024067, -0.003107, -0.116367, -0.038633, -0.020244, -0.044397, 0.000000, -0.034966, 0.008162, -0.011009, -0.027669, -0.082203, -0.057112, 0.069507, 0.037561, -0.058181, -0.004382, 0.035095, 0.050924, -0.045981, 0.007938, -0.046970, -0.143689, 0.065584, 0.121690, -0.029122, -0.039015, 0.032773, 0.096590, 0.030675, -0.095379, 0.138030, -0.002853, 0.014663, 0.008767, 0.076668, 0.074030, -0.005324, 0.011304, -0.066589, -0.040718, -0.063878, -0.020695, -0.055907, -0.044873, -0.055007, -0.002587, 0.049096, 0.054756, 0.013447, -0.050181, -0.034935, 0.034535, 0.073408, 0.022622, -0.031593, 0.025414, -0.027019, -0.089284, 0.014451, 0.027053, 0.082720, -0.005242, -0.056519, 0.023285, 0.020015, 0.037653, -0.005369, -0.082201, -0.150044, 0.112106, -0.066903, 0.084203, 0.079686, -0.011583, 0.045882, -0.051961, 0.042249, 0.010869, 0.016651, 0.044303, -0.032697, -0.068226, 0.033578, 0.144527, -0.012844, 0.060376, 0.036775, 0.056795, 0.065235, -0.045104, 0.013956, -0.014266, 0.024321, 0.035170, -0.036699, -0.039010, 0.027661, -0.034034, 0.106632, 0.031741, -0.014338, -0.000000, 0.049285, 0.010552, -0.014145, -0.013370, -0.006610, 0.028107, 0.017611, 0.025904, 0.038344, -0.024436, 0.059443, 0.003245, 0.024764, -0.035872, -0.074536, -0.087687, 0.038355, -0.047458, -0.039330, -0.042591, 0.004663, -0.006582, 0.054866, 0.052566, -0.025918, -0.014349, -0.051284, 0.047360, -0.056587, 0.067283, -0.022018, -0.001224, -0.080998, 0.081761, -0.028318, -0.102572, -0.001760, 0.037563, -0.018542, 0.062069, 0.015912, -0.034765, 0.053596, -0.084908, 0.013428, -0.018876, 0.002518, 0.008993, 0.067144, -0.017366, -0.024766, -0.095920, 0.083195, 0.000072, -0.065857, 0.025793, 0.086437, 0.063326, -0.012483, -0.028300, 0.059568, 0.017068, -0.024492, 0.097905, -0.027309, 0.019795, -0.065967, -0.120073, 0.017424, -0.045871, 0.079655, 0.006751, 0.076577, 0.097749, -0.054878, 0.032739, 0.039250, -0.006518, 0.055286, 0.047676, 0.080249, 0.069689, -0.019557, 0.092718, -0.002283, -0.082431, -0.011798, -0.137596, -0.057170, 0.005963, -0.065420, -0.050025, 0.032400, 0.059206, 0.022362, -0.000000, 0.033951, -0.007708, 0.025708, -0.035376, -0.002194, -0.030345, -0.016161, -0.023626, 0.031035, 0.014698, -0.004991, 0.064026, -0.012983, -0.061393, -0.044310, -0.059930, 0.018640, 0.050696, 0.000146, -0.000971, 0.046484, 0.018757, 0.053680, 0.031858, 0.031153, 0.013044, 0.041612, 0.019909, -0.008657, -0.006331, 0.038433, -0.021372, 0.023324, 0.066222, -0.024301, 0.108597, -0.007715, 0.040377, 0.010967, 0.082641, 0.065378, -0.037813, 0.033628, -0.085695, -0.063518, 0.005890, -0.064045, -0.014242, 0.040251, -0.066382, 0.003893, -0.002725, -0.017678, -0.017843, 0.001649, 0.061304, -0.011986, 0.024159, -0.033030, -0.011369, 0.053311, -0.035351, 0.012222, 0.099120]

=== CHUNK hdfc_large_cap_direct_growth::14::0 ===
source_url: https://groww.in/mutual-funds/hdfc-large-cap-fund-direct-growth
scheme: HDFC Large Cap Fund - Direct Growth
category: large_cap
plan_variant: direct_growth
section: Investment Objective
fact_type: general
authority: page_text
is_atomic: true
char_len: 214
source_fetched_at: 2026-09-28T13:12:27+00:00
content_hash: 5c117494f665459a297c27214337419734c7566eb91a0f5ec410e04835ea8364
---
Investment Objective
The scheme seeks to provide long-term capital appreciation/income by investing predominantly in Large-Cap companies.
Fund benchmark
NIFTY 100 Total Return Index
Scheme Information Document(SID)

embedding_dim: 384
embedding: [0.079148, -0.007375, -0.062653, 0.003240, 0.041004, 0.027224, 0.040012, 0.021493, -0.041707, 0.030877, -0.097718, -0.032135, -0.003473, -0.030859, -0.094026, -0.037035, -0.045243, -0.029116, 0.060713, 0.000628, 0.035043, 0.005627, 0.006501, -0.059604, 0.055834, 0.019718, 0.042880, 0.002151, -0.023304, -0.007492, 0.017796, 0.037324, 0.061216, -0.056666, -0.093067, 0.106444, -0.024773, -0.012894, -0.033572, 0.009055, -0.020480, 0.026034, 0.042777, -0.054052, 0.068094, -0.057576, -0.036208, 0.002139, -0.006485, 0.029850, -0.053992, 0.007923, -0.031957, 0.027661, -0.033587, 0.036223, -0.096158, -0.028709, 0.024315, -0.043994, 0.029725, 0.004279, 0.075938, -0.014876, 0.095313, -0.034170, -0.044372, -0.017683, -0.097804, -0.048383, -0.006449, -0.046503, -0.132702, -0.081638, -0.060942, 0.064035, 0.027473, 0.027928, 0.025922, -0.017442, 0.020650, 0.080502, 0.052831, -0.034464, 0.009784, 0.004701, 0.054361, -0.023462, 0.022559, 0.013092, 0.046719, -0.019268, -0.037695, 0.007871, -0.031226, -0.046472, -0.087116, -0.011580, -0.025773, 0.065973, 0.020039, -0.023424, -0.072121, -0.082167, -0.064639, -0.068053, 0.066640, -0.029444, 0.021544, -0.046302, -0.030411, 0.101943, -0.035426, -0.029638, -0.039523, 0.038798, -0.054751, 0.002247, 0.084826, 0.060101, 0.064447, -0.015662, -0.004843, 0.009888, -0.062142, 0.032104, -0.022760, 0.000000, -0.105651, 0.042737, 0.052296, -0.008080, -0.119113, -0.032451, 0.030038, -0.037568, -0.096101, -0.034814, 0.024053, 0.127605, -0.008748, 0.006583, 0.038530, -0.043380, 0.004724, 0.144017, 0.043129, -0.055675, 0.066643, 0.015966, 0.039113, -0.029157, 0.089636, 0.011417, -0.021057, -0.037420, -0.003318, 0.047517, 0.074137, 0.073148, -0.026061, -0.088862, -0.034869, 0.030627, 0.018001, -0.020593, 0.006681, -0.016283, -0.058458, 0.047102, 0.010312, -0.051414, -0.121080, 0.046146, 0.035406, 0.076811, 0.042784, 0.040515, -0.053052, -0.058615, -0.113452, -0.005421, 0.037767, -0.005340, -0.055673, 0.011970, -0.024860, 0.001111, 0.018458, -0.125673, -0.091878, -0.017312, -0.124331, 0.095238, 0.087169, 0.050300, 0.065505, 0.076404, -0.029511, 0.022983, 0.001127, 0.001461, 0.012181, -0.063714, 0.001250, 0.089469, 0.036341, 0.040767, 0.017877, 0.038711, -0.041756, -0.090830, 0.088790, 0.006148, 0.028858, 0.019780, -0.035987, -0.055298, 0.048814, 0.015164, 0.002833, -0.028967, -0.026734, -0.000000, 0.055266, -0.037436, -0.042413, 0.006720, 0.010746, -0.007302, 0.005598, 0.034969, -0.041159, 0.044542, 0.029676, -0.031348, 0.017704, 0.059948, -0.058896, -0.074482, 0.017136, -0.051808, 0.005879, -0.101158, 0.048257, -0.015540, 0.026710, 0.008128, -0.051265, 0.048801, -0.139354, 0.047697, -0.022929, -0.013265, -0.036844, -0.001198, -0.085520, 0.041763, 0.001266, 0.026862, 0.032300, -0.076440, -0.003258, 0.093698, 0.060137, 0.033123, 0.064466, -0.015540, 0.034463, -0.050229, 0.001839, 0.050445, 0.122480, -0.034940, 0.008833, 0.004445, 0.040936, 0.005544, -0.082825, 0.040013, -0.037603, -0.021384, -0.028270, -0.007631, 0.026729, 0.084443, -0.043342, 0.145214, -0.044692, -0.028683, 0.027642, -0.098172, -0.021224, -0.072538, 0.020653, -0.064929, 0.073471, 0.010678, -0.077266, 0.069701, 0.072012, -0.030333, 0.020475, 0.023155, 0.022633, 0.071731, 0.015136, 0.049097, 0.025587, 0.003201, 0.008314, -0.031279, -0.036167, 0.047078, -0.046710, -0.005390, 0.030996, 0.062448, 0.044870, -0.000000, -0.037678, -0.062441, -0.021813, 0.002011, -0.030995, -0.006554, 0.006508, -0.043289, -0.027270, -0.041634, 0.085374, 0.039790, -0.108216, 0.041959, -0.046303, -0.027738, -0.057729, 0.043949, 0.021163, 0.024047, 0.049120, 0.068745, 0.073638, -0.064102, -0.028035, 0.016723, 0.063224, 0.056258, 0.036358, 0.001157, -0.017389, 0.041515, 0.040531, -0.006526, -0.012014, 0.080767, 0.058639, 0.094309, 0.037236, 0.061788, 0.005939, 0.005785, 0.029547, -0.068562, -0.029768, 0.032588, -0.095685, -0.010992, 0.044651, -0.111708, -0.019124, 0.001370, -0.044429, 0.036958, -0.024232, 0.049466, -0.082104, 0.003721, -0.058014, -0.012016, 0.023958, -0.087175, -0.000252, 0.023290]

=== CHUNK hdfc_large_cap_direct_growth::15::0 ===
source_url: https://groww.in/mutual-funds/hdfc-large-cap-fund-direct-growth
scheme: HDFC Large Cap Fund - Direct Growth
category: large_cap
plan_variant: direct_growth
section: Fund house
fact_type: general
authority: page_text
is_atomic: false
char_len: 1196
source_fetched_at: 2026-09-28T13:12:27+00:00
content_hash: 5c117494f665459a297c27214337419734c7566eb91a0f5ec410e04835ea8364
---
Fund house
HDFC Mutual Fund
Rank (total assets)
#2 in India
Total AUM
₹9,86,236.84 Cr
Date of Incorporation
10 Dec 1999
Phone
022 – 66316333
E-mail
[email protected]
Website
http://www.hdfcfund.com
Launch Date
10 Dec 1999
Address
"HDFC House", 2nd Floor, H. T. Parekh Marg, 165-166, BackbayReclamation, Churchgate Mumbai 400020
Custodian
HDFC Bank
Registrar & Transfer Agent
Cams
Email
[email protected]
Website
www.camsonline.com
Address
7th Floor, Tower II, Rayala Towers, 158, Anna Salai,
Home
>
Mutual Funds
>
HDFC Mutual Fund
>
HDFC Large Cap Fund Direct Growth
Vaishnavi Tech Park, South Tower, 3rd Floor
Sarjapur Main Road, Bellandur, Bengaluru – 560103
Karnataka
Contact Us
Download the App
GROWW
About Us
Pricing
Blog
Media & Press
Careers
Help & Support
Trust & Safety
Investor Relations
PRODUCTS
Stocks
F&O
MTF
ETF
IPO
Mutual Funds
Commodities
Groww Terminal
915 Terminal
Stock Screens
Algo Trading
Groww Charts
Groww Digest
Demat Account
Groww AMC
PMS
Bonds
Credit
© 2016-
2026
Groww. All rights reserved.
Version:
8.0.3
Share Market
Indices
F&O
Mutual Funds
ETFs
Funds By Groww
Calculators
IPO
Miscellaneous
Top Gainers Stocks
52 Weeks High Stocks
Tata Motors
NHPC
ITC
Wipro
BSE
NTPC

embedding_dim: 384
embedding: [0.049960, -0.118946, -0.117990, 0.052913, 0.064002, 0.054329, -0.031068, 0.061216, -0.071958, -0.026416, -0.051978, -0.094258, -0.047539, -0.044201, -0.001968, -0.037246, 0.046395, -0.088921, 0.067355, 0.015123, -0.032227, -0.050700, 0.011201, -0.036385, 0.086425, 0.029968, -0.059423, 0.053794, -0.069059, -0.081749, 0.045524, 0.031607, -0.007326, 0.038663, 0.044298, 0.049273, -0.059621, 0.006860, 0.022951, -0.085323, 0.029814, -0.025192, -0.004820, -0.065631, 0.079860, -0.036541, -0.026762, 0.033807, 0.045023, -0.002952, 0.009351, 0.013890, 0.035655, 0.004863, 0.008343, 0.067679, 0.023904, -0.057060, 0.071225, 0.012593, 0.002241, 0.005903, 0.031359, -0.024116, 0.068230, -0.072347, -0.014778, 0.068938, 0.053371, -0.044985, 0.013876, -0.051110, -0.067157, -0.038112, -0.024676, 0.044895, 0.001732, 0.033533, 0.056212, -0.063965, -0.046503, -0.020852, 0.106137, 0.100402, -0.072127, 0.027689, 0.090629, -0.028509, -0.021637, -0.043715, 0.099476, 0.084723, -0.014616, 0.047753, -0.009005, -0.074084, -0.030620, -0.026073, -0.052570, -0.004231, 0.040453, 0.008325, -0.040707, -0.078669, -0.028389, -0.039825, 0.019126, 0.074000, 0.072628, -0.050705, -0.040747, 0.055072, -0.077064, -0.010506, -0.047922, -0.001122, -0.023813, -0.123256, -0.031242, -0.054823, -0.001025, 0.011642, -0.037526, -0.067563, -0.027880, -0.081368, -0.055369, 0.000000, -0.004074, 0.097124, 0.003239, -0.083792, 0.004414, -0.030745, 0.011423, 0.021242, -0.025693, 0.075229, -0.012108, 0.005991, -0.044002, -0.030644, -0.047404, -0.110377, 0.034644, 0.018205, -0.019579, -0.012341, 0.003999, 0.055675, 0.034974, -0.038114, 0.062889, -0.011105, 0.022490, 0.016810, 0.025851, 0.064163, 0.023523, -0.017223, -0.034851, -0.027030, -0.067616, -0.021736, -0.017124, -0.077548, -0.124633, -0.020096, 0.017866, 0.081026, -0.032082, -0.036493, 0.002409, 0.031921, 0.121831, 0.043713, 0.037652, 0.015624, -0.139815, -0.039640, -0.059721, 0.021003, 0.059923, 0.020788, -0.004309, -0.032970, 0.064260, 0.019701, -0.028164, -0.072480, -0.135398, 0.035847, -0.080916, 0.058284, 0.055615, 0.000697, 0.034015, 0.010074, 0.034435, -0.043904, 0.084675, 0.040021, 0.018818, -0.012643, -0.068666, 0.119567, 0.014444, 0.038688, 0.028057, 0.045030, 0.066963, -0.002499, 0.093623, 0.001783, 0.056942, -0.008381, -0.058892, -0.014557, -0.037798, -0.040873, 0.080999, -0.012592, -0.031612, -0.000000, 0.025798, -0.004004, -0.036681, -0.005180, 0.009277, 0.060088, 0.033325, 0.017236, 0.062551, 0.028308, 0.068984, 0.050695, 0.013255, -0.068380, -0.063356, -0.026604, 0.015126, -0.050503, -0.022677, -0.036666, 0.046898, -0.001744, -0.060444, 0.078646, -0.006212, 0.069606, -0.012480, 0.035654, -0.024111, 0.063774, -0.006575, -0.017623, -0.096067, 0.100291, -0.042663, -0.047979, 0.065142, 0.075955, -0.025668, 0.089950, 0.001377, 0.027142, 0.030211, -0.049951, 0.026265, -0.065345, 0.000122, -0.036848, 0.068430, -0.001145, -0.030144, -0.048674, 0.038776, 0.013275, -0.059418, 0.042613, 0.079947, 0.106801, -0.067624, -0.028915, 0.062620, 0.085374, 0.038639, 0.125967, -0.010138, 0.012896, -0.019000, -0.058164, 0.025269, -0.091422, -0.020306, -0.039917, 0.058144, 0.013772, -0.017966, 0.038781, -0.001452, -0.012772, 0.036394, 0.020161, 0.108074, 0.032702, -0.015780, 0.032235, -0.002972, -0.028087, 0.031228, -0.061590, 0.012779, -0.023058, -0.022929, -0.047033, 0.006623, 0.011904, -0.009495, -0.000000, 0.021395, -0.011283, -0.001277, -0.009339, 0.004046, -0.134290, 0.014613, 0.043268, 0.006449, -0.010109, 0.051729, 0.029629, -0.055041, -0.066407, -0.027958, -0.078757, -0.051378, 0.042707, -0.008982, 0.001201, 0.063724, 0.010214, 0.064368, 0.003151, 0.036228, -0.017898, 0.002430, -0.078414, 0.034802, 0.041103, 0.021154, 0.027084, 0.008263, -0.016986, -0.002314, 0.100596, 0.058412, -0.025801, 0.037611, 0.072524, 0.005683, -0.102070, 0.013424, -0.037130, -0.012937, 0.013686, -0.074345, -0.019431, 0.057163, -0.151996, -0.005259, 0.006226, -0.007835, -0.035533, -0.028427, 0.076704, -0.063155, 0.006685, 0.005213, 0.002907, 0.078241, -0.121280, -0.013555, 0.035054]

=== CHUNK hdfc_large_cap_direct_growth::15::1 ===
source_url: https://groww.in/mutual-funds/hdfc-large-cap-fund-direct-growth
scheme: HDFC Large Cap Fund - Direct Growth
category: large_cap
plan_variant: direct_growth
section: Fund house
fact_type: general
authority: page_text
is_atomic: false
char_len: 1181
source_fetched_at: 2026-09-28T13:12:27+00:00
content_hash: 5c117494f665459a297c27214337419734c7566eb91a0f5ec410e04835ea8364
---
Fund house
Indices
F&O
Mutual Funds
ETFs
Funds By Groww
Calculators
IPO
Miscellaneous
Top Gainers Stocks
52 Weeks High Stocks
Tata Motors
NHPC
ITC
Wipro
BSE
NTPC
Top Losers Stocks
52 Weeks Low Stocks
IREDA
State Bank of India
Adani Power
CDSL
Cochin Shipyard
SJVN
Most Traded Stocks
Stocks Market Calender
Tata Steel
Tata Power
Bharat Heavy Electricals
Indian Oil Corporation
HUDCO
SAIL
Stocks Feed
Suzlon Energy
Zomato (Eternal)
Yes Bank
Infosys
NBCC
IRCTC
Share Market Live Update
FII DII Activity
IRFC
Bharat Electronics
HDFC Bank
Vedanta
Reliance Power
Jaiprakash Power Ventures
Stocks Sectors
NIFTY 50
NIFTY Midcap 100
NIFTY 100
US Tech 100
NIFTY Realty
Nikkei index
SENSEX
NIFTY Smallcap 100
NIFTY Auto
Dow Jones Futures
NIFTY PSU Bank
NIFTY FMCG
NIFTY BANK
NIFTY MIDCAP 150
KOSPI Index
Dow Jones Index
Gift Nifty
BSE BANKEX
India VIX
NIFTY Pharma
HANG SENG Index
BSE 100
FTSE 100 Index
S&P 500
NIFTY NEXT 50
NIFTY Metal
DAX Index
NIFTY Fin Service
CAC Index
Nifty Pvt Bank
NIFTY Bank Options
SBI Options
Bajaj Finance Options
Axis Bank Options
Hindustan Unilever Options
NIFTY Bank Futures
Finnifty Futures
ITC Futures
ICICI Bank Futures
Biocon Futures
Indusind Bank Futures

embedding_dim: 384
embedding: [0.035952, -0.093367, -0.039640, 0.031972, 0.065337, 0.004954, 0.069942, -0.001222, -0.047649, -0.039502, -0.059248, -0.019519, -0.012238, -0.034853, -0.016413, -0.041461, 0.045569, -0.046419, 0.023076, 0.003120, -0.000747, -0.047595, -0.007248, -0.075339, 0.011016, 0.002919, -0.051852, 0.033028, -0.095323, -0.073364, -0.080926, 0.108630, -0.022612, 0.024947, -0.050813, 0.006560, -0.006313, 0.071909, 0.095334, -0.052069, -0.054693, -0.095286, 0.005900, -0.039401, 0.054459, -0.050042, -0.057311, -0.023035, 0.068909, -0.033910, -0.073298, 0.015707, 0.031599, 0.067334, -0.031108, -0.030815, -0.086839, -0.069674, 0.039535, 0.018842, -0.016073, 0.040624, 0.025339, 0.011189, 0.046603, -0.009867, -0.076718, 0.046906, -0.015747, 0.015722, 0.015544, -0.039989, -0.094071, 0.006365, -0.022048, -0.001456, 0.011772, 0.022819, 0.034846, -0.028137, -0.042178, -0.016404, 0.061249, 0.021491, -0.081608, 0.015306, 0.022951, -0.002255, -0.043190, -0.018134, 0.041371, 0.056331, 0.025187, 0.009956, 0.029964, -0.022207, -0.068923, -0.013536, -0.084805, -0.004047, 0.040345, 0.044038, -0.016366, -0.025002, -0.131181, -0.026895, 0.030974, 0.028721, 0.062781, -0.029485, -0.039187, 0.073674, -0.072785, -0.082075, -0.144916, -0.033899, -0.093175, 0.006088, 0.058950, 0.051696, -0.000457, 0.075767, -0.065239, 0.015844, -0.010523, 0.081140, -0.027091, 0.000000, -0.078535, 0.054370, 0.074361, -0.049320, -0.071578, -0.039963, 0.045414, -0.051325, -0.097332, 0.028589, -0.022770, 0.087451, -0.043305, -0.016206, 0.059390, -0.136392, 0.011915, -0.012877, -0.010537, -0.074642, 0.069354, 0.049689, 0.066592, -0.046543, 0.062923, -0.096354, -0.026061, -0.022908, -0.032832, 0.061734, -0.005007, -0.024295, -0.049473, -0.060780, -0.069782, -0.043218, 0.046593, -0.008692, -0.037112, -0.065406, -0.015461, 0.034314, -0.008822, -0.014300, -0.043534, 0.086792, 0.039527, 0.052438, -0.009579, 0.007220, -0.086682, -0.039023, -0.041782, 0.055289, 0.013383, 0.062887, 0.015642, -0.022748, 0.035500, 0.012655, -0.079101, -0.001644, -0.050058, -0.059420, -0.048858, 0.056501, 0.070410, 0.004283, -0.029876, 0.117276, 0.009309, -0.051834, 0.059339, 0.030703, 0.105799, 0.037583, -0.034984, -0.020193, 0.042518, -0.006349, 0.010874, -0.046035, -0.010193, -0.018335, 0.125318, -0.003959, 0.049494, -0.038046, -0.025003, -0.010426, -0.055520, -0.023899, 0.066063, -0.074007, -0.117811, -0.000000, -0.006220, -0.005572, 0.020021, 0.071372, 0.030625, -0.049760, 0.043022, -0.023160, 0.071723, 0.041145, 0.034293, 0.034566, -0.020138, -0.016071, -0.051066, -0.032713, 0.012387, 0.019380, -0.009131, 0.005486, -0.022592, -0.004115, -0.014299, 0.058678, -0.000614, 0.039636, -0.036395, 0.077668, -0.010899, 0.017856, -0.026685, -0.056591, -0.014179, 0.100789, -0.032111, 0.007377, 0.024456, -0.030736, -0.017263, 0.037950, -0.029283, -0.001743, -0.007622, 0.007281, -0.035173, -0.105329, -0.090691, 0.000723, 0.002937, -0.011632, -0.012980, 0.064308, -0.051400, 0.003117, -0.046526, 0.033650, 0.018764, 0.022679, -0.097957, -0.021127, 0.033965, 0.065916, 0.030684, 0.104259, 0.091352, -0.084119, -0.073967, 0.006822, -0.062127, -0.071037, 0.036190, -0.022858, -0.070431, -0.011075, 0.001912, 0.047010, 0.065204, -0.036254, 0.050395, 0.028419, 0.053435, 0.003714, -0.037561, 0.041566, -0.004334, 0.057018, 0.026611, -0.016934, 0.080659, 0.027605, 0.026880, -0.088096, 0.037823, 0.025242, -0.007077, -0.000000, -0.022945, -0.031500, 0.019364, 0.041561, 0.031562, -0.042706, 0.000385, 0.013572, 0.001655, -0.023081, 0.114665, 0.016829, -0.074933, -0.022181, 0.007188, -0.096653, -0.040550, 0.087741, -0.026052, -0.069342, 0.055260, 0.041118, 0.009818, 0.063863, 0.029308, -0.060921, -0.017285, -0.136600, 0.011606, 0.078306, -0.024677, -0.066745, 0.023141, -0.070395, 0.049606, 0.083030, -0.004372, -0.014679, -0.017014, 0.044683, -0.050823, -0.052651, 0.028072, -0.031215, -0.063279, -0.021971, -0.066149, -0.001628, 0.076390, -0.140561, 0.005709, -0.029265, -0.012348, -0.004309, -0.010609, 0.052272, -0.128743, 0.080347, -0.011484, -0.060770, 0.118636, -0.028008, 0.040298, 0.044013]

=== CHUNK hdfc_large_cap_direct_growth::15::2 ===
source_url: https://groww.in/mutual-funds/hdfc-large-cap-fund-direct-growth
scheme: HDFC Large Cap Fund - Direct Growth
category: large_cap
plan_variant: direct_growth
section: Fund house
fact_type: general
authority: page_text
is_atomic: false
char_len: 1192
source_fetched_at: 2026-09-28T13:12:27+00:00
content_hash: 5c117494f665459a297c27214337419734c7566eb91a0f5ec410e04835ea8364
---
Fund house
Axis Bank Options
Hindustan Unilever Options
NIFTY Bank Futures
Finnifty Futures
ITC Futures
ICICI Bank Futures
Biocon Futures
Indusind Bank Futures
Crude Oil Mini Future Price
Gold Petal Future Price
Silver Micro Future Price
Nickel Future Price
Natural Gas Mini MCX Option Chain
Copper MCX Option Chain
NIFTY 50 Options
HDFC Bank Options
Wipro Options
DLF Options
REC Options
Yes Bank Futures
Zomato Futures
Ashok Leyland Futures
HDFC Bank Futures
UPL Futures
Adani Enterprises Futures
Gold Future Price
Natural Gas Future Price
Zinc Future Price
Gold MCX Option Chain
Gold Mini MCX Option Chain
Commodities Expiry Calendar
Bse Sensex Options
Tata Steel Options
NTPC Options
Bajaj Auto Options
Indusind Bank Options
Tata Motors Futures
Infosys Futures
Asian Paints Futures
Lupin Futures
Cipla Futures
IDFC First Bank Futures
Gold Mini Future Price
Natural Gas Mini Future Price
Copper Future Price
Crude Oil MCX Option Chain
Silver MCX Option Chain
Finnifty Options
Infosys Options
Asian Paints Options
Coal India Options
Ashok Leyland Options
Tata Steel Futures
BSE Sensex Futures
Wipro Futures
DLF Futures
Bajaj Finance Futures
Piramal Enterprises Futures
Gold Ten Future Price

embedding_dim: 384
embedding: [0.023471, -0.105941, -0.031476, 0.046155, 0.008699, 0.012374, -0.030316, -0.021280, -0.022854, -0.020882, -0.074312, -0.017855, -0.103583, 0.002778, 0.029570, -0.018237, 0.029709, -0.005750, -0.020958, -0.011551, -0.000653, -0.042541, -0.038089, -0.042206, -0.009957, -0.005014, -0.023733, 0.030007, -0.128984, -0.061925, -0.006169, 0.099892, -0.040090, 0.012105, 0.010109, 0.013123, -0.075798, 0.104625, 0.120049, -0.071136, -0.081150, -0.059550, 0.031803, -0.047057, 0.046011, -0.042180, -0.037000, -0.090802, 0.065994, -0.018783, 0.008369, 0.003997, 0.044071, -0.038202, 0.004744, -0.000634, -0.100814, -0.060566, 0.046405, -0.075949, -0.059851, 0.040376, -0.000553, -0.006334, -0.050489, -0.026229, -0.050898, 0.115470, -0.015193, -0.027417, 0.007804, -0.029128, -0.080287, -0.014776, -0.032642, 0.042335, 0.079088, -0.010863, 0.026655, -0.046344, -0.022325, -0.015397, 0.040520, -0.041791, -0.102691, 0.032006, 0.090011, 0.037061, 0.033185, -0.036147, 0.014150, 0.002661, 0.023942, 0.042228, 0.025091, -0.024767, -0.035925, -0.018301, -0.026390, -0.024598, 0.078529, 0.017818, -0.000336, 0.003527, -0.092638, -0.089983, 0.048321, 0.032640, 0.039551, -0.059688, -0.043601, 0.061181, -0.035453, -0.112067, -0.113728, -0.036923, -0.072642, -0.061951, 0.049989, 0.060193, -0.012610, 0.060803, -0.036589, 0.029896, -0.030817, 0.057106, 0.008634, 0.000000, -0.074451, 0.016917, 0.050580, -0.086183, -0.005852, -0.047139, 0.010305, -0.063170, -0.050872, 0.046006, 0.040728, 0.019195, -0.068942, 0.028549, -0.055671, -0.091316, 0.020510, -0.087840, 0.012321, -0.023686, -0.031110, 0.083933, 0.042094, -0.046864, 0.019281, -0.052348, 0.025367, -0.054840, -0.024419, 0.058939, -0.004806, -0.026502, -0.058486, -0.051619, -0.008626, 0.057096, 0.010663, -0.023252, -0.063575, -0.054649, -0.003070, 0.010981, -0.075973, -0.007717, -0.029594, 0.010050, 0.093793, 0.024021, -0.035120, -0.022487, -0.113261, 0.023084, -0.092269, 0.022136, 0.026245, -0.029884, 0.031549, -0.043670, 0.041000, 0.019566, -0.110870, -0.005953, -0.101551, 0.011425, -0.041658, 0.050989, 0.048213, -0.052937, -0.050307, 0.092172, 0.041783, -0.057875, 0.073588, -0.014731, 0.067149, 0.019536, -0.000099, -0.003238, 0.050791, -0.029387, -0.020476, -0.031807, -0.013512, 0.061564, 0.165337, 0.022411, -0.009140, -0.007974, 0.012327, -0.025764, -0.058569, -0.060814, 0.050444, -0.045587, -0.051821, -0.000000, 0.034134, 0.047521, 0.027192, 0.055682, 0.032403, 0.003792, 0.023747, -0.046968, 0.114688, 0.074696, -0.053092, 0.039421, 0.008807, -0.029519, -0.057995, -0.079906, -0.037748, 0.007355, 0.012247, 0.002632, -0.037038, -0.000923, -0.075822, 0.061620, -0.052380, 0.044834, -0.017623, 0.066749, -0.013882, -0.046250, -0.057448, -0.066756, -0.031726, 0.050462, -0.038015, -0.023734, 0.100131, 0.040428, -0.049678, 0.063660, -0.042753, -0.046365, -0.010269, -0.025443, -0.040463, -0.104938, -0.096767, -0.029435, 0.095516, 0.023875, -0.070294, 0.089358, -0.069992, -0.022695, 0.011353, -0.013821, 0.035641, 0.009946, -0.023623, 0.023329, -0.009540, 0.047797, 0.100935, 0.039640, 0.119863, -0.083664, -0.126420, -0.030518, -0.027095, 0.008369, -0.019276, -0.018289, -0.054878, -0.014750, 0.058277, 0.004765, 0.027857, -0.034681, 0.109262, 0.043923, 0.080709, -0.034940, -0.023062, 0.068006, 0.025878, -0.022110, -0.022173, 0.030456, 0.045918, 0.022081, 0.017690, -0.116324, 0.060472, 0.030144, -0.043428, -0.000000, -0.027494, 0.006243, 0.002366, 0.066481, -0.001644, -0.002983, 0.037728, 0.029390, 0.022014, 0.030139, 0.110168, 0.027438, -0.049915, -0.040615, -0.023977, -0.015843, -0.062805, 0.014805, 0.003694, -0.057351, 0.037449, 0.010693, -0.004457, 0.029081, 0.005123, -0.048389, 0.024658, -0.007134, -0.004616, 0.033153, -0.037678, -0.073511, 0.054845, -0.056002, 0.081098, 0.043664, -0.029779, 0.016944, 0.012929, 0.031177, -0.048714, -0.060920, -0.000022, -0.028024, -0.027823, -0.016155, -0.082961, -0.035689, 0.025919, -0.118582, 0.005695, -0.009161, 0.022000, 0.000229, -0.000324, 0.096266, -0.101543, -0.001632, 0.007929, -0.031747, 0.071656, -0.092351, -0.054855, 0.008987]

=== CHUNK hdfc_large_cap_direct_growth::15::3 ===
source_url: https://groww.in/mutual-funds/hdfc-large-cap-fund-direct-growth
scheme: HDFC Large Cap Fund - Direct Growth
category: large_cap
plan_variant: direct_growth
section: Fund house
fact_type: general
authority: page_text
is_atomic: false
char_len: 1196
source_fetched_at: 2026-09-28T13:12:27+00:00
content_hash: 5c117494f665459a297c27214337419734c7566eb91a0f5ec410e04835ea8364
---
Fund house
Tata Steel Futures
BSE Sensex Futures
Wipro Futures
DLF Futures
Bajaj Finance Futures
Piramal Enterprises Futures
Gold Ten Future Price
Silver Future Price
Aluminium Future Price
Crude Oil Mini MCX Option Chain
Silver Mini MCX Option Chain
Tata Motors Options
ITC Options
ICICI Bank Options
Adani Enterprises Options
NIFTY 50 Futures
Coal India Futures
Axis Bank Futures
Vedanta Futures
Reliance Industries Futures
Hindustan Copper Futures
Crude Oil Future Price
Gold Guinea Future Price
Silver Mini Future Price
Electricity Future Price
Natural Gas MCX Option Chain
Zinc MCX Option Chain
MF Screener
Debt Mutual Funds
Best Multicap Mutual funds
Best Contra Mutual funds
Best Conservative Hybrid Mutual funds
SBI Contra Fund
Nippon India Nifty 500 Momentum 50 Index Fund
HDFC Balanced Advantage Fund
Quant Mid Cap Fund
Bank of India Small Cap Fund
Quant Multi Asset Fund
Nippon India
TATA
Bandhan
Edelweiss
HSBC
Union
Quantum
Shriram
Compare Mutual Funds
Best Debt Mutual funds
Best Large Cap Mutual funds
Best Value Oriented Mutual funds
Parag Parikh Flexi Cap Fund
HDFC Mid Cap Opportunities Fund
Motilal Oswal Nifty India Defence Index Fund
ICICI Prudential India Opportunities Fund

embedding_dim: 384
embedding: [0.030749, -0.077317, -0.008076, 0.034817, 0.032393, 0.010673, 0.004489, 0.008971, -0.002970, -0.024446, -0.104115, -0.053158, -0.054713, -0.007620, 0.009459, -0.036336, 0.023116, -0.033927, 0.027993, 0.006244, -0.010844, -0.042408, -0.003333, -0.060092, -0.000721, 0.022992, -0.022335, 0.001398, -0.111829, -0.039863, -0.016678, 0.087085, -0.035783, -0.003371, -0.043653, 0.022967, -0.058379, 0.086201, 0.098812, -0.045361, -0.103424, -0.032927, 0.045361, -0.064217, 0.042535, -0.056281, -0.028252, -0.054473, 0.072425, -0.028303, -0.048921, -0.016513, 0.014627, -0.008804, -0.011639, -0.007431, -0.120731, -0.063918, 0.031912, -0.052732, -0.056464, -0.003014, 0.017716, 0.008605, -0.003169, -0.016144, -0.044458, 0.104972, -0.001481, -0.030585, 0.013695, -0.003956, -0.093030, 0.000003, -0.024847, 0.038563, 0.076692, 0.025539, 0.032481, -0.043687, -0.032515, 0.010520, 0.055258, -0.012916, -0.080441, 0.033363, 0.060645, 0.070293, 0.039959, -0.005776, 0.027221, 0.024431, -0.004788, 0.058357, 0.039031, -0.008210, -0.054268, -0.081766, -0.069920, -0.018178, 0.099733, 0.000039, -0.010065, -0.005562, -0.074867, -0.075905, 0.055576, -0.015509, 0.040581, -0.030778, -0.029216, 0.085253, -0.068808, -0.103061, -0.110033, -0.029209, -0.083948, -0.045403, 0.062825, 0.062743, -0.017996, 0.056231, -0.037319, 0.008115, -0.003980, 0.057005, -0.021235, 0.000000, -0.072072, 0.023929, 0.038942, -0.011028, -0.064480, -0.016561, 0.069362, -0.073707, -0.073152, -0.005040, 0.015947, 0.045969, -0.082148, 0.015493, -0.006746, -0.103106, 0.021034, -0.026502, 0.001699, -0.025586, 0.018995, 0.103333, 0.082227, -0.077881, 0.056487, -0.090250, 0.049335, -0.056676, -0.050125, 0.048537, -0.006559, -0.036274, -0.046346, -0.098362, -0.007894, 0.049986, -0.025260, -0.023719, -0.080391, -0.063861, 0.005215, 0.021524, -0.049584, -0.007210, -0.026129, -0.016023, 0.065890, 0.047011, -0.044814, -0.045830, -0.104768, -0.019281, -0.063859, -0.009476, 0.014661, 0.018959, 0.008951, -0.022041, -0.011956, 0.032999, -0.080706, -0.062495, -0.118537, 0.021741, -0.042550, 0.077785, 0.040970, -0.010668, -0.007439, 0.087123, 0.021020, -0.055868, 0.096322, 0.035502, 0.043414, 0.020367, 0.021760, 0.046896, 0.043227, 0.002475, 0.005570, -0.002005, -0.029229, 0.035010, 0.116458, 0.013845, 0.043043, -0.007025, 0.014328, 0.020566, -0.032293, -0.048219, 0.044181, -0.016705, -0.049663, -0.000000, 0.017424, 0.040326, 0.068711, 0.055542, 0.038051, -0.029720, 0.034527, -0.019727, 0.092185, 0.045865, -0.016443, 0.023148, -0.014443, -0.021162, -0.079511, -0.075306, -0.019966, -0.020337, 0.027684, -0.040200, -0.064468, 0.008915, -0.051038, 0.025253, -0.039020, 0.043517, -0.044783, 0.063558, -0.078566, -0.013805, -0.030409, -0.029168, -0.023510, 0.075743, -0.012731, -0.046072, 0.039366, -0.013366, -0.000888, 0.073515, -0.028160, 0.005912, 0.027220, -0.039820, -0.008755, -0.126649, -0.085589, -0.029049, 0.087704, 0.007271, -0.065178, 0.027011, -0.073853, -0.017126, 0.015274, -0.036137, -0.005808, 0.029200, 0.020561, 0.002295, 0.028063, 0.067513, 0.039866, 0.087807, 0.055625, -0.049140, -0.129269, -0.040552, -0.067451, 0.018623, -0.047451, 0.012842, -0.006275, 0.001375, 0.043708, 0.025760, 0.023309, -0.016193, 0.080552, 0.044190, 0.097393, -0.001876, -0.069958, 0.080266, 0.027836, 0.049457, -0.004817, -0.012871, 0.062545, -0.005002, 0.011287, -0.092961, 0.076288, 0.036868, -0.032031, -0.000000, -0.035887, -0.034836, -0.015718, 0.068261, -0.033966, -0.012065, -0.005307, -0.043728, 0.050886, -0.024397, 0.117064, 0.034906, -0.055879, -0.072155, -0.042964, -0.065880, -0.098095, 0.044964, 0.003309, -0.063574, 0.048033, 0.032986, 0.010353, 0.051147, 0.045505, -0.049477, 0.006539, -0.032445, -0.006531, 0.099684, -0.016770, -0.086374, 0.053885, -0.101734, 0.056266, 0.096583, -0.006750, 0.031457, 0.034100, 0.075593, -0.022567, -0.056854, 0.025297, -0.045435, -0.033937, -0.049802, -0.104067, 0.019147, 0.014695, -0.150322, 0.011481, -0.007345, 0.012581, 0.035884, -0.014293, 0.095818, -0.087611, 0.024557, -0.033701, -0.052511, 0.057175, -0.100659, -0.016833, 0.062689]

=== CHUNK hdfc_large_cap_direct_growth::15::4 ===
source_url: https://groww.in/mutual-funds/hdfc-large-cap-fund-direct-growth
scheme: HDFC Large Cap Fund - Direct Growth
category: large_cap
plan_variant: direct_growth
section: Fund house
fact_type: general
authority: page_text
is_atomic: false
char_len: 1199
source_fetched_at: 2026-09-28T13:12:27+00:00
content_hash: 5c117494f665459a297c27214337419734c7566eb91a0f5ec410e04835ea8364
---
Fund house
Parag Parikh Flexi Cap Fund
HDFC Mid Cap Opportunities Fund
Motilal Oswal Nifty India Defence Index Fund
ICICI Prudential India Opportunities Fund
Kotak Small Cap Fund
Canara Robeco Bluechip Equity Fund
GrowwMF
Motilal Oswal
Aditya Birla
Axis
Bank of India
Bajaj Finserv
Helios
ITI
Trust
MF Knowledge Centre
Best Equity Mutual funds
Best Small Cap Mutual funds
Best Arbitrage Mutual funds
Motilal Oswal Midcap Fund
SBI Small Cap Fund
HDFC Small Cap Fund
Kotak Multicap Fund
ICICI Prudential Infrastructure Fund
Bandhan Nifty Alpha 50 Index Fund
SBI
Quant
Mirae Asset
DSP
Baroda BNP Paribas
Mahindra Manulife
Sundaram
Samco
Taurus
Mutual Fund Houses
Best Hybrid Mutual funds
Best ELSS Mutual funds
Best Dividend Yield Mutual funds
Nippon India Small Cap Fund
HDFC Flexi Cap Fund
Tata Small Cap Fund
Tata Ethical Fund
Mirae Asset ELSS Tax Saver Fund
Quant Infrastructure Fund
HDFC
PPFAS
UTI
Kotak Mahindra
Zerodha
Invesco
Navi
PGIM
Mutual Funds Categories
Best MidCap Mutual funds
Best Sectoral Mutual funds
Best Aggressive Hybrid Mutual funds
Quant Small Cap Fund
SBI Magnum Children's Benefit Fund
UTI Nifty 50 Index Fund
JM Flexicap Fund
HSBC Small Cap Fund
Franklin India Multi Cap Fund

embedding_dim: 384
embedding: [0.098578, -0.088360, -0.055595, 0.013018, 0.086361, 0.002088, 0.048250, 0.031050, 0.023756, 0.023962, -0.020849, -0.065524, -0.050222, -0.000925, 0.018088, -0.066438, 0.004660, -0.046436, 0.055964, 0.016575, -0.005667, -0.096651, 0.002170, -0.071416, 0.021746, -0.001683, -0.004666, 0.018978, -0.084518, -0.090604, -0.006798, 0.058049, 0.043080, -0.035065, -0.027358, 0.071883, -0.013084, 0.082551, 0.083157, -0.009914, -0.117285, -0.041484, 0.034822, -0.072675, 0.038935, -0.036144, -0.029869, 0.022196, 0.046738, 0.002401, -0.054805, 0.035382, -0.003844, -0.012487, -0.048141, 0.013800, -0.136880, -0.037443, -0.004706, 0.019457, -0.057590, 0.038832, 0.049242, 0.020686, 0.021844, 0.002762, -0.055627, 0.066317, 0.009586, 0.028158, 0.037085, -0.051930, -0.111246, -0.022307, -0.030677, 0.009534, 0.006515, 0.039258, 0.023193, -0.003586, -0.057733, -0.008604, 0.067559, 0.025076, -0.068200, 0.005736, 0.007987, 0.013400, -0.002974, 0.009650, 0.032094, 0.091980, 0.007041, 0.049469, 0.054212, -0.032009, -0.059131, -0.094053, -0.063649, 0.009217, 0.045238, -0.020560, 0.014702, -0.050072, -0.025934, -0.053993, 0.073809, -0.009460, 0.057854, -0.007591, -0.026228, 0.084630, -0.087463, -0.063040, -0.071700, -0.022491, -0.065526, -0.032259, 0.061309, 0.037825, -0.030919, 0.057288, -0.014226, -0.043994, 0.009714, 0.065216, -0.050202, 0.000000, -0.083365, 0.072884, 0.031834, -0.010387, -0.138225, -0.017802, 0.081867, -0.065375, -0.119108, -0.000240, 0.050899, 0.041414, -0.037962, -0.017942, 0.046767, -0.090865, 0.047774, 0.042006, -0.043914, -0.047700, 0.015453, 0.086736, 0.100415, -0.072662, 0.093501, -0.079425, 0.021556, -0.010379, 0.021507, 0.043355, 0.030417, -0.010126, -0.048826, -0.077652, -0.031967, 0.004775, -0.061473, -0.062170, -0.110174, -0.041023, 0.010297, 0.024113, -0.002382, -0.031762, -0.032684, 0.050600, 0.036203, 0.082096, -0.015194, -0.047692, -0.073211, -0.022268, -0.070148, -0.000441, 0.006140, 0.045197, -0.051401, 0.032179, -0.031261, 0.031802, -0.066772, -0.087337, -0.075784, -0.007575, -0.019658, 0.069955, 0.064805, -0.017643, 0.015092, 0.041911, -0.011174, -0.033039, 0.028219, 0.079296, 0.040099, -0.002756, -0.002127, 0.095662, 0.036120, 0.034684, 0.018697, 0.017794, -0.006186, -0.006747, 0.067715, 0.018147, 0.079694, 0.008996, -0.017087, 0.017562, 0.001447, -0.021716, 0.022862, -0.058080, -0.043787, -0.000000, 0.006428, -0.024690, 0.052813, 0.064868, 0.002340, 0.005716, 0.024283, -0.028356, 0.063005, 0.005614, -0.021431, 0.023221, -0.044191, -0.042785, -0.128787, -0.047170, 0.025505, -0.054010, 0.053130, -0.001658, -0.015733, 0.008908, 0.024630, 0.016346, 0.019505, 0.009161, -0.079142, 0.039023, -0.068685, 0.020723, -0.010924, -0.022963, -0.038367, 0.064930, -0.002935, -0.057084, -0.011596, -0.022536, -0.004217, 0.085228, -0.022439, -0.005190, 0.049016, -0.074760, -0.016244, -0.136205, -0.055594, 0.004979, 0.009338, -0.021477, -0.080002, -0.020106, -0.034588, -0.062408, -0.014822, 0.000521, -0.013136, 0.028284, -0.048939, -0.028638, 0.003458, 0.072146, -0.030709, 0.146666, 0.049743, -0.062221, -0.070042, -0.080973, -0.095022, -0.064842, -0.030059, -0.040444, 0.033737, 0.050239, 0.043823, 0.054774, 0.011681, -0.012566, 0.061094, -0.011131, 0.053425, -0.010379, -0.063820, 0.061687, 0.042200, 0.052513, 0.018187, -0.073034, 0.067167, 0.001591, 0.032809, -0.050467, 0.083896, 0.074854, -0.000720, -0.000000, 0.015945, -0.033212, -0.005250, 0.030408, -0.008805, -0.025245, -0.044282, -0.054013, 0.011469, -0.017684, 0.050410, 0.072896, -0.045905, -0.081476, -0.059213, -0.059804, -0.045300, 0.036068, 0.006143, -0.029464, 0.032016, 0.029991, 0.001459, 0.058277, 0.063297, -0.027175, -0.015557, -0.091800, -0.002534, 0.088354, 0.041520, -0.069607, 0.028136, -0.100916, 0.048427, 0.128548, 0.006889, 0.024659, 0.029326, 0.115936, 0.019281, -0.064494, 0.046061, -0.088079, -0.052715, -0.002789, -0.103340, 0.006303, 0.034070, -0.142625, -0.034390, -0.007816, -0.012136, 0.017828, -0.011802, 0.095365, -0.013175, 0.049561, -0.008646, -0.033123, 0.058959, -0.058656, -0.006100, 0.058628]

=== CHUNK hdfc_large_cap_direct_growth::15::5 ===
source_url: https://groww.in/mutual-funds/hdfc-large-cap-fund-direct-growth
scheme: HDFC Large Cap Fund - Direct Growth
category: large_cap
plan_variant: direct_growth
section: Fund house
fact_type: general
authority: page_text
is_atomic: false
char_len: 1195
source_fetched_at: 2026-09-28T13:12:27+00:00
content_hash: 5c117494f665459a297c27214337419734c7566eb91a0f5ec410e04835ea8364
---
Fund house
Quant Small Cap Fund
SBI Magnum Children's Benefit Fund
UTI Nifty 50 Index Fund
JM Flexicap Fund
HSBC Small Cap Fund
Franklin India Multi Cap Fund
ICICI Prudential
LIC
Canara Robeco
Whiteoak
Franklin Templeton
NJ
JM
360 One
International
Silver
Midcap
Liquid
Debt
Index
Bank Nifty
Nifty IT
Equity
Nifty 50
Nifty Metal
Nifty Auto
Commodity
Nifty Next 50
Healthcare
Groww
Gold
Sensex
Defence
Groww Arbitrage Fund
Groww ELSS Tax Saver Fund
Groww Banking & Financial Services Fund
Groww Gold ETF FOF
Groww Gold ETF
Groww Short Duration Fund
Groww Aggressive Hybrid Fund
Groww Nifty Smallcap 250 Index Fund
Groww Multicap Fund
Groww Nifty India Defence ETF
Groww Liquid Fund
Groww Dynamic Bond Fund
Groww Nifty Non Cyclical Consumer Index Fund
Groww Nifty India Railways PSU Index Fund
Groww Nifty India Railways ETF
Groww Large Cap Fund
Groww Overnight Fund
Groww Nifty EV & New Age Automotive ETF FoF
Groww Nifty 200 ETF FoF
Groww Value Fund
Groww Nifty Total Market Index Fund
Groww Nifty India Defence ETF FoF
Groww Silver ETF
SIP Calculator
Brokerage Calculator
RD Calculator
HRA Calculator
Home Loan EMI Calculator
Lumpsum Calculator
Margin Calculator
FD Calculator
Salary Calculator

embedding_dim: 384
embedding: [0.051713, -0.077529, -0.036914, 0.041034, 0.131220, 0.004552, 0.081761, 0.025447, -0.024852, -0.011812, -0.049803, -0.057360, -0.039325, -0.022175, -0.047777, -0.039185, -0.031570, -0.006632, -0.071172, 0.027989, 0.015842, -0.039558, -0.029020, -0.028575, -0.014274, 0.067523, -0.046104, -0.000997, -0.082138, -0.088286, -0.025209, 0.060597, 0.068577, 0.000753, -0.008034, 0.059298, 0.011269, 0.131394, 0.043571, -0.060007, -0.059315, -0.096793, 0.030397, -0.032350, 0.047133, -0.042225, -0.049961, -0.031632, 0.060631, 0.023707, -0.042741, 0.027166, 0.028700, 0.040166, -0.022396, 0.046752, -0.134846, -0.110163, -0.012674, 0.015724, -0.054534, 0.047199, 0.006744, 0.048110, 0.033852, 0.037261, -0.042702, 0.022410, -0.067931, 0.001466, 0.043823, -0.035056, -0.116459, 0.027664, 0.007369, 0.056305, 0.023471, 0.001816, 0.049215, -0.010824, -0.051903, -0.006833, 0.064479, -0.001883, -0.087477, -0.027117, 0.056923, -0.050784, -0.000983, -0.045350, 0.032469, 0.068727, 0.037219, 0.053213, 0.010709, -0.053151, -0.045175, -0.071344, -0.084623, 0.050143, 0.037154, 0.023862, 0.020602, -0.036373, -0.105334, -0.077185, 0.016566, 0.033370, 0.033646, -0.036627, -0.002061, 0.086243, -0.062789, -0.055819, -0.050716, -0.026963, -0.092116, -0.042123, 0.065998, 0.030066, -0.000803, 0.073932, -0.074357, 0.021732, -0.053191, 0.044272, -0.045486, 0.000000, -0.100245, 0.031247, 0.074254, -0.027311, -0.090000, -0.022471, 0.051189, -0.029470, -0.118176, 0.021947, 0.055227, 0.106268, -0.005775, -0.025969, 0.023418, -0.111165, -0.035642, 0.032864, -0.016082, 0.006475, 0.008132, 0.083251, 0.069496, -0.057473, 0.028048, -0.074806, -0.026300, -0.029558, 0.028208, 0.056531, -0.024708, 0.022985, -0.023871, -0.082201, -0.069671, 0.011064, 0.001392, -0.046876, -0.054173, -0.039009, -0.009004, 0.022722, 0.031838, -0.005929, -0.063075, 0.060026, 0.087368, 0.041513, -0.088068, 0.015116, -0.042390, -0.013717, -0.061580, 0.016116, -0.002337, 0.047265, -0.039947, 0.036517, 0.019430, -0.038522, -0.047903, -0.007423, -0.086412, -0.001757, -0.037951, 0.101900, 0.009578, -0.011909, 0.045741, 0.094653, 0.017883, -0.020313, 0.039763, 0.075661, 0.068232, 0.013341, 0.016330, 0.031234, 0.047191, -0.021359, -0.015992, 0.008165, -0.024840, 0.001134, 0.109416, -0.005060, 0.044985, -0.006064, 0.003344, -0.048033, -0.042785, -0.068043, 0.053801, -0.090792, -0.122692, -0.000000, 0.023951, -0.046588, 0.042301, 0.080274, 0.019553, -0.041308, 0.002683, -0.038661, 0.069632, 0.043720, 0.032373, 0.013656, -0.055238, -0.004786, -0.050071, -0.061371, 0.056933, 0.004831, 0.000626, -0.006531, -0.013644, 0.059429, -0.049607, 0.066268, -0.021830, 0.036499, -0.044028, 0.055417, -0.037899, -0.013156, -0.056564, -0.014994, -0.020429, 0.038090, -0.032093, -0.000395, -0.015777, -0.037318, -0.017012, 0.056631, -0.046754, -0.031159, 0.008339, -0.012086, -0.022624, -0.142300, -0.048756, 0.006706, 0.036093, 0.060683, -0.054960, 0.040608, -0.048657, -0.020088, -0.040297, 0.007332, 0.088402, -0.038088, -0.052813, -0.014936, -0.026110, 0.082197, -0.006522, 0.047153, 0.112675, -0.122879, -0.110765, -0.067003, -0.105219, -0.018895, -0.010911, -0.058398, -0.010507, 0.003820, 0.036216, 0.018490, 0.062640, -0.003451, 0.038380, 0.002866, 0.009404, -0.025239, 0.001899, 0.060752, -0.020213, 0.019515, 0.034982, -0.042699, 0.038129, 0.031493, 0.019332, -0.074735, 0.031401, 0.020718, -0.016691, -0.000000, -0.016995, 0.028686, -0.022215, 0.074151, 0.024850, -0.019818, -0.012658, -0.036619, -0.005879, -0.029867, 0.097285, 0.083151, -0.060915, -0.045283, -0.016647, -0.074451, -0.044236, 0.043578, -0.040212, -0.034256, 0.031890, 0.035899, 0.008941, 0.050667, 0.009952, -0.089906, 0.049084, -0.035875, -0.016630, 0.034547, -0.005128, -0.047217, -0.001298, -0.070312, 0.062172, 0.085104, -0.020891, 0.010635, 0.009411, 0.063399, -0.054127, -0.023361, 0.004259, -0.014558, -0.053429, -0.007451, -0.129781, 0.031974, 0.070809, -0.147208, -0.035894, -0.007416, -0.000823, -0.016423, -0.006826, 0.079119, -0.049686, 0.079619, -0.033668, -0.004558, 0.110696, -0.073087, 0.001654, 0.040685]

=== CHUNK hdfc_large_cap_direct_growth::15::6 ===
source_url: https://groww.in/mutual-funds/hdfc-large-cap-fund-direct-growth
scheme: HDFC Large Cap Fund - Direct Growth
category: large_cap
plan_variant: direct_growth
section: Fund house
fact_type: general
authority: page_text
is_atomic: false
char_len: 1200
source_fetched_at: 2026-09-28T13:12:27+00:00
content_hash: 5c117494f665459a297c27214337419734c7566eb91a0f5ec410e04835ea8364
---
Fund house
Brokerage Calculator
RD Calculator
HRA Calculator
Home Loan EMI Calculator
Lumpsum Calculator
Margin Calculator
FD Calculator
Salary Calculator
ROI Calculator
SWP Calculator
Stock Average Calculator
EPF Calculator
TDS Calculator
MF Calculator
SSY Calculator
Income Tax Calculator
EMI Calculator
Step-Up SIP Calculator
PPF Calculator
GST Calculator
Car Loan EMI Calculator
What is IPO?
How to Apply for an IPO
Open IPOs
What is Grey Market Premium?
Upcoming IPOs
Mainboard IPOs
Closed IPOs
SME IPOs
IPO Subscription Status
IPO Allotment Status
NFO
Pricing
Trust & Safety
Groww Digest
Intraday
Blog
Investor Relations
Invest in Gold
Corporate Bonds
Media & Press
Gold Rates
Invest in Silver
HUF Demat Account
Careers
Silver Rates
Sitemap
About Us
Help & Support
Glossary
NRI Demat Account
Show More
Others:
NSE
BSE
MCX
Terms and Conditions
Policies and Procedures
Regulatory & Other Info
Privacy Policy
Disclosure
SMART ODR
Download Forms
Information Security Practices
Investor Charter and Grievance
Bug Bounty
Groww Pay - Terms of use
Groww Pay - Privacy policy
Groww IFSC
Mutual Funds
:
A
B
C
D
E
F
G
H
I
J
K
L
M
N
O
P
Q
R
S
T
U
V
W
X
Y
Z
Others
Stocks
:
A
B
C
D
E
F
G
H
I
J
K
L
M
N
O
P
Q

embedding_dim: 384
embedding: [0.052271, -0.093321, 0.046854, -0.002182, 0.036956, 0.006682, 0.016271, 0.036888, -0.029742, 0.023828, -0.012199, -0.027457, -0.091483, -0.043229, 0.028552, -0.037473, 0.024915, -0.035280, -0.065816, -0.047654, 0.030477, -0.026378, -0.103236, -0.065053, 0.032791, -0.074037, 0.041367, 0.045034, -0.053526, -0.002249, -0.085346, 0.036701, 0.115045, 0.022695, -0.044231, -0.065798, 0.038320, 0.007124, -0.017116, -0.026044, 0.035134, -0.136763, -0.004916, -0.028270, 0.009156, 0.016204, -0.007806, 0.033921, 0.105212, -0.073833, -0.043877, 0.032774, 0.002399, 0.014258, -0.006061, -0.030800, -0.008031, -0.029491, 0.012391, -0.062694, -0.094632, 0.004058, 0.007646, 0.091894, 0.057152, 0.031984, -0.031399, 0.053398, -0.027507, 0.006308, -0.071891, -0.025337, -0.067805, -0.013859, -0.047370, 0.059490, -0.021367, 0.081102, 0.132635, -0.115483, 0.020799, -0.009561, -0.005621, 0.027611, -0.062071, 0.064364, 0.029708, 0.020026, 0.032031, 0.007092, 0.076394, 0.044057, -0.002102, -0.066566, 0.004397, 0.009952, -0.031472, -0.085653, -0.057309, -0.016052, -0.020640, 0.014303, -0.091500, -0.049978, -0.014924, 0.033856, 0.034081, 0.014306, 0.063470, 0.014301, -0.031678, -0.005138, -0.012337, -0.076748, -0.053266, 0.001095, -0.001599, 0.033703, 0.098300, 0.010113, -0.072993, 0.018669, -0.053228, -0.028105, 0.013765, 0.025062, -0.029243, 0.000000, -0.099701, 0.078771, 0.018910, -0.019914, -0.057846, 0.001427, 0.056863, 0.038598, -0.074295, 0.024440, 0.051281, 0.003025, -0.022490, 0.021271, 0.036676, -0.009271, 0.029170, 0.083376, -0.004235, 0.056801, 0.027632, -0.028519, 0.054144, -0.031498, 0.074335, 0.062218, -0.020652, -0.025533, -0.019866, 0.019082, 0.071096, 0.047690, -0.022865, -0.033363, -0.075806, -0.058439, 0.022501, -0.053235, -0.013022, -0.054941, -0.093641, -0.025209, -0.066457, -0.017831, -0.044010, -0.025523, -0.011218, -0.014205, 0.131703, 0.059969, -0.096447, 0.007630, -0.026524, -0.021774, 0.022883, -0.033422, -0.001185, -0.058215, -0.015698, -0.052345, -0.091199, 0.015599, -0.081967, -0.072680, -0.116622, 0.048111, -0.059893, -0.026819, 0.021962, 0.097473, 0.044995, -0.049273, 0.058187, 0.034365, 0.053700, -0.004546, 0.007055, -0.005649, 0.031371, 0.027378, -0.005325, 0.079775, 0.046901, 0.051915, 0.092454, 0.003067, 0.068047, 0.074602, 0.020347, 0.023138, 0.009088, -0.031863, -0.070191, 0.037952, -0.037289, -0.000000, -0.009417, 0.044647, -0.037350, 0.011423, -0.007771, -0.005813, -0.000076, -0.074219, 0.160639, -0.050992, -0.048969, 0.034090, 0.057687, -0.044243, -0.073929, -0.092756, -0.107446, -0.035520, 0.019945, 0.003294, -0.024121, -0.014828, 0.006112, 0.031147, 0.068591, -0.062813, -0.039433, 0.122699, -0.026254, -0.011764, -0.012366, -0.043376, -0.050469, 0.047625, -0.005896, -0.003099, 0.083605, 0.074190, -0.021210, 0.022023, 0.023934, -0.068682, 0.044474, -0.033919, -0.025352, -0.025722, -0.039909, 0.039576, -0.005523, 0.018683, 0.015790, 0.029923, -0.016161, 0.077842, -0.000887, 0.070809, 0.076437, 0.013853, -0.112343, 0.049108, -0.018355, 0.026483, 0.037914, 0.116388, -0.013807, -0.101084, -0.010399, -0.061091, -0.049263, -0.123048, -0.015143, -0.035710, 0.032672, -0.010900, 0.013117, 0.042775, 0.064746, -0.030506, -0.014263, 0.044607, -0.020378, 0.086042, -0.075969, -0.025691, -0.006558, 0.046681, 0.062201, -0.034228, 0.043454, 0.006238, -0.115752, -0.023871, -0.055267, 0.055353, -0.026305, -0.000000, -0.009438, 0.010986, 0.077879, 0.000401, 0.032021, -0.055715, 0.019905, -0.037337, -0.026181, -0.020797, 0.074673, 0.016597, -0.048102, -0.081225, 0.006828, -0.039503, -0.041187, 0.025177, -0.040585, 0.023266, 0.017110, -0.065787, -0.007311, 0.037103, 0.008116, -0.023302, 0.002363, -0.051568, -0.079988, 0.064214, 0.010761, -0.020960, 0.054194, -0.035622, 0.042958, 0.097628, -0.054335, 0.038288, 0.043865, 0.035414, -0.054194, -0.105710, 0.002519, -0.075877, 0.047571, 0.033342, -0.129731, -0.019707, 0.013264, -0.119974, 0.041240, -0.025764, -0.013948, -0.037850, 0.027056, -0.002331, -0.006849, 0.001308, 0.067631, 0.025310, 0.108204, -0.033982, -0.076600, -0.021072]

=== CHUNK hdfc_large_cap_direct_growth::15::7 ===
source_url: https://groww.in/mutual-funds/hdfc-large-cap-fund-direct-growth
scheme: HDFC Large Cap Fund - Direct Growth
category: large_cap
plan_variant: direct_growth
section: Fund house
fact_type: general
authority: page_text
is_atomic: false
char_len: 163
source_fetched_at: 2026-09-28T13:12:27+00:00
content_hash: 5c117494f665459a297c27214337419734c7566eb91a0f5ec410e04835ea8364
---
Fund house
Groww IFSC
Mutual Funds
:
A
B
C
D
E
F
G
H
I
J
K
L
M
N
O
P
Q
R
S
T
U
V
W
X
Y
Z
Others
Stocks
:
A
B
C
D
E
F
G
H
I
J
K
L
M
N
O
P
Q
R
S
T
U
V
W
X
Y
Z
Others

embedding_dim: 384
embedding: [0.004490, -0.038058, -0.056507, -0.028956, 0.103748, 0.048657, 0.059508, -0.033759, -0.055364, 0.065655, -0.005863, -0.005644, -0.045154, 0.027858, -0.059091, 0.034246, -0.027776, -0.054798, -0.051668, 0.017413, 0.008593, -0.108309, -0.000466, 0.035553, 0.053263, 0.001849, 0.027504, 0.089550, -0.009203, -0.099062, -0.003632, 0.037905, 0.011977, 0.001675, 0.002520, 0.057220, -0.008331, -0.003079, -0.035678, 0.042249, -0.012004, -0.011143, 0.043759, 0.060026, -0.010657, 0.040603, -0.068855, 0.055451, -0.016327, -0.010649, 0.000361, -0.021309, -0.056401, 0.010899, -0.030651, 0.082224, -0.107154, -0.007752, 0.030043, -0.000039, 0.020751, -0.030236, 0.013266, -0.000003, 0.088316, 0.000782, -0.093108, 0.115409, -0.021960, 0.026158, -0.002661, -0.005631, -0.075003, -0.027929, -0.012788, 0.059541, 0.056649, -0.023891, 0.046932, -0.060650, -0.068762, 0.018898, 0.025422, -0.003962, -0.018186, 0.001083, -0.049201, -0.054212, 0.012269, 0.004735, 0.055093, -0.012459, -0.026156, 0.015080, -0.053863, -0.004987, -0.107108, -0.156422, -0.062161, 0.050149, 0.011973, -0.047656, 0.020951, -0.040744, -0.047606, -0.038107, 0.002595, 0.052041, 0.062883, 0.012377, -0.063668, 0.109279, -0.019741, 0.006667, -0.093860, 0.033076, -0.048299, -0.068633, 0.048016, -0.089108, 0.007404, 0.019331, -0.043391, -0.020237, -0.073958, -0.049307, -0.102510, 0.000000, -0.099660, 0.007653, -0.037120, 0.021305, -0.061154, -0.001832, 0.032013, -0.054603, -0.114110, -0.101897, 0.041353, 0.080248, -0.006311, 0.033757, 0.024955, -0.154899, 0.033751, 0.104435, -0.012909, -0.032227, 0.027608, 0.096781, -0.020705, -0.028747, 0.094379, -0.136893, 0.014906, -0.009281, 0.020677, 0.018931, 0.034303, -0.021125, -0.041050, -0.061552, -0.012239, 0.060612, -0.056774, 0.004399, -0.046064, -0.040666, 0.003760, 0.035269, -0.001938, -0.022262, -0.030485, 0.059528, 0.048611, 0.051761, -0.035848, -0.066352, 0.038304, -0.022721, -0.012460, -0.034696, 0.077630, -0.015888, -0.058637, -0.027289, 0.039803, -0.018346, -0.009858, 0.005473, -0.067727, 0.036841, -0.098446, 0.012050, 0.027341, -0.015391, 0.021217, 0.117220, -0.004743, 0.003274, 0.076615, 0.019358, -0.005892, -0.041129, -0.046833, 0.083122, -0.011274, -0.037790, -0.008644, 0.042998, -0.037690, 0.065451, 0.028531, -0.069320, 0.042265, -0.062999, -0.036219, -0.002780, 0.025766, -0.058625, 0.125201, -0.031677, -0.023657, -0.000000, -0.051439, 0.035613, 0.062927, 0.031428, -0.012997, 0.034985, 0.044451, -0.069196, 0.087964, 0.012315, 0.024301, 0.043201, -0.008347, -0.012818, -0.074808, -0.086900, 0.097784, -0.009762, 0.045228, -0.015853, 0.031912, 0.028912, 0.005629, 0.014359, 0.030185, -0.007648, -0.045243, 0.099771, -0.067127, 0.095312, -0.031707, -0.060336, -0.047989, 0.030896, 0.043149, -0.001589, -0.036651, -0.037758, -0.068285, 0.018844, 0.023287, -0.003460, 0.009971, -0.017564, -0.023969, -0.028477, -0.036008, -0.007615, 0.050897, 0.022869, -0.055716, 0.014958, -0.006046, -0.008653, -0.090695, 0.046690, 0.031631, 0.055676, -0.058980, 0.041001, -0.026676, -0.020108, 0.002556, 0.010855, -0.080282, -0.067605, -0.090482, -0.049573, 0.024865, -0.032966, 0.029324, 0.013696, -0.018059, 0.022885, -0.038212, 0.007790, 0.108808, 0.014128, -0.040919, 0.058939, -0.030785, 0.055030, 0.027234, 0.100119, -0.000972, 0.011736, 0.050852, -0.040879, -0.005912, 0.075104, -0.015700, -0.073851, 0.103139, 0.001031, 0.000420, -0.000000, -0.035973, -0.053416, 0.061753, 0.020113, -0.049978, -0.083726, 0.061730, -0.083145, 0.036129, 0.097252, 0.063767, 0.138584, -0.060536, 0.014024, -0.043957, -0.044498, -0.058061, 0.015980, -0.032462, 0.011551, 0.033360, 0.047109, 0.017169, 0.098982, 0.003478, -0.010486, 0.018089, -0.087814, 0.023364, 0.063515, 0.062633, 0.007120, -0.015045, 0.036569, -0.023158, 0.062113, -0.056541, 0.112558, -0.015368, 0.066736, 0.008817, -0.081664, 0.036531, 0.012705, -0.045453, -0.019575, -0.083101, -0.019217, -0.001444, -0.102326, -0.008243, -0.027396, -0.043797, -0.040881, 0.067039, 0.045540, -0.026968, 0.051576, -0.072734, -0.069099, 0.021786, -0.073661, 0.033366, 0.021212]

=== CHUNK hdfc_equity_flexi_cap::0::0 ===
source_url: https://groww.in/mutual-funds/hdfc-equity-fund-direct-growth
scheme: HDFC Equity Fund - Direct Growth
category: flexi_cap
plan_variant: direct_growth
section: Scheme facts (as published on the scheme page)
fact_type: expense_ratio
authority: scheme_facts
is_atomic: true
char_len: 19
source_fetched_at: 2026-09-28T13:12:28+00:00
content_hash: cad958f1f66fd2ceca7e17ed4f2aedd3daf62baaa15682c5fb78bfd9e04e4c5e
---
Expense ratio: 0.77

embedding_dim: 384
embedding: [0.063160, 0.050802, -0.086525, 0.085357, 0.068285, -0.054594, 0.017623, -0.022805, 0.002846, 0.011457, 0.029928, -0.073711, -0.065836, 0.067550, -0.089460, -0.060306, 0.021223, -0.065068, -0.043373, 0.092879, -0.054917, 0.007989, 0.070558, 0.023469, 0.115303, -0.009206, 0.025213, 0.018478, -0.014948, -0.029450, -0.025879, 0.031712, 0.024846, -0.055489, 0.073274, -0.019723, 0.008315, -0.059633, 0.022240, 0.019068, -0.064856, 0.050428, -0.049380, 0.026853, -0.037211, -0.009237, -0.074996, 0.041080, 0.059995, 0.097589, 0.048401, 0.054785, -0.052482, -0.033308, -0.018574, -0.015060, -0.055387, -0.078746, -0.028429, -0.043140, -0.034240, -0.006717, 0.030731, 0.030664, 0.038010, -0.012361, -0.018899, -0.012533, -0.140411, -0.007476, -0.043482, -0.031593, -0.022254, -0.044007, 0.044064, 0.038404, 0.066153, 0.075153, 0.042751, -0.027427, 0.010195, -0.004577, -0.020225, 0.039169, 0.022280, -0.033762, 0.080377, -0.008667, 0.027786, 0.006095, 0.062985, -0.017892, 0.027054, -0.025097, 0.070881, 0.031400, -0.048910, 0.033250, -0.006912, 0.003918, 0.049444, 0.021427, 0.060258, -0.022375, -0.048477, 0.044968, 0.089283, 0.090894, 0.061858, 0.016435, 0.001224, -0.026852, 0.029014, -0.013688, -0.050477, -0.056899, -0.000967, -0.019742, 0.051541, 0.054597, 0.108292, 0.055508, 0.024597, 0.047202, -0.094450, -0.101373, -0.088652, -0.000000, -0.022416, -0.000759, 0.066197, -0.056390, -0.077996, 0.005114, -0.038103, 0.033783, 0.000381, -0.008540, -0.063762, 0.085102, -0.063558, -0.065309, 0.040461, -0.046943, 0.010332, 0.109361, 0.069244, -0.051039, -0.046591, 0.012162, 0.009926, 0.001933, 0.015361, 0.048600, -0.051748, -0.021776, 0.009783, -0.026951, -0.002221, -0.003190, 0.104265, -0.076769, -0.076062, 0.024151, -0.040173, 0.057322, 0.024123, 0.021646, -0.124920, 0.004845, 0.002789, -0.062217, -0.007547, -0.013493, 0.163255, 0.025134, -0.021200, 0.026276, -0.101903, -0.038008, -0.104030, 0.039124, -0.029207, -0.061614, 0.061723, -0.021258, -0.008889, -0.011975, 0.016569, 0.054890, -0.044078, -0.074098, -0.067204, -0.026541, -0.013499, -0.011563, -0.041595, 0.039103, -0.036380, -0.032002, 0.010182, 0.071823, -0.003635, 0.019339, 0.023782, -0.055807, -0.021838, -0.013436, -0.115878, 0.024523, -0.000946, 0.005426, -0.079018, -0.009699, 0.072450, 0.080424, -0.032881, 0.015550, 0.071152, -0.017666, -0.010683, -0.049664, 0.038601, 0.000000, -0.006142, 0.057287, 0.013901, -0.015369, -0.047569, 0.011731, 0.054444, 0.010718, 0.022420, 0.024246, -0.019739, 0.048916, -0.020300, 0.004156, 0.051162, -0.033144, 0.007051, 0.031590, -0.029064, -0.017891, -0.015349, 0.075286, 0.100485, 0.022169, -0.037988, 0.026007, -0.036679, -0.006717, -0.010930, 0.012227, -0.061812, -0.068144, 0.001456, 0.034721, 0.014669, -0.097220, -0.099886, 0.041849, 0.056640, -0.047731, 0.092701, 0.005961, 0.029256, -0.045550, 0.094852, -0.096997, 0.038439, -0.112177, 0.079101, -0.067547, 0.008542, 0.010194, 0.014993, 0.024340, -0.057519, 0.136023, 0.010595, 0.009760, 0.012341, -0.014594, 0.034772, 0.096323, -0.030177, 0.021123, -0.021882, 0.013891, 0.021139, 0.020522, 0.071834, -0.041154, -0.004010, -0.005379, 0.034383, -0.024921, -0.021557, 0.009044, 0.005654, 0.036927, 0.085212, 0.006397, -0.004971, 0.022348, -0.015078, -0.055381, -0.055951, -0.064466, 0.039036, -0.008453, -0.050135, 0.090901, -0.031767, -0.037641, 0.017509, 0.056866, -0.025235, -0.000000, -0.040323, -0.048478, 0.041841, 0.018500, 0.023955, -0.050254, 0.003315, 0.018640, -0.000898, 0.136580, 0.047236, -0.036099, -0.086292, 0.047591, -0.066092, -0.063751, -0.040652, 0.066744, 0.003758, -0.087198, 0.035079, 0.021033, -0.053379, -0.019133, -0.024973, -0.003442, -0.006670, 0.111915, -0.031527, -0.115514, 0.028685, 0.020026, -0.032319, -0.040548, -0.036535, -0.022852, -0.001235, 0.075408, 0.034301, 0.088796, -0.035526, -0.043111, 0.035379, -0.034661, 0.013745, 0.013459, -0.103511, -0.023259, 0.021236, -0.084871, 0.077574, 0.056350, -0.021436, 0.029196, -0.004603, -0.005317, -0.024941, 0.080785, -0.154555, 0.022706, 0.076120, -0.077325, -0.082761, -0.009292]

=== CHUNK hdfc_equity_flexi_cap::0::1 ===
source_url: https://groww.in/mutual-funds/hdfc-equity-fund-direct-growth
scheme: HDFC Equity Fund - Direct Growth
category: flexi_cap
plan_variant: direct_growth
section: Scheme facts (as published on the scheme page)
fact_type: min_sip
authority: scheme_facts
is_atomic: true
char_len: 33
source_fetched_at: 2026-09-28T13:12:28+00:00
content_hash: cad958f1f66fd2ceca7e17ed4f2aedd3daf62baaa15682c5fb78bfd9e04e4c5e
---
Minimum SIP investment (INR): 100

embedding_dim: 384
embedding: [0.012420, 0.012419, -0.076923, -0.078337, -0.053845, -0.041673, 0.074123, 0.099117, -0.019099, 0.022071, 0.002682, -0.074821, -0.012166, 0.053409, 0.002645, -0.023399, -0.000506, -0.134584, -0.022794, -0.032756, -0.003955, -0.034597, -0.023358, -0.012040, 0.063991, -0.030309, 0.005399, 0.023407, 0.069211, -0.008106, 0.094992, 0.140051, 0.132594, -0.064973, 0.032989, 0.015124, -0.022769, -0.001898, 0.012862, 0.003799, 0.019550, -0.038790, -0.033508, 0.003622, -0.017958, -0.054509, -0.052303, 0.112657, 0.041281, 0.023188, -0.010896, 0.040377, 0.018734, -0.044861, -0.088010, -0.049145, -0.032116, 0.050735, -0.012346, 0.040777, -0.007352, 0.011618, 0.015335, 0.001205, -0.029614, -0.005234, -0.015027, 0.026846, -0.060801, 0.010772, 0.033882, -0.081613, -0.071931, -0.046943, -0.018447, -0.012605, 0.040830, 0.050298, -0.013989, 0.029422, 0.030457, -0.032065, -0.039564, -0.051824, -0.026479, -0.051261, 0.024718, -0.049088, 0.064415, -0.000729, -0.012545, 0.055153, -0.017523, 0.018331, -0.007170, 0.045707, -0.054825, -0.055490, -0.024606, 0.024618, 0.002318, -0.007832, -0.046932, -0.078582, -0.003050, -0.063895, 0.069915, -0.030456, 0.066004, 0.040248, -0.053037, 0.060230, 0.115622, -0.013317, -0.017498, 0.000695, -0.038913, -0.032906, 0.171405, 0.033169, -0.039993, 0.045296, -0.005972, -0.019986, -0.052370, -0.008734, -0.037126, -0.000000, -0.074182, 0.015643, -0.029556, 0.010435, -0.072248, -0.003794, 0.074883, 0.011714, -0.087436, -0.111475, 0.014997, -0.053960, -0.019010, 0.031965, 0.045684, -0.076320, 0.036410, 0.082647, 0.005251, -0.040675, -0.042656, -0.058369, -0.019135, -0.008152, 0.126193, 0.040951, -0.025517, -0.110456, 0.144180, 0.014332, 0.093015, 0.043311, -0.025294, -0.001048, -0.070511, 0.047198, 0.012313, 0.009386, -0.039320, -0.030237, -0.100695, 0.078824, 0.009361, -0.015707, -0.038751, 0.052068, 0.030232, 0.031261, -0.067954, 0.006349, -0.056622, -0.002670, -0.138497, 0.068878, -0.000993, -0.058800, -0.025592, -0.029248, -0.030232, -0.044570, -0.045086, -0.046206, -0.095706, 0.048432, -0.014981, 0.019366, -0.016780, -0.042457, 0.046862, 0.046435, -0.058616, 0.004824, 0.043763, -0.019808, 0.000085, 0.037553, 0.059985, 0.023676, 0.020623, 0.054344, -0.035769, 0.043854, 0.028257, 0.030351, 0.054422, 0.015025, 0.091257, 0.019844, -0.019315, 0.038134, -0.016083, -0.021419, -0.021138, 0.020629, 0.052310, 0.000000, -0.026296, 0.050223, 0.090223, 0.038191, 0.021296, 0.020431, 0.108456, 0.033162, 0.096206, -0.050304, -0.054998, 0.031845, 0.093990, 0.026059, -0.085583, -0.032184, 0.001776, -0.003994, 0.039672, -0.008929, 0.031642, 0.015034, 0.056771, 0.102298, -0.033726, 0.026359, -0.087007, -0.011489, -0.039424, -0.018098, -0.039510, -0.002640, -0.069137, 0.027678, -0.051856, -0.050925, 0.025678, 0.008672, -0.027901, 0.049577, 0.098699, -0.027893, -0.002991, -0.060228, 0.023994, -0.093209, 0.030234, -0.070709, -0.023387, -0.111237, -0.009221, -0.035114, 0.052728, 0.114019, 0.015095, -0.000409, 0.063439, -0.025622, 0.002180, -0.021891, 0.033528, 0.071475, -0.036193, 0.053206, -0.040345, -0.030645, 0.026472, -0.019352, 0.068435, -0.124198, 0.023858, -0.008133, 0.083129, 0.045041, 0.000911, 0.021023, -0.037327, -0.061242, 0.042920, 0.009734, -0.130399, 0.144943, -0.044815, -0.004038, 0.086356, -0.029639, 0.075127, -0.104998, 0.023064, 0.023091, -0.080698, 0.045310, 0.070234, -0.019248, -0.024310, -0.000000, -0.032549, -0.032068, 0.018901, 0.049451, 0.021276, -0.053609, -0.002934, -0.011749, -0.022286, 0.043285, 0.092127, -0.011750, -0.046791, 0.036518, 0.000354, -0.053610, 0.025472, 0.035647, -0.030315, -0.058541, 0.030106, 0.080071, 0.015802, -0.011379, -0.027113, 0.028088, 0.058340, 0.024818, 0.017675, -0.016353, -0.018799, 0.045367, 0.031968, 0.039030, -0.062758, 0.025101, 0.011650, 0.025673, -0.039294, 0.048734, 0.001294, -0.118237, -0.060417, -0.061784, -0.001478, 0.047482, -0.099589, -0.016583, 0.009507, -0.053837, 0.086810, 0.070663, 0.029030, 0.043641, 0.046379, -0.002497, -0.047465, 0.036658, -0.054368, -0.035514, 0.004614, -0.002532, -0.035236, 0.027412]

=== CHUNK hdfc_equity_flexi_cap::0::2 ===
source_url: https://groww.in/mutual-funds/hdfc-equity-fund-direct-growth
scheme: HDFC Equity Fund - Direct Growth
category: flexi_cap
plan_variant: direct_growth
section: Scheme facts (as published on the scheme page)
fact_type: min_sip
authority: scheme_facts
is_atomic: true
char_len: 36
source_fetched_at: 2026-09-28T13:12:28+00:00
content_hash: cad958f1f66fd2ceca7e17ed4f2aedd3daf62baaa15682c5fb78bfd9e04e4c5e
---
Minimum investment amount (INR): 100

embedding_dim: 384
embedding: [0.023288, 0.081843, -0.083341, -0.063197, -0.047368, -0.032730, 0.042486, 0.120752, -0.011189, 0.087699, 0.013019, -0.102417, 0.033227, 0.034616, -0.047254, 0.003731, -0.002616, -0.043451, -0.054622, 0.001509, -0.018711, -0.024368, -0.065146, -0.008219, 0.062994, -0.062933, 0.022192, 0.046868, 0.056295, 0.020798, 0.047832, 0.061380, 0.072469, -0.005813, 0.009043, 0.031018, -0.031418, -0.014285, 0.008465, -0.002810, -0.011685, 0.016762, 0.006086, -0.007259, -0.007845, -0.010393, -0.036728, 0.054695, 0.051140, 0.014459, -0.031054, 0.091321, -0.007498, -0.031755, -0.122606, -0.061485, -0.024445, 0.004687, -0.022903, 0.000909, 0.019990, -0.011417, 0.074557, -0.033869, -0.008603, -0.021775, -0.007389, 0.003241, -0.114165, 0.031944, 0.063545, -0.039779, -0.151659, -0.016376, -0.034131, -0.033389, 0.006264, 0.101282, 0.001401, -0.005493, 0.043124, -0.009317, -0.038001, -0.058963, -0.033184, -0.040545, 0.081757, -0.009313, 0.104137, 0.067865, 0.045950, 0.041752, -0.028599, 0.039063, -0.003992, 0.006791, -0.015441, 0.020705, -0.042975, 0.021252, 0.031393, -0.077787, 0.030301, -0.041639, -0.033560, -0.051521, 0.093515, -0.037918, 0.012153, -0.003468, -0.032785, 0.031731, 0.079765, -0.029433, 0.004722, -0.011579, 0.006950, -0.022300, 0.111570, 0.029945, 0.037708, 0.019188, -0.030487, -0.009043, -0.040228, -0.059003, -0.027742, -0.000000, -0.069387, 0.009747, 0.007137, -0.014227, -0.056733, -0.006213, 0.072842, 0.046231, -0.103769, -0.077193, 0.033191, -0.015475, -0.032725, 0.017713, 0.009697, -0.061993, 0.061312, 0.050230, 0.046832, -0.067766, -0.049977, -0.072110, -0.017131, 0.000581, 0.032789, 0.055744, -0.031060, -0.102643, 0.047275, -0.014648, 0.116128, 0.033700, 0.010402, -0.056620, -0.035852, 0.014140, 0.040394, 0.034543, -0.017743, -0.009066, -0.048467, 0.072220, -0.003107, 0.022657, 0.008401, 0.078068, 0.149207, 0.093604, -0.093811, 0.019621, -0.047951, -0.020391, -0.136663, 0.036181, -0.029468, -0.007138, -0.032185, -0.047363, -0.071970, -0.043859, -0.043701, -0.022164, -0.043366, 0.086574, -0.052661, 0.020311, 0.024632, -0.023941, -0.006106, 0.094754, -0.081973, -0.044440, 0.068797, -0.035809, 0.057269, 0.019595, 0.053071, -0.006358, 0.010158, -0.026185, -0.025068, 0.019783, -0.004948, 0.055263, -0.018630, 0.032932, 0.093099, 0.073945, -0.000118, -0.038293, 0.011249, -0.059590, -0.031975, 0.021637, 0.058809, 0.000000, -0.029466, 0.011056, 0.109047, 0.042255, 0.015577, 0.061090, 0.082857, 0.033777, 0.113790, 0.016959, 0.009456, -0.025935, 0.049283, -0.002345, -0.081426, -0.048662, -0.021686, -0.003945, 0.028715, -0.003236, 0.055811, 0.021832, 0.053518, 0.111054, -0.022309, 0.030226, -0.042972, 0.026362, -0.051136, -0.010082, -0.072224, -0.009985, 0.007094, 0.008292, -0.078363, -0.076153, 0.047909, -0.056618, -0.047318, 0.061880, 0.084957, 0.023265, 0.029099, 0.004666, -0.011224, -0.090503, 0.045935, -0.044510, 0.033970, -0.074509, -0.039472, -0.063689, 0.041180, 0.051034, 0.011032, 0.071415, 0.009157, 0.000864, -0.003225, 0.021460, -0.041315, 0.053375, -0.026319, 0.067404, -0.061622, -0.017902, -0.009982, -0.010634, 0.036898, -0.100990, 0.039886, 0.024480, 0.100841, -0.031805, -0.000622, 0.024023, 0.031694, -0.076064, 0.076869, 0.034487, -0.104138, 0.097937, -0.042044, -0.044103, 0.030258, -0.006813, -0.023423, -0.014569, -0.011961, 0.038147, -0.073361, 0.099543, 0.138066, -0.035518, -0.101349, -0.000000, -0.057624, -0.047403, 0.016915, 0.008957, 0.028276, -0.030762, 0.040054, -0.007804, -0.033198, 0.073042, 0.080118, -0.025863, -0.102575, 0.023726, -0.024395, -0.054066, 0.006359, -0.006704, -0.009661, -0.043026, 0.054823, 0.078775, 0.041633, -0.057720, 0.010018, -0.021478, 0.064785, 0.039992, -0.028587, 0.018452, -0.022686, 0.016004, 0.036569, 0.031878, -0.057553, 0.008843, 0.037530, 0.055641, -0.013333, -0.033150, -0.033819, -0.106769, -0.021373, -0.065399, -0.024295, 0.069416, -0.105679, -0.066938, 0.038785, -0.102580, 0.086176, 0.017165, -0.013405, 0.043738, -0.021515, 0.043331, -0.030559, 0.055560, -0.117127, -0.057126, -0.014062, -0.011421, -0.022296, -0.009102]

=== CHUNK hdfc_equity_flexi_cap::0::3 ===
source_url: https://groww.in/mutual-funds/hdfc-equity-fund-direct-growth
scheme: HDFC Equity Fund - Direct Growth
category: flexi_cap
plan_variant: direct_growth
section: Scheme facts (as published on the scheme page)
fact_type: exit_load
authority: scheme_facts
is_atomic: true
char_len: 52
source_fetched_at: 2026-09-28T13:12:28+00:00
content_hash: cad958f1f66fd2ceca7e17ed4f2aedd3daf62baaa15682c5fb78bfd9e04e4c5e
---
Exit load: Exit load of 1% if redeemed within 1 year

embedding_dim: 384
embedding: [-0.042116, 0.055231, -0.008113, -0.002252, -0.023798, -0.007494, 0.019943, 0.023828, 0.017841, 0.025845, 0.037750, -0.047476, -0.023414, -0.023357, -0.002293, 0.068024, -0.072754, -0.013975, -0.011653, -0.040655, 0.006443, -0.069327, -0.095702, 0.023275, 0.005310, 0.011070, -0.025466, -0.006858, -0.012246, 0.011761, 0.057384, 0.001542, 0.006846, -0.081500, 0.064548, 0.036291, -0.140340, -0.041781, -0.010476, -0.021069, -0.044697, 0.022197, -0.019685, 0.033340, -0.000389, -0.001985, -0.058096, 0.103245, -0.001977, 0.114667, 0.084998, 0.027310, 0.016746, 0.060572, -0.048510, -0.020331, 0.085648, -0.001330, -0.065209, -0.017500, 0.011454, 0.019183, -0.038083, -0.049787, -0.023075, 0.039064, 0.039298, -0.030539, -0.040943, 0.020433, -0.028458, -0.112055, -0.062189, -0.020077, 0.005219, 0.013836, 0.061838, 0.012735, -0.014714, -0.037358, 0.002906, 0.013478, 0.018431, -0.070693, 0.008280, 0.011542, 0.005755, 0.018208, 0.084224, -0.017824, -0.004745, 0.159759, 0.072580, 0.025269, 0.008399, 0.006172, -0.092033, -0.019174, -0.015168, 0.048318, -0.028275, 0.019891, 0.029710, -0.057439, 0.044987, -0.087506, -0.016519, 0.014433, 0.028304, -0.019390, 0.004933, -0.025341, 0.135707, -0.021199, 0.047148, 0.026606, -0.032418, 0.093897, 0.011159, -0.001165, 0.135118, 0.054795, -0.053643, -0.005844, -0.011578, -0.051299, 0.110377, 0.000000, -0.026028, -0.112046, -0.039870, -0.002526, -0.062803, -0.036332, 0.031435, 0.075718, -0.038492, -0.005559, 0.009565, -0.035971, -0.041422, -0.037828, 0.014229, 0.006423, 0.017809, 0.003217, 0.114706, -0.033048, 0.002704, -0.148697, 0.017715, -0.016938, 0.061195, 0.029003, -0.020164, -0.046511, -0.019277, -0.029050, 0.108560, 0.015000, 0.002106, -0.099728, 0.002121, 0.017184, 0.085477, 0.041516, 0.046256, -0.018253, -0.069875, 0.020676, 0.029639, 0.040280, -0.024084, -0.172291, 0.070581, -0.021940, -0.031715, 0.083505, 0.012163, -0.049082, -0.033428, 0.015927, -0.071651, -0.022198, -0.063850, 0.006090, 0.017796, -0.043978, 0.054682, -0.074326, -0.025803, -0.022719, -0.112976, -0.013232, 0.043789, -0.013050, -0.136013, 0.069944, 0.009038, -0.059035, 0.063963, -0.105233, 0.003344, -0.019187, 0.088883, 0.059991, 0.069978, 0.006779, 0.044389, -0.035341, -0.020943, 0.010037, 0.059358, 0.036898, 0.104712, -0.117666, -0.075420, 0.012614, 0.005978, -0.059551, 0.012453, 0.020924, 0.077453, -0.000000, -0.018330, 0.007834, -0.035214, 0.012265, 0.015316, -0.005586, -0.025614, 0.102594, -0.026355, 0.073836, 0.036551, 0.022922, 0.017342, 0.104416, -0.013984, 0.021835, 0.014150, 0.010627, -0.051208, 0.031162, 0.022491, 0.010710, -0.072291, 0.042377, -0.039423, 0.007759, -0.100677, -0.000139, -0.065572, -0.032171, -0.061316, -0.061821, -0.015076, 0.017180, -0.000819, -0.006178, 0.021432, -0.002020, -0.009711, 0.110385, 0.058913, -0.016264, -0.063994, -0.017235, 0.017352, -0.033326, 0.047116, 0.026522, 0.058254, -0.017227, 0.014749, -0.005488, 0.043691, 0.069623, -0.043365, 0.051585, 0.062077, -0.022124, -0.031899, -0.021219, -0.046139, -0.025490, 0.082912, -0.014420, 0.000609, -0.088758, 0.037202, 0.057058, 0.037177, -0.000508, 0.079088, 0.074475, 0.044999, -0.051138, -0.040137, -0.002092, -0.031404, -0.081206, -0.010180, 0.016048, -0.024112, 0.026388, -0.031059, 0.077049, -0.033884, -0.008147, 0.013621, -0.056553, -0.018867, 0.058468, -0.006358, -0.011581, 0.024637, -0.011707, -0.007906, -0.000000, 0.032175, 0.058693, 0.115389, -0.017632, 0.104408, 0.028013, 0.038637, 0.006554, -0.070931, -0.008249, 0.105502, 0.023723, -0.044856, -0.036208, -0.126932, 0.045050, -0.033077, 0.019553, 0.018457, -0.017458, -0.036034, 0.050572, -0.019878, -0.055659, -0.057653, -0.043578, 0.099573, 0.088744, 0.032029, -0.084770, -0.013822, 0.013464, 0.050268, -0.061760, -0.085494, 0.047556, 0.005621, 0.004547, -0.024206, -0.002709, 0.019034, 0.080411, 0.008944, -0.007881, -0.075958, -0.011057, -0.051541, 0.008862, 0.038419, -0.071627, 0.026487, -0.042518, -0.054891, 0.098414, 0.034758, -0.081313, -0.030156, 0.052092, -0.072361, 0.056619, 0.015437, -0.014109, -0.052238, -0.038020]

=== CHUNK hdfc_equity_flexi_cap::0::4 ===
source_url: https://groww.in/mutual-funds/hdfc-equity-fund-direct-growth
scheme: HDFC Equity Fund - Direct Growth
category: flexi_cap
plan_variant: direct_growth
section: Scheme facts (as published on the scheme page)
fact_type: riskometer
authority: scheme_facts
is_atomic: true
char_len: 27
source_fetched_at: 2026-09-28T13:12:28+00:00
content_hash: cad958f1f66fd2ceca7e17ed4f2aedd3daf62baaa15682c5fb78bfd9e04e4c5e
---
Riskometer: Moderately High

embedding_dim: 384
embedding: [0.073918, -0.057991, -0.051054, 0.055542, 0.064407, -0.022221, 0.045083, 0.105054, 0.013011, 0.009360, 0.018364, -0.046284, -0.014535, 0.017226, -0.080272, -0.044892, 0.049526, -0.068568, -0.031068, 0.051448, -0.123765, 0.015960, 0.047823, 0.049813, -0.018398, -0.070991, -0.019532, 0.074053, -0.021434, 0.004546, 0.007240, 0.046476, 0.032095, -0.051969, -0.015499, -0.002784, -0.048578, -0.045078, -0.016843, 0.036846, 0.027678, -0.041270, 0.027065, 0.066276, -0.040675, 0.023520, 0.000559, -0.045824, -0.000046, 0.035264, -0.056297, -0.072413, 0.059316, -0.112191, 0.007903, -0.017147, -0.114035, -0.081353, -0.025618, -0.027700, 0.039952, 0.010120, -0.073833, 0.023194, 0.035693, 0.016519, -0.026635, 0.044900, 0.080779, 0.000887, 0.024130, 0.008298, -0.049047, 0.034167, 0.015808, -0.008501, -0.017009, -0.063274, 0.082276, -0.028884, 0.033766, -0.043145, 0.093312, 0.016405, 0.050384, 0.014047, 0.046636, 0.019820, -0.013013, 0.023429, 0.060716, -0.035702, -0.045385, 0.088168, -0.005101, 0.075368, -0.072006, -0.107524, -0.075169, 0.057950, -0.033124, -0.008310, -0.073909, 0.077585, -0.018476, -0.068250, 0.034938, 0.003097, 0.039815, 0.041403, 0.008564, 0.080196, 0.017778, -0.027850, -0.014364, -0.005015, -0.098996, 0.018475, -0.030495, 0.085525, 0.012211, 0.004003, 0.012869, 0.004900, 0.010881, 0.082703, 0.024928, -0.000000, 0.086534, 0.024670, 0.013925, 0.003945, -0.022274, 0.055092, -0.045717, -0.011181, 0.024194, 0.007117, -0.011709, 0.061225, -0.052059, 0.028194, 0.028503, -0.030044, -0.011166, 0.092895, -0.053700, -0.058573, -0.095131, -0.094460, -0.020935, -0.026475, -0.004521, 0.058507, 0.047736, 0.041855, 0.025236, 0.019233, -0.028665, -0.001772, -0.024424, -0.125534, -0.009543, 0.056300, -0.123905, 0.050473, -0.022563, 0.022620, 0.011440, 0.048370, 0.059418, 0.043480, 0.056895, 0.019694, -0.076933, -0.076405, -0.037436, 0.012760, -0.100878, -0.048719, -0.010732, 0.029176, -0.099759, 0.052641, 0.033461, -0.014351, -0.072990, -0.015180, -0.052115, 0.080117, -0.039272, -0.067978, 0.016302, 0.077373, -0.027776, -0.042073, -0.010800, 0.065701, -0.021459, -0.001581, 0.044121, -0.054256, -0.062757, 0.040960, -0.045418, 0.032033, 0.021262, -0.041609, -0.055052, -0.032193, 0.100869, 0.030246, -0.005629, 0.030058, -0.047112, -0.026179, -0.062544, 0.097315, 0.044622, -0.009953, 0.027365, 0.001517, -0.108052, 0.000000, -0.140791, 0.030384, 0.007436, 0.068342, -0.002339, -0.007824, 0.009538, 0.064599, 0.033294, 0.044457, -0.000872, 0.017963, 0.076504, -0.018053, 0.028908, 0.055047, -0.021545, 0.040003, -0.050026, -0.086845, -0.028765, 0.020881, -0.036293, 0.039445, -0.009497, 0.027749, -0.011518, -0.016095, -0.031470, -0.071482, -0.083901, 0.033234, 0.070052, 0.036650, -0.032573, 0.000755, 0.094352, -0.117713, -0.060967, -0.014479, 0.022780, 0.084850, -0.016781, -0.108487, 0.005376, 0.067233, 0.083377, -0.055404, 0.058022, 0.042550, -0.013957, 0.020969, -0.011037, 0.112230, -0.024389, -0.043569, -0.062917, -0.014742, -0.020141, 0.078922, 0.019762, 0.067289, -0.080493, 0.061361, 0.029535, 0.059790, -0.037211, -0.055746, 0.047937, 0.013594, 0.009394, 0.009775, 0.045786, -0.058865, -0.017983, -0.102185, 0.004192, 0.045858, -0.014258, -0.017039, 0.033628, 0.004606, 0.012975, 0.048150, 0.080480, 0.019098, -0.016723, -0.062603, -0.018326, 0.105137, -0.051027, 0.068244, -0.056958, -0.040751, 0.001741, -0.000000, 0.031870, 0.027594, 0.029418, -0.001263, 0.056166, 0.013050, -0.034915, 0.049197, -0.037906, 0.001236, 0.075219, 0.000291, -0.029541, -0.103642, 0.025689, -0.088418, -0.008415, 0.096539, -0.057473, 0.000558, 0.083048, 0.023081, 0.020158, -0.084371, 0.045586, 0.014669, 0.039420, 0.102697, 0.020120, -0.006703, -0.018789, -0.041983, 0.043569, 0.019594, -0.021934, 0.067175, -0.012196, -0.009229, 0.029970, 0.100395, -0.014288, -0.072602, -0.008655, 0.069034, 0.010921, -0.027718, -0.039751, -0.006058, 0.120658, -0.022956, -0.006041, -0.022015, 0.046736, 0.067978, -0.051451, 0.024758, 0.011091, 0.004450, -0.103029, -0.000142, 0.074464, -0.091011, -0.083986, 0.043122]

=== CHUNK hdfc_equity_flexi_cap::0::5 ===
source_url: https://groww.in/mutual-funds/hdfc-equity-fund-direct-growth
scheme: HDFC Equity Fund - Direct Growth
category: flexi_cap
plan_variant: direct_growth
section: Scheme facts (as published on the scheme page)
fact_type: benchmark
authority: scheme_facts
is_atomic: true
char_len: 24
source_fetched_at: 2026-09-28T13:12:28+00:00
content_hash: cad958f1f66fd2ceca7e17ed4f2aedd3daf62baaa15682c5fb78bfd9e04e4c5e
---
Benchmark: NIFTY 500 TRI

embedding_dim: 384
embedding: [-0.102835, -0.002310, -0.073850, -0.031812, -0.035208, -0.042895, -0.004929, 0.018189, -0.088868, -0.064745, -0.019953, -0.098503, -0.035283, -0.000389, -0.056163, -0.044606, 0.085948, 0.024054, -0.032476, -0.091168, -0.025740, -0.016356, 0.030495, -0.015437, 0.008680, 0.010389, -0.019759, -0.024252, -0.024484, -0.094608, 0.031614, 0.087758, -0.069489, -0.024426, -0.018528, -0.031816, 0.006843, -0.058222, 0.015522, 0.007212, -0.032431, -0.014987, 0.070173, 0.037588, 0.110628, 0.033017, -0.019489, 0.057406, 0.073787, -0.022437, -0.072911, 0.013073, 0.013615, 0.011327, -0.023916, 0.011451, 0.025255, -0.082044, 0.028140, -0.048843, 0.090916, -0.032893, -0.020203, 0.019445, 0.072294, 0.019628, 0.048423, -0.122964, -0.029893, 0.010072, 0.006177, 0.066638, -0.045697, 0.024412, 0.007597, 0.032211, 0.005632, -0.008480, -0.046474, -0.102213, 0.019314, -0.015131, 0.020393, -0.006375, 0.072297, -0.012597, -0.056118, 0.129838, -0.029607, -0.064607, 0.028309, 0.062872, -0.000856, -0.001449, -0.052903, 0.059649, -0.000703, -0.073664, -0.048662, 0.067494, 0.068258, -0.009846, -0.055301, 0.036732, -0.028279, 0.049185, 0.105810, 0.100617, 0.046940, 0.034830, 0.050433, -0.017196, 0.001825, -0.047328, 0.012145, 0.039492, -0.046378, 0.074909, 0.082122, 0.063470, -0.012123, -0.009679, -0.034049, 0.066365, -0.032939, 0.078473, -0.006260, 0.000000, -0.017251, 0.115749, 0.008558, 0.001988, -0.088185, -0.053731, -0.029091, -0.034444, -0.088362, 0.012724, -0.076275, 0.058384, -0.071281, 0.012079, 0.018166, -0.051541, 0.021954, 0.025791, -0.079022, 0.051799, 0.026875, -0.005432, -0.026066, -0.026809, 0.037325, 0.152082, -0.020380, -0.037402, 0.005018, 0.059611, -0.001287, -0.071800, 0.032319, 0.037417, 0.065825, -0.029387, -0.021610, -0.020676, -0.017871, 0.015826, -0.109663, 0.060522, -0.023255, -0.072020, -0.046206, 0.014494, -0.029598, 0.046540, 0.031806, -0.028410, -0.036959, 0.042951, -0.111518, 0.031521, 0.002690, -0.024410, 0.055644, 0.012075, 0.009880, 0.092040, 0.011635, 0.048377, -0.038306, -0.039525, -0.061468, -0.027327, -0.075788, -0.027660, 0.043354, 0.056747, -0.055865, -0.002564, 0.111907, -0.023741, 0.153204, -0.053094, 0.055700, -0.029318, -0.047191, 0.003475, -0.061779, 0.034096, 0.024080, -0.066996, -0.005129, -0.064070, -0.003735, 0.012631, -0.050249, -0.000192, -0.036675, 0.024610, 0.037049, -0.066873, -0.037030, -0.000000, 0.014682, 0.041012, -0.025691, 0.068339, 0.005052, -0.004194, -0.008790, -0.002808, 0.022318, 0.035593, 0.091157, -0.012885, 0.042699, 0.031171, 0.054228, 0.018637, 0.024778, -0.101087, 0.002193, -0.033086, 0.029196, 0.000619, -0.032851, 0.013003, -0.059496, 0.069744, -0.087750, -0.033486, -0.012998, -0.085400, -0.072293, -0.008553, -0.048035, 0.012898, -0.001039, 0.043619, 0.064774, 0.108219, -0.052971, 0.019201, 0.026939, 0.076755, -0.018194, 0.020498, -0.022716, 0.021627, -0.050653, 0.047815, 0.007543, 0.073797, 0.000662, 0.006319, -0.030353, 0.065704, 0.040559, -0.044610, -0.033193, -0.012634, -0.058227, 0.034038, -0.053834, 0.028192, -0.073503, 0.099259, 0.057639, 0.021919, -0.007509, -0.008049, -0.019310, 0.063479, -0.073047, 0.015063, 0.034246, 0.012338, -0.148630, 0.000450, 0.040435, -0.004081, 0.056260, 0.005729, -0.029878, 0.029035, -0.022349, 0.036412, 0.030599, 0.093856, 0.025162, 0.009238, 0.070059, -0.012491, 0.014449, 0.064969, -0.017976, -0.093205, 0.000875, -0.000000, -0.018487, 0.058803, -0.031660, -0.011177, 0.031531, 0.041785, 0.010614, 0.047233, -0.027430, -0.066984, 0.123455, -0.041238, -0.032913, 0.025840, 0.025497, 0.004717, -0.023192, 0.008147, 0.028357, 0.014273, 0.039821, 0.065672, 0.018905, -0.072343, -0.103715, -0.001669, 0.015122, -0.047455, 0.086472, -0.023455, -0.066694, 0.016923, -0.010698, -0.068393, 0.037963, 0.026716, -0.036166, 0.155463, 0.016544, 0.028212, -0.011903, 0.089183, -0.059188, -0.017715, 0.078262, -0.028210, -0.011602, -0.114604, 0.060821, -0.046327, -0.065186, -0.046375, -0.029686, 0.061342, 0.041389, 0.058530, -0.008218, -0.079532, -0.056369, 0.066619, 0.044061, -0.064905, -0.064626, 0.045303]

=== CHUNK hdfc_equity_flexi_cap::0::6 ===
source_url: https://groww.in/mutual-funds/hdfc-equity-fund-direct-growth
scheme: HDFC Equity Fund - Direct Growth
category: flexi_cap
plan_variant: direct_growth
section: Scheme facts (as published on the scheme page)
fact_type: benchmark
authority: scheme_facts
is_atomic: true
char_len: 45
source_fetched_at: 2026-09-28T13:12:28+00:00
content_hash: cad958f1f66fd2ceca7e17ed4f2aedd3daf62baaa15682c5fb78bfd9e04e4c5e
---
Benchmark index: NIFTY 500 Total Return Index

embedding_dim: 384
embedding: [-0.001372, -0.037178, -0.011639, 0.062605, 0.006686, -0.026758, -0.005960, 0.012701, -0.025503, -0.043923, -0.116435, -0.002358, -0.044345, -0.006232, -0.141123, -0.047622, 0.093183, 0.026430, 0.017463, -0.039997, 0.001020, -0.001856, 0.076089, -0.089331, 0.026018, -0.003119, -0.074653, 0.011636, -0.030144, -0.086818, -0.028990, 0.054309, -0.052450, -0.001043, -0.072154, -0.016212, 0.011814, -0.081997, 0.066713, -0.011669, 0.009846, 0.041980, 0.033883, 0.056152, 0.123969, 0.016228, -0.016813, 0.015096, 0.071804, -0.008516, -0.104470, 0.081070, -0.000234, 0.011395, 0.004238, 0.026911, -0.051615, -0.110708, 0.030522, -0.057986, 0.140526, -0.017422, 0.001396, -0.010178, 0.081295, -0.015628, 0.030843, -0.113230, -0.039752, -0.008394, 0.038743, 0.019301, -0.027566, 0.029585, -0.001288, 0.070132, -0.000681, -0.004555, 0.016133, -0.003363, 0.019894, 0.004807, 0.015435, -0.052152, 0.039053, -0.022333, 0.046393, 0.066200, 0.030692, -0.052017, 0.058277, 0.005951, -0.021324, 0.004142, 0.013222, 0.031877, -0.006697, -0.023876, -0.022465, 0.061545, 0.043929, -0.031877, -0.053784, -0.007303, -0.046295, -0.003038, 0.085594, 0.027348, -0.022590, -0.045213, 0.023176, -0.000503, -0.030376, -0.014115, 0.000010, 0.003988, -0.039411, 0.033419, 0.086119, 0.071068, 0.103281, 0.063323, 0.013090, 0.058285, -0.011133, 0.104810, -0.017261, 0.000000, 0.003521, 0.031083, 0.045205, -0.083672, -0.070563, -0.029712, 0.026097, -0.021733, -0.030953, -0.023164, -0.076224, 0.081511, -0.037464, -0.018956, 0.008660, 0.003136, 0.016217, 0.103134, -0.028904, 0.016835, 0.033224, -0.008065, 0.063690, -0.067382, -0.002958, 0.024322, -0.050635, -0.045945, -0.001889, 0.039099, 0.044253, -0.017239, 0.048804, -0.064591, 0.047530, 0.014286, 0.037265, 0.060768, -0.013812, -0.005324, -0.113233, 0.046704, -0.068768, -0.055446, -0.102918, 0.006140, -0.045598, -0.013836, 0.021392, 0.006575, -0.082997, -0.024925, -0.043122, -0.001497, 0.005691, -0.028756, 0.069049, 0.066215, -0.006000, 0.081594, -0.064165, 0.035530, -0.026910, -0.011845, -0.087130, -0.019409, 0.020574, 0.070057, 0.047878, 0.081211, 0.012485, 0.010035, 0.097226, -0.046553, 0.075656, -0.045200, 0.046439, -0.021123, -0.051411, -0.060729, 0.010050, 0.028234, -0.014840, -0.082581, 0.057777, 0.019247, -0.031920, 0.029313, -0.012677, -0.056376, -0.022465, 0.034785, 0.018791, -0.103684, -0.032502, -0.000000, 0.033474, -0.024537, -0.005259, 0.046027, -0.028991, -0.015436, -0.018007, 0.031681, -0.031314, 0.121794, 0.062583, -0.063902, 0.059910, 0.076472, 0.008600, -0.002313, -0.013769, -0.072280, 0.024478, -0.075198, -0.023457, 0.055616, 0.006573, 0.021492, -0.082037, 0.076681, -0.084993, 0.025592, -0.056009, -0.144589, -0.009711, -0.048036, -0.046029, -0.012220, 0.054151, 0.065363, 0.027616, -0.009672, -0.046398, 0.069498, 0.041101, 0.066789, 0.033334, -0.028183, 0.051720, -0.005630, -0.084607, 0.054733, 0.084219, 0.005943, -0.009179, 0.047956, -0.070690, 0.058528, -0.002611, -0.042358, -0.058685, -0.018275, -0.071840, 0.035177, -0.049582, 0.035813, -0.086699, 0.085267, 0.040224, -0.016792, 0.017310, -0.107169, -0.006131, -0.005487, -0.062358, -0.058233, 0.086490, 0.030546, -0.069004, 0.101696, 0.043359, 0.024818, 0.063010, 0.087279, -0.018931, 0.040707, 0.007030, -0.020890, -0.006162, 0.048756, 0.038094, 0.018861, -0.013747, 0.044823, 0.028129, -0.047331, -0.021985, -0.028943, 0.090208, -0.000000, 0.003064, -0.021323, 0.013187, 0.021770, -0.030983, -0.005933, 0.002935, 0.062030, -0.019603, -0.082432, 0.121423, -0.088653, -0.096021, 0.080396, -0.013002, -0.026913, -0.091133, 0.012253, 0.009306, -0.035670, -0.017789, 0.061732, 0.094554, -0.086633, -0.025357, 0.028871, -0.007793, -0.009307, 0.021235, -0.029493, -0.007985, 0.018573, 0.007403, -0.056248, 0.011589, 0.015076, -0.017260, 0.105057, 0.008322, 0.048103, 0.004284, 0.000027, 0.030787, -0.024036, 0.030489, -0.029945, -0.047276, -0.009749, 0.071172, -0.123292, -0.051012, -0.140057, -0.059536, 0.022462, 0.001606, 0.058752, -0.056793, -0.043503, -0.054129, 0.032073, 0.077424, -0.081888, -0.063077, 0.032006]

=== CHUNK hdfc_equity_flexi_cap::0::7 ===
source_url: https://groww.in/mutual-funds/hdfc-equity-fund-direct-growth
scheme: HDFC Equity Fund - Direct Growth
category: flexi_cap
plan_variant: direct_growth
section: Scheme facts (as published on the scheme page)
fact_type: expense_ratio
authority: scheme_facts
is_atomic: true
char_len: 82
source_fetched_at: 2026-09-28T13:12:28+00:00
content_hash: cad958f1f66fd2ceca7e17ed4f2aedd3daf62baaa15682c5fb78bfd9e04e4c5e
---
Expense ratio (base, from scheme data): base expense ratio 0.57%, as on 2026-09-24

embedding_dim: 384
embedding: [0.084903, 0.020383, -0.043155, 0.050803, 0.061868, -0.035538, -0.042515, 0.071352, -0.010272, -0.001691, -0.010799, -0.084492, -0.038256, 0.003873, -0.047717, 0.001225, -0.048962, -0.054708, 0.018296, 0.070531, 0.040308, 0.006128, 0.012497, 0.024740, 0.133672, -0.024531, 0.036347, 0.072005, -0.022529, -0.009960, -0.015924, 0.089308, 0.045721, 0.006643, -0.029540, -0.074308, -0.002194, -0.024052, 0.042575, 0.028096, -0.044055, -0.002936, -0.015567, 0.018590, 0.004141, 0.025944, -0.063294, 0.076786, 0.011989, 0.142716, 0.021532, 0.027759, -0.009359, 0.015204, 0.034742, 0.032331, -0.072146, -0.040486, 0.007417, -0.022832, -0.038613, -0.000739, 0.006262, 0.012693, 0.042401, -0.018171, 0.024530, 0.001401, -0.064154, -0.014244, -0.043811, -0.034120, -0.060252, -0.066465, -0.008870, 0.062533, 0.074781, 0.027543, 0.039874, -0.070161, 0.029037, 0.044645, 0.019906, 0.006755, 0.032519, -0.066269, 0.127438, 0.015110, 0.022769, -0.005819, 0.088583, 0.003159, -0.073510, -0.009224, -0.008876, 0.021713, -0.048206, 0.023885, 0.015568, -0.009567, 0.014421, 0.039368, 0.005453, -0.014297, -0.080178, 0.044491, 0.054880, 0.085489, 0.029966, -0.036123, -0.057698, 0.007474, -0.118626, -0.013434, -0.027758, 0.013779, -0.050944, -0.018140, 0.018449, 0.022227, 0.109259, 0.083548, 0.003482, 0.064263, -0.128790, -0.116503, -0.088288, -0.000000, -0.034183, 0.035620, 0.047602, -0.074830, -0.098375, 0.000244, -0.058894, 0.063593, -0.040048, 0.041691, -0.039753, 0.016593, -0.013981, -0.075653, 0.073733, -0.092410, -0.017348, 0.122975, 0.048167, -0.009634, 0.011949, 0.045356, -0.015456, -0.024125, 0.058437, 0.007535, -0.003936, 0.000734, -0.005151, 0.002341, 0.008317, 0.011428, 0.083201, -0.095047, 0.000960, 0.019446, 0.049009, 0.053125, -0.003259, 0.009366, -0.010323, 0.022612, 0.034302, -0.037558, -0.015012, -0.030548, 0.084002, -0.000732, 0.089844, 0.025808, -0.114236, -0.029690, -0.054919, -0.020138, 0.009303, -0.061254, -0.051393, -0.014894, -0.016788, 0.010650, -0.013722, -0.013541, -0.049649, -0.087916, -0.093995, 0.001817, 0.016321, -0.057804, -0.007733, 0.074410, -0.038545, 0.056803, 0.011234, 0.113864, -0.062250, -0.000185, 0.018831, 0.016213, -0.009112, 0.054976, -0.071016, 0.025928, 0.041906, -0.058325, -0.032210, 0.001576, 0.094908, 0.040832, -0.028166, 0.020537, 0.060615, -0.044853, -0.023976, -0.018719, 0.036372, -0.000000, -0.005700, 0.141996, -0.004140, 0.001835, -0.053595, 0.018818, 0.131507, 0.041400, -0.000021, 0.035053, -0.010344, 0.034832, -0.042393, -0.060923, 0.042923, -0.086433, -0.012571, -0.043376, -0.032064, -0.036617, -0.021635, 0.112159, -0.035114, -0.006637, -0.041234, 0.051254, -0.059830, 0.016407, 0.013150, -0.007879, -0.064586, -0.086236, 0.000367, 0.032525, 0.002551, -0.030726, -0.122609, 0.004218, 0.041042, -0.021967, 0.062775, 0.019835, -0.032768, -0.025762, 0.066061, -0.041649, 0.059145, -0.010259, 0.115054, -0.083219, 0.054092, 0.030031, -0.053478, 0.002198, -0.021114, 0.057272, 0.010364, -0.026916, -0.048597, -0.050004, 0.086817, 0.049272, 0.022783, -0.032125, -0.014814, -0.045724, 0.018777, -0.012098, 0.049675, 0.015308, 0.006702, 0.004785, -0.002648, 0.049572, 0.007676, -0.031812, -0.036422, 0.037486, 0.056137, 0.015985, -0.037077, 0.030351, 0.029746, -0.026507, -0.025281, -0.064782, 0.026947, -0.021768, -0.073107, 0.093680, -0.121206, -0.048820, 0.004274, 0.072843, 0.007378, -0.000000, 0.053993, -0.053741, 0.033747, 0.020102, 0.030599, -0.067737, 0.030989, 0.013758, -0.037584, 0.087212, -0.018531, 0.011237, -0.074772, -0.027772, -0.042716, -0.017874, -0.072110, 0.035158, -0.009001, -0.106532, -0.020476, 0.072864, -0.081992, -0.064240, -0.030058, 0.052803, -0.031504, 0.164974, 0.000030, -0.033886, 0.028426, -0.041571, -0.029081, -0.051427, -0.024132, 0.043972, 0.001992, 0.064493, 0.042714, 0.037027, 0.029072, -0.104730, -0.025042, 0.013018, 0.022115, -0.068070, -0.095892, 0.002460, -0.006591, -0.081951, 0.086889, 0.039774, -0.095589, 0.049590, 0.002043, -0.025507, -0.027720, -0.030522, -0.139971, -0.022317, 0.062151, -0.075540, -0.033523, 0.012371]

=== CHUNK hdfc_equity_flexi_cap::0::8 ===
source_url: https://groww.in/mutual-funds/hdfc-equity-fund-direct-growth
scheme: HDFC Equity Fund - Direct Growth
category: flexi_cap
plan_variant: direct_growth
section: Scheme facts (as published on the scheme page)
fact_type: exit_load
authority: scheme_facts
is_atomic: true
char_len: 58
source_fetched_at: 2026-09-28T13:12:28+00:00
content_hash: cad958f1f66fd2ceca7e17ed4f2aedd3daf62baaa15682c5fb78bfd9e04e4c5e
---
Exit load note1: Exit load of 1% if redeemed within 1 year

embedding_dim: 384
embedding: [-0.067957, 0.048964, 0.008698, -0.016486, -0.028920, -0.017329, 0.021294, 0.039012, 0.011578, 0.032933, 0.048725, -0.039940, -0.020049, -0.039496, 0.015992, 0.057602, -0.070448, -0.051704, -0.009443, -0.013233, 0.019021, -0.051403, -0.083926, 0.011931, 0.021544, 0.018716, -0.054054, 0.006286, -0.007713, 0.020827, 0.061298, 0.019127, 0.016849, -0.067434, 0.081643, 0.042123, -0.121367, -0.043453, -0.020652, 0.002186, -0.046480, 0.017760, -0.005211, 0.003072, -0.006114, -0.016400, -0.067689, 0.116587, 0.000881, 0.119146, 0.073403, 0.009796, -0.008537, 0.048426, -0.045221, -0.002673, 0.076671, 0.031613, -0.069522, -0.031390, 0.033204, 0.012436, -0.026555, -0.072030, -0.040167, 0.048651, 0.050082, -0.038328, -0.022601, 0.022776, -0.036468, -0.103552, -0.051916, -0.014263, -0.000397, 0.018899, 0.051799, 0.015537, -0.023158, -0.073211, -0.009888, -0.014350, 0.020434, -0.052672, -0.006603, 0.006981, -0.001384, -0.000369, 0.077816, -0.015074, 0.027107, 0.136703, 0.074514, 0.023018, 0.008044, 0.019508, -0.085622, -0.011263, -0.002033, 0.045875, -0.013185, 0.047502, 0.044291, -0.008996, 0.040746, -0.080475, -0.013950, -0.002698, 0.014274, -0.040120, 0.030076, -0.018986, 0.154999, -0.004066, 0.035350, -0.008394, -0.029858, 0.111369, 0.028421, 0.038807, 0.145161, 0.039688, -0.081683, -0.009467, -0.031572, -0.047060, 0.089848, 0.000000, -0.026901, -0.089187, -0.048190, -0.016311, -0.057681, -0.038221, 0.014267, 0.091024, -0.046035, -0.031639, 0.011866, -0.063503, -0.018401, -0.030373, -0.022250, -0.003520, 0.013787, 0.011252, 0.135563, -0.013341, 0.009510, -0.153682, 0.027207, -0.024289, 0.071915, 0.042106, -0.016377, -0.049035, -0.006440, -0.039394, 0.067812, 0.006837, 0.008155, -0.106482, 0.010175, 0.014505, 0.088108, 0.023654, 0.049119, -0.034967, -0.038579, 0.049873, 0.032458, 0.024679, -0.023999, -0.149970, 0.037848, 0.013913, 0.001802, 0.067842, -0.013346, -0.061013, -0.038109, 0.030346, -0.078876, -0.035522, -0.059500, -0.019109, -0.005889, -0.050025, 0.047609, -0.062218, -0.025209, -0.005248, -0.120060, -0.018303, 0.031915, -0.015217, -0.121313, 0.046178, -0.023591, -0.051639, 0.056573, -0.085945, -0.007225, -0.011482, 0.095548, 0.058368, 0.070343, -0.000038, 0.025340, -0.043401, -0.005824, 0.013738, 0.039219, 0.049778, 0.097451, -0.166634, -0.049205, -0.001184, -0.007252, -0.056044, 0.003871, 0.004520, 0.060322, -0.000000, -0.028055, 0.017121, -0.041520, -0.004021, -0.004876, 0.034485, -0.017132, 0.100697, -0.018293, 0.094125, 0.034858, 0.029253, 0.015203, 0.066507, -0.023060, 0.021816, 0.012748, 0.010206, -0.048363, 0.038779, 0.016422, -0.001013, -0.039146, 0.059913, -0.010647, 0.009530, -0.104470, -0.010983, -0.058714, -0.039825, -0.047951, -0.065389, -0.017816, 0.004167, 0.003720, -0.021859, 0.029712, -0.021197, -0.007366, 0.137119, 0.088155, 0.006334, -0.049423, -0.007416, 0.005049, -0.025791, 0.056837, 0.032407, 0.012433, -0.039946, 0.002230, -0.012177, 0.065133, 0.051075, -0.047581, 0.050732, 0.104091, -0.025130, -0.080575, -0.028081, -0.039973, -0.000667, 0.069000, -0.019080, 0.016953, -0.086108, 0.041450, 0.060675, 0.019909, 0.039439, 0.069977, 0.070576, 0.042081, -0.079611, -0.015483, 0.013154, -0.058437, -0.103256, -0.030453, -0.014194, 0.003880, 0.039664, -0.024778, 0.066707, -0.034138, -0.007139, 0.021481, -0.021100, -0.035438, 0.073700, -0.011926, -0.020316, 0.051520, 0.012757, -0.016605, -0.000000, 0.026167, 0.041848, 0.088376, -0.031612, 0.083044, 0.012016, 0.014930, -0.006473, -0.047297, -0.007663, 0.088029, 0.007262, -0.060881, -0.066951, -0.122345, 0.047488, -0.028582, 0.010991, 0.007213, -0.030854, -0.022942, 0.058888, -0.027881, -0.061689, -0.027948, -0.046925, 0.097852, 0.111897, 0.027849, -0.087514, -0.016795, 0.014617, 0.074928, -0.074142, -0.056825, 0.025735, 0.049388, 0.013725, -0.016697, 0.023580, 0.021708, 0.115794, -0.033114, 0.000429, -0.051635, -0.039598, -0.057316, -0.004167, 0.041302, -0.066649, 0.009193, -0.020253, -0.052701, 0.082832, 0.011590, -0.054526, -0.026042, 0.081593, -0.064529, 0.054947, 0.034501, 0.011453, -0.035217, -0.037579]

=== CHUNK hdfc_equity_flexi_cap::0::9 ===
source_url: https://groww.in/mutual-funds/hdfc-equity-fund-direct-growth
scheme: HDFC Equity Fund - Direct Growth
category: flexi_cap
plan_variant: direct_growth
section: Scheme facts (as published on the scheme page)
fact_type: general
authority: scheme_facts
is_atomic: true
char_len: 313
source_fetched_at: 2026-09-28T13:12:28+00:00
content_hash: cad958f1f66fd2ceca7e17ed4f2aedd3daf62baaa15682c5fb78bfd9e04e4c5e
---
Scheme name: HDFC Flexi Cap Direct Plan Growth
Fund name: HDFC Flexi Cap Direct Plan-Growth
Plan: Direct
Option: Growth
Asset management company: HDFC
Fund house: HDFC Mutual Fund
Stamp duty: 0.005% (from July 1st, 2020)
ISIN: INF179K01UT0
(as on 2013-01-01)
RTA and custodian: RTA: Cams; Custodian: Deutsche Bank

embedding_dim: 384
embedding: [0.012329, -0.041638, -0.104459, 0.021803, 0.093637, 0.044265, 0.059784, 0.052600, -0.011644, -0.035083, 0.027224, -0.095462, -0.145282, -0.002845, -0.047233, -0.038115, -0.069593, -0.072966, 0.045499, -0.019713, -0.032787, -0.033432, -0.005583, 0.007555, 0.053330, -0.011249, 0.003893, 0.067249, -0.049369, -0.039170, 0.053317, 0.105191, 0.024834, -0.048327, 0.074445, 0.054808, -0.042074, -0.031413, 0.030069, -0.061012, -0.017149, -0.057298, 0.001460, -0.004050, 0.054416, 0.009900, -0.024117, 0.078372, 0.030457, 0.049999, -0.009331, -0.022377, 0.036633, 0.038138, 0.035548, 0.115973, -0.031952, -0.026368, 0.051073, 0.018049, -0.051401, -0.063952, 0.078281, -0.026152, -0.035722, 0.009951, -0.018713, 0.006943, 0.007133, -0.061886, -0.007834, -0.037341, -0.067518, -0.034795, -0.003181, 0.025160, 0.014662, 0.061583, 0.069345, -0.110969, -0.055101, 0.031027, 0.069110, 0.029394, -0.002874, 0.024363, 0.003772, -0.068542, 0.025463, 0.004385, 0.015917, 0.033658, 0.016626, 0.026560, -0.115127, -0.038960, -0.040018, -0.059139, -0.040103, -0.001105, -0.001290, -0.003602, -0.031860, 0.004966, -0.058013, -0.037953, 0.008768, 0.062795, 0.081618, -0.038515, -0.038053, 0.039766, 0.005977, -0.009018, -0.031027, -0.020368, -0.125920, -0.082553, 0.068422, -0.030174, 0.040109, 0.023489, -0.051805, -0.037167, -0.095407, -0.019048, -0.004308, 0.000000, -0.026416, 0.072753, 0.010030, -0.036663, -0.017151, -0.076893, 0.032741, 0.008108, -0.059851, 0.039461, -0.033573, 0.004494, 0.000008, -0.032370, -0.073727, -0.129945, 0.053649, 0.120638, 0.011895, 0.041102, 0.040580, 0.104861, 0.045463, -0.066694, 0.106132, 0.021629, 0.030406, -0.010103, 0.062737, 0.056254, 0.021040, -0.039967, -0.035768, -0.095296, 0.006958, -0.004021, -0.018951, -0.095310, -0.110008, 0.025066, 0.054854, 0.070988, 0.003240, -0.025735, 0.006429, 0.046182, 0.094197, 0.046560, 0.088896, 0.008459, -0.121020, -0.054512, -0.043806, -0.041352, 0.023465, 0.033746, -0.059604, 0.040111, 0.015100, -0.020312, -0.052486, -0.047988, -0.159905, 0.001592, -0.052062, 0.050652, 0.034623, -0.058464, 0.018900, -0.003487, -0.013994, 0.025864, 0.077765, 0.068898, 0.021606, -0.062887, -0.039954, 0.097815, 0.001692, 0.051675, -0.066189, 0.060611, 0.002062, 0.018936, 0.058339, 0.027768, 0.039592, 0.017850, -0.028059, -0.059523, -0.057763, -0.029827, 0.048511, 0.013661, -0.041026, -0.000000, 0.008404, -0.032492, -0.023000, -0.027232, 0.024800, 0.066391, -0.014245, 0.059254, 0.059594, 0.015198, 0.102503, 0.004974, -0.056867, -0.040637, -0.009727, -0.064486, 0.009649, -0.056939, -0.030775, -0.001657, 0.023055, -0.072351, 0.001823, 0.101471, -0.015110, 0.033488, 0.035601, 0.057206, 0.008757, 0.030087, -0.032483, -0.038065, -0.102413, 0.047719, 0.031112, -0.080517, -0.009390, 0.010911, -0.030757, 0.067639, 0.008929, -0.006592, 0.039002, 0.042051, -0.077452, -0.030238, -0.021692, -0.021386, 0.054179, 0.004183, -0.033174, -0.055522, -0.025826, -0.029771, -0.034468, 0.023861, 0.088027, 0.034377, -0.017253, -0.021763, 0.088315, 0.047701, 0.029857, 0.143437, 0.036544, 0.002628, -0.079467, -0.105548, 0.022767, -0.050484, 0.096171, -0.038155, 0.077368, 0.066886, -0.017160, -0.044097, 0.026026, -0.026609, 0.044004, 0.061488, 0.083053, 0.013570, -0.043235, 0.106379, -0.034877, -0.052339, 0.046954, 0.004865, 0.006655, 0.019311, -0.026416, -0.040882, 0.028689, 0.081947, -0.008410, -0.000000, -0.006027, -0.019518, 0.044528, -0.028277, 0.036744, -0.058814, 0.009128, -0.039803, -0.018111, -0.027295, 0.023039, 0.098759, -0.035265, -0.073570, -0.017705, -0.040562, -0.031528, 0.075124, 0.006886, 0.025591, 0.014855, 0.062904, 0.002744, -0.031162, 0.008838, -0.007896, 0.028447, 0.039078, 0.020286, 0.007573, 0.013493, 0.021223, 0.081956, 0.029371, -0.034470, 0.102844, -0.022689, 0.040849, 0.023392, 0.073988, -0.011644, -0.045009, 0.044596, -0.069115, -0.069206, -0.015017, -0.036363, -0.006130, 0.054641, -0.114541, -0.076824, -0.036861, -0.036613, 0.024875, -0.062222, 0.061033, -0.041113, -0.025500, -0.040926, -0.025341, 0.063131, -0.084275, -0.018453, 0.081567]

=== CHUNK hdfc_equity_flexi_cap::1::0 ===
source_url: https://groww.in/mutual-funds/hdfc-equity-fund-direct-growth
scheme: HDFC Equity Fund - Direct Growth
category: flexi_cap
plan_variant: direct_growth
section: HDFC Flexi Cap Direct Plan Growth
fact_type: expense_ratio
authority: page_text
is_atomic: true
char_len: 144
source_fetched_at: 2026-09-28T13:12:28+00:00
content_hash: cad958f1f66fd2ceca7e17ed4f2aedd3daf62baaa15682c5fb78bfd9e04e4c5e
---
HDFC Flexi Cap Direct Plan Growth
Equity
Flexi Cap
Very High Risk Min. for SIP
₹100
Fund size (AUM)
₹1,13,606.47 Cr
Expense ratio
0.77%
Rating
5

embedding_dim: 384
embedding: [0.081438, -0.034322, -0.119309, 0.043656, 0.103839, 0.020535, 0.021064, 0.111833, -0.030963, 0.008429, 0.033111, -0.086586, -0.112742, 0.019832, -0.016780, -0.051838, -0.069981, -0.108031, -0.003038, 0.042724, -0.011949, -0.039533, 0.018786, 0.004586, 0.015191, -0.013376, 0.031280, 0.095750, -0.011844, -0.044346, 0.074379, 0.129486, 0.097947, -0.076972, 0.044154, 0.031390, -0.066967, -0.019634, 0.018516, -0.097627, 0.008549, -0.001609, 0.032487, -0.050821, 0.024530, -0.038684, -0.033227, 0.068446, 0.059345, 0.006964, 0.044332, 0.028378, 0.007085, -0.066147, -0.029614, 0.054262, -0.035666, -0.030888, 0.034141, 0.019987, -0.020862, -0.009769, 0.047484, 0.005352, -0.003946, 0.036080, -0.034722, 0.021478, 0.004698, 0.054237, -0.025025, -0.103912, -0.075777, -0.075484, 0.003274, 0.047193, 0.005887, 0.046528, 0.019669, 0.036211, -0.059074, -0.040784, 0.073079, 0.019685, 0.031264, 0.012556, 0.037293, -0.134199, -0.060478, -0.026589, 0.057658, 0.079010, 0.054352, 0.066258, -0.045593, -0.017266, -0.055493, -0.099856, -0.052374, 0.009012, 0.014794, 0.065659, -0.042626, -0.014691, 0.010488, -0.046990, 0.031059, -0.002048, 0.054111, 0.002166, -0.002846, 0.062631, -0.005289, -0.025749, -0.021559, -0.039656, -0.090987, -0.095668, 0.058782, 0.021572, -0.049248, 0.036441, -0.004913, -0.043639, -0.014735, -0.072526, -0.025343, 0.000000, -0.005302, 0.040762, -0.074179, -0.070016, 0.010705, -0.036435, 0.067502, -0.026434, -0.030065, -0.009318, 0.038297, 0.024584, -0.001793, -0.017818, -0.017005, -0.089884, 0.027084, 0.095344, -0.007205, -0.028923, -0.050384, 0.025795, 0.081464, -0.094789, 0.113043, 0.023617, 0.013893, -0.021167, 0.083127, 0.065313, -0.042927, 0.032480, -0.057419, -0.052529, -0.071579, 0.044776, -0.050880, -0.063970, -0.090259, 0.009276, -0.004565, 0.066757, 0.033006, -0.051494, -0.013676, 0.017905, 0.057914, 0.048245, -0.006255, 0.019518, -0.142463, -0.053410, -0.060836, 0.025218, 0.050402, -0.038612, -0.059499, 0.001582, 0.020645, 0.015710, -0.029367, -0.070592, -0.136898, 0.034542, -0.024428, 0.131385, 0.013193, -0.068496, 0.031912, -0.018798, 0.028546, -0.016987, 0.088533, 0.051492, -0.007002, 0.003961, 0.030855, 0.078316, 0.005288, 0.063991, -0.011145, 0.090221, 0.064149, -0.007892, 0.056348, -0.029711, 0.019320, 0.051357, -0.036956, -0.012997, 0.018404, -0.064089, 0.095327, -0.011956, -0.046447, -0.000000, -0.011179, -0.051114, -0.000043, 0.016676, 0.009167, 0.048266, 0.014570, 0.034488, 0.050310, -0.030691, 0.022560, 0.044548, -0.008867, -0.036231, -0.051919, -0.020458, 0.015747, -0.038698, 0.034051, -0.035295, 0.060672, -0.007865, 0.054736, 0.095260, -0.011693, 0.020206, -0.031787, -0.017247, -0.062528, 0.015448, -0.019869, 0.014282, -0.077226, 0.073878, -0.006784, -0.082911, -0.046279, 0.041042, 0.016667, 0.065052, 0.017007, 0.002085, 0.015024, -0.138181, 0.013161, -0.077942, 0.034630, -0.077910, 0.047270, -0.011122, -0.030429, -0.075595, 0.061211, 0.037760, -0.072285, 0.010576, 0.091993, 0.005375, -0.032514, -0.030686, 0.086105, 0.106809, 0.013932, 0.068645, 0.029624, 0.031231, -0.055006, -0.107540, -0.003072, -0.046540, 0.078139, -0.015315, 0.109292, 0.097980, -0.005004, 0.012304, -0.041619, -0.025282, 0.077901, 0.051292, 0.017280, 0.059140, -0.054702, 0.102756, -0.031301, -0.049467, 0.039218, -0.088861, -0.002470, 0.035828, -0.042474, -0.013056, 0.048235, 0.046509, 0.019587, -0.000000, 0.002165, -0.011845, 0.025306, 0.017750, 0.017183, 0.001077, -0.047587, -0.024301, -0.015997, 0.023538, 0.048285, 0.031550, -0.047953, -0.011964, -0.092988, -0.057652, -0.005000, 0.078345, -0.009041, -0.048350, 0.036724, 0.059332, 0.049402, -0.006004, 0.022443, 0.008867, 0.018374, 0.059224, 0.016952, -0.015777, -0.022853, 0.012177, 0.043000, 0.053793, -0.062273, 0.047508, 0.042617, -0.011066, -0.047853, 0.110240, 0.035613, -0.087971, 0.033377, -0.084100, -0.015730, 0.004532, -0.061081, -0.008741, 0.031021, -0.077474, 0.020007, 0.017210, -0.027369, 0.025479, -0.014738, 0.006992, -0.069447, 0.020803, -0.026866, -0.002115, 0.026485, -0.065203, -0.042665, 0.037338]

=== CHUNK hdfc_equity_flexi_cap::2::0 ===
source_url: https://groww.in/mutual-funds/hdfc-equity-fund-direct-growth
scheme: HDFC Equity Fund - Direct Growth
category: flexi_cap
plan_variant: direct_growth
section: Minimum investments
fact_type: min_sip
authority: page_text
is_atomic: true
char_len: 95
source_fetched_at: 2026-09-28T13:12:28+00:00
content_hash: cad958f1f66fd2ceca7e17ed4f2aedd3daf62baaa15682c5fb78bfd9e04e4c5e
---
Minimum investments
Min. for 1st investment
₹100
Min. for 2nd investment
₹100
Min. for SIP
₹100

embedding_dim: 384
embedding: [0.051274, 0.046294, -0.092354, 0.002631, -0.071447, 0.015431, 0.046206, 0.109477, -0.001120, 0.005944, 0.020687, -0.082094, -0.026935, 0.044414, -0.000246, -0.055469, -0.018081, -0.086410, -0.018375, -0.010190, 0.082598, -0.054397, -0.014987, -0.046661, 0.086270, 0.012086, 0.041993, 0.068080, 0.038712, 0.012984, 0.076722, 0.070938, 0.078622, -0.046316, 0.005632, 0.009935, -0.018650, 0.019833, 0.037962, -0.073937, -0.044374, -0.049560, 0.019444, -0.058981, -0.001474, -0.028047, -0.037963, 0.105733, 0.036105, 0.013208, -0.015774, 0.023477, -0.064114, -0.031551, -0.053242, -0.038302, -0.056106, 0.013335, 0.012347, 0.026110, -0.010065, 0.008086, 0.000082, 0.057748, 0.048766, -0.025573, -0.025935, -0.004750, -0.020322, 0.058034, 0.013178, -0.077803, -0.106245, -0.091128, -0.056992, -0.017048, 0.060515, 0.071148, -0.025572, -0.033878, 0.013657, -0.018485, -0.007503, -0.002343, -0.022778, 0.010312, 0.002739, -0.001013, -0.017068, -0.058803, 0.097010, 0.105753, -0.025700, 0.058609, -0.024036, 0.003226, -0.017229, -0.026084, -0.046547, 0.037350, 0.011744, -0.056955, -0.012809, 0.023954, 0.010827, -0.054635, 0.080548, -0.063565, 0.017131, -0.008145, -0.065060, 0.099848, 0.036649, -0.047014, -0.043187, 0.074048, -0.046978, -0.028572, 0.096411, 0.053040, -0.025313, 0.040829, -0.027044, -0.061404, -0.057080, -0.057575, 0.000193, 0.000000, -0.059433, -0.008869, -0.052416, -0.012664, -0.059683, -0.000865, 0.074479, -0.030294, -0.047553, -0.088667, 0.022704, -0.071859, -0.027663, -0.003737, 0.013788, -0.067373, 0.053456, 0.088631, 0.052151, -0.043426, -0.027344, -0.080015, 0.041805, -0.022139, 0.103285, -0.010279, 0.041683, -0.114609, 0.074635, 0.042701, 0.094559, 0.022585, -0.105793, -0.018419, -0.055189, 0.075044, 0.051874, -0.004477, -0.040283, -0.011657, -0.062306, 0.050614, -0.021156, -0.063383, 0.010825, 0.054635, 0.049039, 0.101590, -0.033752, 0.015235, -0.084079, -0.012389, -0.084133, 0.006867, 0.030465, -0.033050, -0.029303, -0.083800, -0.069752, -0.005244, -0.031327, -0.082477, -0.119069, 0.017906, -0.075626, 0.077278, -0.016839, -0.019690, 0.056923, 0.049705, -0.072642, -0.047959, 0.120741, 0.007389, 0.057592, 0.051804, 0.068997, 0.059114, 0.008745, 0.083376, -0.008902, 0.060672, -0.019348, 0.007702, 0.044959, 0.012949, 0.048444, 0.007244, -0.042731, -0.002681, -0.073455, 0.000774, 0.038112, 0.059089, 0.027261, -0.000000, -0.033744, 0.026841, 0.056775, 0.060122, 0.023419, 0.031111, 0.093249, 0.032480, 0.062764, 0.067144, -0.053720, -0.001775, 0.042515, -0.069320, -0.095194, -0.041832, 0.038390, -0.025976, 0.046397, -0.018277, 0.048290, 0.068061, 0.001338, 0.036982, 0.015922, 0.048804, -0.047859, 0.017459, -0.095752, -0.046190, -0.035109, -0.028755, -0.089362, 0.031395, -0.057987, -0.032340, 0.019071, -0.044572, -0.022762, 0.102595, 0.105751, 0.029149, 0.037555, -0.063172, 0.017958, -0.075185, 0.060180, -0.044393, -0.030686, -0.109083, 0.002500, -0.031981, 0.024345, 0.033740, 0.016910, 0.031497, 0.031461, -0.020727, 0.036033, -0.013973, 0.031808, 0.065487, -0.028552, 0.097458, -0.035493, -0.018187, -0.001863, -0.010523, 0.053254, -0.109301, -0.020620, 0.022250, 0.085302, -0.017087, -0.052766, 0.025572, -0.046601, -0.047507, 0.069579, 0.028734, -0.041256, 0.113569, -0.042625, 0.024377, 0.031855, 0.003369, 0.013876, -0.083307, 0.036790, -0.025148, -0.087052, 0.051074, 0.082297, 0.053874, -0.000947, -0.000000, -0.014349, -0.062969, 0.022286, 0.011804, 0.037239, -0.025429, -0.041980, -0.007191, 0.047768, 0.024674, 0.064911, -0.016557, -0.037927, 0.021003, -0.116707, -0.067241, 0.008924, -0.017535, -0.024903, -0.061335, 0.080783, 0.029759, 0.057257, 0.037178, -0.019226, -0.032226, 0.082276, 0.013084, 0.029791, 0.033926, -0.087190, 0.042524, 0.040772, -0.001133, -0.083337, 0.011655, 0.056990, 0.047064, -0.039613, 0.032802, 0.005556, -0.146443, -0.021253, -0.059015, 0.000184, -0.011156, -0.026701, -0.002684, 0.037614, -0.083711, 0.054437, 0.011295, 0.027761, 0.011404, -0.030468, 0.037418, -0.068620, 0.042982, -0.069975, -0.034791, 0.018128, 0.008718, -0.054528, 0.009665]

=== CHUNK hdfc_equity_flexi_cap::3::0 ===
source_url: https://groww.in/mutual-funds/hdfc-equity-fund-direct-growth
scheme: HDFC Equity Fund - Direct Growth
category: flexi_cap
plan_variant: direct_growth
section: Expense ratio
fact_type: expense_ratio
authority: page_text
is_atomic: true
char_len: 217
source_fetched_at: 2026-09-28T13:12:28+00:00
content_hash: cad958f1f66fd2ceca7e17ed4f2aedd3daf62baaa15682c5fb78bfd9e04e4c5e
---
Expense ratio
A fee payable to a mutual fund house for managing your mutual fund investments. It is the total percentage of a company's fund assets used for administrative, management, advertising, and other expenses.

embedding_dim: 384
embedding: [0.055193, -0.068486, -0.106345, 0.042540, 0.148237, -0.007048, 0.068020, -0.014563, 0.039526, -0.009908, -0.043549, -0.021647, -0.010628, 0.070969, -0.071424, -0.096657, -0.023812, 0.041907, -0.007222, 0.058404, -0.016179, 0.029258, 0.079867, 0.056764, 0.067137, -0.037525, 0.032923, 0.006966, -0.082352, -0.005720, 0.045024, 0.003418, -0.022078, -0.069152, 0.002573, 0.056579, -0.057060, -0.016416, 0.043264, 0.014168, -0.049402, 0.053230, -0.017254, -0.014502, -0.062990, 0.066649, -0.074997, 0.023776, 0.010187, 0.091902, 0.045802, 0.047271, -0.077918, -0.011914, -0.010183, 0.015286, -0.069464, -0.042120, -0.026206, -0.054500, -0.048764, -0.068036, 0.035174, 0.027259, 0.023174, -0.000693, 0.019109, 0.089804, -0.041101, -0.041226, 0.012525, 0.000151, -0.026077, -0.083341, 0.012318, 0.077287, 0.004941, 0.068320, 0.002234, 0.001968, -0.049294, 0.043292, 0.105481, 0.019611, -0.003957, -0.014698, 0.084886, -0.059681, 0.041861, -0.010323, 0.035260, -0.008694, -0.032559, -0.064482, 0.054453, 0.041486, -0.069496, -0.011394, -0.024384, -0.027029, 0.011427, -0.066277, 0.016923, -0.044700, 0.012452, -0.021944, 0.090351, 0.024000, 0.081603, 0.024315, -0.032866, 0.054434, 0.034324, -0.020287, 0.027160, 0.002297, 0.000630, -0.031915, 0.139725, 0.034622, 0.054831, 0.012173, -0.021772, -0.059392, -0.004181, -0.062774, -0.086422, -0.000000, -0.031070, 0.018218, 0.017165, 0.025063, -0.107426, 0.038024, 0.003980, 0.044806, -0.048748, -0.080899, -0.003851, 0.068760, -0.009877, -0.028748, -0.015885, -0.109077, 0.008349, 0.163543, 0.106760, -0.047373, -0.006749, 0.070913, 0.027486, -0.022529, 0.002638, -0.046050, -0.016870, 0.013453, 0.026961, 0.002863, 0.022523, 0.053027, 0.032694, -0.045767, -0.077785, 0.027521, -0.018924, 0.078266, 0.014866, 0.020798, -0.063720, -0.021459, -0.022573, -0.086869, -0.078011, -0.024532, 0.120900, 0.025031, -0.058754, -0.047142, -0.067378, -0.085619, -0.007043, 0.019631, 0.075677, -0.041353, -0.011914, -0.042350, -0.089098, 0.020412, 0.022875, -0.006676, -0.050931, -0.026456, -0.028554, -0.073562, -0.006167, 0.055044, -0.012658, 0.037634, -0.014839, -0.015488, -0.006198, 0.111893, -0.011616, 0.012801, 0.006743, 0.006131, -0.018351, 0.095994, -0.093869, -0.015227, 0.005222, 0.061423, -0.071741, -0.018295, 0.077519, 0.061305, -0.088102, -0.025049, 0.103116, -0.064994, -0.007179, 0.003781, 0.014281, 0.000000, 0.022536, 0.010717, 0.080545, 0.031805, -0.026738, -0.005009, 0.001162, -0.013052, 0.049987, 0.035087, -0.108907, 0.006475, -0.050493, -0.079061, -0.079201, -0.085599, -0.038067, 0.009816, -0.010186, -0.012302, 0.069437, 0.010083, 0.092477, -0.061468, -0.071665, 0.017068, -0.034131, 0.028969, -0.023513, 0.071774, -0.039859, -0.086080, -0.040386, 0.032453, -0.019719, -0.051183, -0.035046, 0.028576, 0.015419, 0.028602, 0.053967, 0.014651, 0.050191, -0.049425, 0.116330, -0.090069, -0.024164, -0.063134, 0.068248, -0.033660, -0.080962, -0.054185, -0.000036, -0.011897, -0.105612, 0.038817, -0.000190, 0.076864, 0.024365, 0.049395, 0.051060, 0.081504, 0.016768, 0.070990, -0.119970, 0.034089, -0.023004, -0.041678, 0.004122, 0.065809, -0.005817, 0.026181, 0.029685, 0.076966, -0.014253, 0.023279, 0.035534, -0.024433, 0.012772, -0.015682, 0.062093, -0.011973, -0.055840, -0.016890, -0.008805, -0.041619, 0.055265, -0.028279, -0.006851, -0.029745, 0.039126, -0.107412, 0.089913, 0.091173, -0.044832, -0.000000, -0.027080, -0.055888, 0.036308, -0.046943, -0.048412, -0.026270, 0.005892, -0.024332, 0.057755, 0.076273, 0.084729, 0.018479, -0.092706, 0.041984, -0.055038, -0.051859, -0.024715, 0.029936, 0.003223, 0.005080, 0.004983, 0.025364, -0.020775, 0.016438, 0.056788, -0.055705, 0.010690, 0.042279, -0.018256, -0.082396, 0.038564, 0.029017, -0.018568, 0.006776, -0.037106, 0.063309, -0.040083, 0.059277, 0.013204, 0.119978, 0.024916, -0.038777, 0.049746, -0.033590, 0.048960, -0.001155, -0.093102, -0.020270, -0.013998, -0.111473, 0.048791, 0.070389, -0.023603, 0.036726, -0.060735, -0.019467, -0.028547, 0.023180, -0.070684, -0.001901, 0.022637, -0.011333, -0.009948, -0.024796]

=== CHUNK hdfc_equity_flexi_cap::4::0 ===
source_url: https://groww.in/mutual-funds/hdfc-equity-fund-direct-growth
scheme: HDFC Equity Fund - Direct Growth
category: flexi_cap
plan_variant: direct_growth
section: Tax
fact_type: general
authority: page_text
is_atomic: true
char_len: 256
source_fetched_at: 2026-09-28T13:12:28+00:00
content_hash: cad958f1f66fd2ceca7e17ed4f2aedd3daf62baaa15682c5fb78bfd9e04e4c5e
---
Tax
A percentage of your capital gains payable to the government upon exiting your mutual fund investments. Taxation is categorized as long-term capital gains (LTCG) and short-term capital gains (STCG) depending on your holding period and the type of fund.

embedding_dim: 384
embedding: [0.045199, -0.081162, -0.013279, 0.004471, 0.116711, 0.068932, 0.081745, 0.036595, 0.008286, 0.026332, 0.009733, 0.017792, -0.071654, -0.012336, -0.021195, -0.052049, -0.063911, 0.044842, 0.039504, -0.024102, 0.050077, 0.002299, -0.012816, 0.027755, 0.130319, -0.069667, -0.023953, -0.002469, 0.025471, -0.012168, -0.004616, 0.014227, -0.092816, -0.031153, -0.048707, 0.048733, 0.000357, -0.083433, 0.035614, -0.057994, 0.021101, -0.009610, 0.035923, 0.009221, -0.028802, 0.012713, 0.032053, 0.006956, -0.035477, 0.026377, 0.073100, 0.039266, -0.080390, 0.095152, -0.029045, -0.010856, -0.030142, 0.038795, 0.012561, -0.020022, -0.070887, -0.056924, 0.060927, -0.005699, -0.003603, -0.018221, -0.037392, 0.033139, 0.039086, -0.029364, -0.004904, -0.026743, -0.041153, -0.086397, -0.104109, 0.038751, 0.008711, 0.072611, 0.021438, -0.062048, 0.001091, 0.092035, 0.105061, -0.050912, 0.004637, -0.001603, 0.074211, 0.031166, 0.059218, 0.058671, 0.054957, 0.030351, -0.027153, 0.015132, -0.057909, -0.040632, -0.001215, -0.063324, -0.041893, 0.016748, 0.048149, -0.028938, -0.027925, 0.005856, 0.034956, -0.033346, -0.017475, -0.008285, 0.010256, -0.080125, -0.081063, 0.160409, -0.020334, 0.015486, -0.046855, 0.112751, -0.053729, -0.030059, 0.064011, -0.059070, -0.014549, -0.017868, -0.034672, -0.006175, -0.047827, -0.036733, 0.006545, -0.000000, -0.084370, 0.018044, 0.025386, -0.004611, -0.069170, 0.017620, 0.085923, -0.051296, -0.022453, -0.084441, 0.009084, 0.022191, -0.013218, 0.039181, 0.044221, -0.131947, -0.038653, 0.075823, 0.107557, -0.046497, 0.059152, 0.078687, 0.020880, 0.010406, 0.071401, 0.021329, -0.059026, -0.013474, -0.057196, 0.039142, 0.042337, 0.080193, 0.001410, -0.033284, -0.058756, 0.008643, -0.047557, -0.032013, 0.028286, 0.001448, -0.009357, -0.043691, 0.044513, -0.063615, -0.159480, -0.016652, 0.054344, 0.060024, -0.042346, -0.027507, 0.038758, -0.103927, -0.068899, -0.031717, 0.029733, 0.007730, -0.063791, -0.057460, -0.043398, -0.017194, 0.031192, -0.029376, -0.045296, 0.019266, -0.077619, 0.053957, -0.051840, -0.000286, 0.060347, 0.025846, -0.023528, -0.010391, 0.005078, 0.057481, 0.105543, -0.023955, -0.093149, 0.045860, 0.029423, 0.078085, 0.002352, -0.004047, -0.072683, -0.072444, 0.070044, 0.016963, 0.029422, -0.001899, -0.002329, -0.033784, 0.021535, -0.026897, 0.046760, 0.023355, -0.072620, -0.000000, 0.002078, 0.008027, 0.035985, 0.021350, -0.038968, -0.012867, 0.016429, -0.000365, -0.049327, 0.079495, 0.003026, -0.050151, -0.103705, -0.027005, -0.077452, -0.139339, -0.000360, -0.014594, -0.004262, -0.022750, 0.046023, -0.036969, 0.018462, 0.070488, -0.038363, -0.015084, -0.074717, 0.048454, -0.032364, 0.036420, 0.050619, 0.067152, -0.033891, -0.011624, 0.022263, -0.043447, 0.054389, -0.026102, 0.051826, 0.050922, 0.015269, 0.020011, 0.120968, 0.051623, 0.069296, -0.038667, -0.015829, 0.055787, 0.009795, 0.014117, -0.024787, -0.032319, -0.000747, -0.056630, -0.066056, 0.042613, -0.005426, -0.008935, -0.076502, 0.024027, 0.055877, 0.047827, -0.026926, 0.062237, -0.010963, -0.078397, -0.020503, -0.070814, 0.080906, -0.032535, 0.042076, 0.006522, -0.025458, -0.015382, 0.018198, -0.010751, 0.079488, 0.024976, 0.086965, -0.019408, 0.045376, -0.022022, 0.024382, 0.001082, -0.002887, -0.006225, 0.008897, -0.035977, 0.069852, -0.061708, -0.024624, -0.017590, 0.093702, 0.042987, 0.038477, -0.000000, -0.023804, -0.007127, 0.018624, 0.003093, -0.068602, 0.038802, -0.015255, -0.032974, 0.014928, -0.023196, 0.025641, 0.029103, -0.077427, -0.044446, -0.140949, -0.018082, -0.016697, 0.043929, 0.033624, 0.018934, 0.049995, -0.019166, -0.014333, 0.094515, 0.038215, -0.031040, 0.113681, 0.072258, 0.010584, 0.049311, 0.058191, 0.013572, -0.029077, 0.106112, -0.018851, 0.060847, 0.039816, 0.016743, 0.049945, 0.169313, 0.003775, 0.049510, 0.068371, -0.030476, -0.124892, -0.001257, -0.033496, -0.032375, -0.022393, -0.051718, 0.093938, -0.038044, -0.088969, -0.039799, -0.050522, -0.021846, -0.029294, 0.044753, -0.088481, -0.081480, -0.027408, -0.055642, 0.029454, -0.005127]

=== CHUNK hdfc_equity_flexi_cap::5::0 ===
source_url: https://groww.in/mutual-funds/hdfc-equity-fund-direct-growth
scheme: HDFC Equity Fund - Direct Growth
category: flexi_cap
plan_variant: direct_growth
section: Exit load
fact_type: exit_load
authority: page_text
is_atomic: true
char_len: 159
source_fetched_at: 2026-09-28T13:12:28+00:00
content_hash: cad958f1f66fd2ceca7e17ed4f2aedd3daf62baaa15682c5fb78bfd9e04e4c5e
---
Exit load
A fee payable to a mutual fund house for exiting a fund (fully or partially) before the completion of a specified period from the date of investment.

embedding_dim: 384
embedding: [0.056902, 0.010251, -0.041701, 0.051720, 0.088564, 0.010061, 0.041278, -0.014979, 0.006100, 0.052224, -0.044543, 0.012784, -0.041278, 0.019864, -0.054330, -0.056194, -0.037347, -0.001777, 0.051542, 0.072269, 0.049296, -0.018388, -0.003165, 0.037348, 0.077765, -0.038981, 0.028870, -0.022254, -0.020044, -0.018404, 0.016735, -0.008113, -0.080776, -0.091869, 0.054674, 0.082998, -0.084051, 0.011330, 0.013002, 0.006213, 0.027246, 0.012186, 0.066283, 0.038585, -0.023071, 0.091665, -0.044285, 0.022843, 0.001276, 0.088782, 0.033244, 0.023866, -0.021132, 0.038897, -0.013641, 0.067274, 0.053220, -0.053127, -0.035238, 0.022622, -0.008012, -0.028592, -0.035805, -0.014931, 0.003489, 0.025393, -0.028012, 0.024046, 0.054031, 0.013647, 0.021369, -0.063370, -0.086432, -0.067141, 0.000603, 0.071029, 0.029696, 0.018077, -0.015885, -0.057027, -0.033433, 0.012166, 0.126005, -0.018617, -0.000727, 0.016407, 0.033497, 0.006296, 0.134403, 0.012931, 0.001398, 0.061798, -0.019697, -0.003043, 0.025021, -0.022298, -0.026624, -0.090230, -0.034433, 0.036533, 0.040036, -0.055489, -0.062289, -0.004397, 0.026169, -0.063423, 0.030988, 0.009943, 0.020515, -0.002053, -0.046196, 0.021837, 0.123739, -0.054226, 0.051856, 0.125189, -0.060009, 0.028246, 0.166850, -0.040079, 0.061045, 0.053355, -0.047214, -0.097522, -0.036701, -0.022114, 0.031371, -0.000000, -0.033199, -0.072862, -0.013550, -0.009071, -0.085226, -0.015399, 0.006182, 0.011083, -0.031114, -0.084110, 0.071460, -0.078511, -0.052808, -0.069889, -0.027191, -0.131913, 0.060863, 0.120753, 0.139723, -0.021115, 0.094069, -0.008228, -0.007003, -0.026128, 0.030182, -0.032633, -0.014555, -0.017481, 0.062735, 0.037897, 0.032991, 0.002577, -0.064143, -0.023392, -0.057172, -0.022393, -0.055584, 0.010729, 0.000513, -0.042396, -0.002297, 0.025292, -0.005247, -0.030499, -0.115074, -0.076470, 0.144091, 0.006895, -0.057487, -0.007587, -0.042568, -0.097022, -0.033014, -0.007655, -0.017276, -0.023423, -0.040298, -0.036034, -0.028464, -0.049620, 0.072453, 0.001910, -0.075777, 0.046523, -0.073980, -0.007145, -0.026226, -0.012114, -0.044272, 0.052568, -0.032450, -0.018276, 0.069935, -0.055947, 0.021685, -0.010769, -0.015262, 0.017129, 0.103464, 0.065079, 0.061101, -0.039768, -0.013836, 0.026737, 0.109252, 0.014871, 0.060523, -0.054093, -0.066101, -0.087619, -0.013338, -0.042829, -0.000554, 0.028428, -0.000438, 0.000000, 0.019504, -0.028265, 0.046322, 0.051979, 0.002792, 0.002485, -0.013057, -0.001529, 0.036326, 0.064898, -0.021054, -0.057415, -0.001741, -0.028183, -0.068508, -0.126573, 0.015829, -0.048089, 0.027318, 0.044345, 0.036871, -0.052675, -0.049247, -0.027998, 0.013816, 0.005439, -0.039516, 0.051027, -0.137433, 0.061481, -0.017264, -0.017212, -0.026357, 0.038498, -0.074173, 0.028868, 0.002661, 0.040032, -0.047156, 0.080907, 0.058098, 0.018219, 0.084002, -0.022739, 0.071331, -0.044394, -0.052150, -0.023060, 0.027285, 0.028403, -0.123989, -0.046848, 0.029242, -0.016164, -0.087620, -0.001096, 0.097608, 0.088189, -0.007150, 0.041889, 0.042228, 0.011165, 0.078043, 0.003185, -0.020999, -0.011770, -0.053978, -0.029812, 0.013342, 0.004203, -0.003936, 0.077115, 0.015689, 0.042019, 0.037187, 0.052183, 0.089847, -0.088559, 0.008476, -0.014506, 0.033278, -0.011278, -0.017213, 0.034773, 0.043419, -0.039538, -0.040504, -0.050912, 0.010187, -0.006927, 0.018636, -0.053417, 0.159199, 0.032198, -0.046847, -0.000000, -0.001157, 0.005725, 0.090751, -0.046930, 0.022501, -0.065803, 0.080361, 0.023452, 0.044246, -0.014811, 0.080421, 0.046251, 0.011943, 0.044036, -0.117492, -0.060575, 0.042366, 0.023343, -0.011740, -0.005912, 0.006439, -0.018011, -0.036977, -0.008416, 0.015828, -0.051382, 0.050942, -0.000989, 0.036745, -0.030222, -0.028652, 0.048355, 0.014879, 0.030621, -0.100889, 0.099535, -0.039436, 0.023026, -0.038942, 0.107061, 0.034396, 0.019872, 0.017261, -0.047331, 0.033400, 0.001407, -0.063105, -0.021866, -0.027262, -0.068532, 0.050422, -0.019483, -0.031865, 0.048470, 0.001230, -0.033001, -0.035352, 0.038530, -0.108199, -0.004789, 0.002676, -0.048208, 0.009178, 0.006567]

=== CHUNK hdfc_equity_flexi_cap::6::0 ===
source_url: https://groww.in/mutual-funds/hdfc-equity-fund-direct-growth
scheme: HDFC Equity Fund - Direct Growth
category: flexi_cap
plan_variant: direct_growth
section: Stamp duty
fact_type: exit_load
authority: page_text
is_atomic: true
char_len: 82
source_fetched_at: 2026-09-28T13:12:28+00:00
content_hash: cad958f1f66fd2ceca7e17ed4f2aedd3daf62baaa15682c5fb78bfd9e04e4c5e
---
Stamp duty
A form of tax payable for the purchase or sale of an asset or security.

embedding_dim: 384
embedding: [-0.072629, 0.055176, -0.024456, -0.037701, -0.035974, 0.012713, 0.114806, -0.012086, -0.114043, -0.007836, 0.061175, 0.012743, -0.043850, -0.014524, -0.038212, -0.017716, 0.019783, 0.032642, -0.037355, 0.084187, 0.049908, 0.017194, 0.015982, 0.021850, -0.043650, -0.020798, -0.068913, -0.015213, -0.012571, -0.002582, 0.063583, 0.033771, -0.030995, -0.011781, -0.023333, 0.040603, 0.069687, -0.073534, 0.033108, -0.058916, 0.018363, -0.090680, -0.070079, 0.015128, -0.009221, 0.046753, 0.151550, 0.020891, -0.003105, 0.069646, 0.052693, 0.086602, -0.074497, 0.039272, 0.001751, -0.107632, 0.032727, -0.001621, -0.043585, -0.077371, -0.136653, -0.045983, -0.049805, -0.013183, 0.049217, -0.044852, -0.071916, -0.055130, -0.090839, -0.079833, 0.013384, -0.058812, 0.002337, 0.064582, -0.029287, -0.066208, 0.014938, -0.018555, -0.044610, -0.045481, -0.038743, 0.087580, 0.014446, 0.014559, 0.041853, -0.044302, -0.019452, 0.022168, 0.123281, 0.058279, 0.026099, -0.019766, -0.009292, 0.008616, -0.068419, -0.027396, 0.059499, -0.011167, -0.019949, 0.004137, 0.044079, 0.014313, -0.057153, -0.004553, -0.023177, 0.018627, -0.050508, -0.031650, -0.052686, -0.022006, -0.029658, -0.008750, -0.132622, -0.057973, 0.010343, 0.006677, -0.083111, -0.045224, 0.109485, -0.149010, 0.042744, -0.027281, -0.029956, -0.112811, -0.042156, -0.001060, 0.072380, -0.000000, -0.016454, 0.047349, -0.014642, -0.025545, 0.005524, -0.013235, 0.033760, 0.024416, -0.015304, 0.058840, 0.073792, -0.064703, 0.067526, 0.038448, 0.070524, 0.104620, -0.073247, 0.032276, 0.178924, 0.035489, 0.063840, -0.015909, 0.055406, 0.006238, 0.017072, 0.047334, -0.030100, -0.031015, -0.038567, 0.042470, 0.104130, 0.010560, 0.089520, -0.040659, -0.035987, 0.028675, -0.013434, -0.038185, 0.022377, -0.026062, 0.025110, -0.070312, 0.067456, 0.037426, -0.105029, -0.016597, 0.021756, -0.004631, 0.013310, 0.070155, 0.042059, -0.090681, 0.073521, -0.046870, -0.005105, -0.075823, 0.007957, -0.028852, -0.079506, -0.046839, 0.018073, -0.048634, 0.002798, 0.067058, -0.028949, -0.050411, -0.022248, -0.027648, 0.051680, -0.010620, -0.012110, 0.004011, 0.058848, -0.030578, 0.035029, 0.015387, 0.007496, 0.025885, 0.099014, 0.010332, -0.078811, -0.052724, -0.033872, -0.015396, -0.010952, 0.046302, 0.012987, -0.017269, -0.028890, -0.043525, -0.052340, -0.039559, -0.005522, -0.019436, 0.040158, 0.000000, 0.048954, -0.008308, -0.066160, 0.071940, -0.055063, -0.005742, -0.042550, -0.037664, -0.070076, 0.069743, -0.151223, -0.000163, 0.003274, 0.029032, -0.024801, -0.031770, -0.068617, 0.013754, 0.024842, -0.043465, -0.012366, 0.066805, 0.116146, 0.117219, -0.038667, -0.034279, -0.054546, -0.025031, 0.088068, 0.027874, 0.006680, -0.014516, 0.078315, -0.025695, -0.027394, 0.031203, 0.062080, 0.025179, 0.075224, 0.065718, -0.008712, 0.016165, 0.104086, 0.033013, -0.011667, -0.070353, -0.053631, 0.075372, 0.016671, 0.024521, -0.030403, 0.017280, -0.001906, 0.022087, -0.052097, 0.107210, -0.056559, -0.011769, 0.024722, 0.008694, 0.064571, -0.021362, 0.015192, 0.048368, 0.047216, 0.025450, 0.022291, -0.056984, 0.037952, 0.033471, -0.004584, -0.041883, 0.061795, -0.057530, -0.022580, -0.023379, 0.056522, 0.039439, -0.002123, -0.006428, 0.013937, -0.059541, -0.024428, 0.080987, -0.000686, -0.030781, -0.035066, -0.039441, 0.036600, -0.064523, -0.031797, 0.034939, -0.001702, 0.019832, -0.051874, -0.000000, -0.024806, 0.002364, -0.019589, 0.039911, -0.054844, 0.027796, 0.019790, -0.027301, 0.035114, 0.018067, 0.065655, -0.045364, 0.003583, -0.069944, -0.015805, 0.004831, 0.008306, 0.012409, -0.107352, 0.052272, 0.033785, -0.041480, -0.013174, 0.000862, -0.055299, -0.018997, 0.033845, -0.008995, 0.092389, 0.054247, -0.002187, 0.037004, 0.091839, -0.012446, 0.037593, 0.026570, 0.019265, -0.042896, 0.046315, 0.070020, -0.018883, 0.023915, -0.017629, 0.013805, -0.012750, 0.018680, -0.162886, -0.006511, -0.040280, -0.028138, 0.078200, 0.055042, -0.036502, 0.039757, -0.094924, 0.040167, -0.009535, -0.021335, 0.059435, 0.017589, 0.095757, -0.013975, 0.022350, 0.031961]

=== CHUNK hdfc_equity_flexi_cap::7::0 ===
source_url: https://groww.in/mutual-funds/hdfc-equity-fund-direct-growth
scheme: HDFC Equity Fund - Direct Growth
category: flexi_cap
plan_variant: direct_growth
section: Exit Load | Exit load
fact_type: exit_load
authority: page_text
is_atomic: true
char_len: 115
source_fetched_at: 2026-09-28T13:12:28+00:00
content_hash: cad958f1f66fd2ceca7e17ed4f2aedd3daf62baaa15682c5fb78bfd9e04e4c5e
---
Exit Load
01 Jan 2013
Exit load of 1% if redeemed within 1 year
Exit load
Exit load of 1% if redeemed within 1 year

embedding_dim: 384
embedding: [-0.035052, 0.060186, 0.008496, -0.009142, -0.039020, 0.019190, 0.019062, 0.018493, 0.021241, 0.012040, 0.042866, -0.049910, -0.033243, -0.012218, -0.002069, 0.065311, -0.089478, -0.031499, 0.001997, -0.028456, 0.014110, -0.070604, -0.132066, 0.008305, 0.025608, 0.018510, -0.013026, -0.004457, 0.000247, 0.026762, 0.041493, 0.015288, 0.008239, -0.071740, 0.055996, 0.002627, -0.127994, -0.037864, 0.006781, -0.012075, -0.063042, -0.007787, 0.011316, 0.022603, 0.005903, -0.010627, -0.070345, 0.100763, -0.008708, 0.119334, 0.067993, 0.015358, -0.000478, 0.085173, -0.046988, -0.033608, 0.054574, -0.009871, -0.047599, -0.005424, 0.011909, 0.017660, -0.065175, -0.038643, -0.001895, 0.012409, 0.016899, -0.044112, -0.009280, -0.008066, -0.060534, -0.118707, -0.073090, -0.042000, -0.000616, 0.014483, 0.089346, 0.011741, -0.007455, -0.073226, -0.012418, 0.025447, -0.000168, -0.059901, 0.001599, -0.001414, -0.009561, 0.030836, 0.066425, 0.010006, 0.015654, 0.151631, 0.087230, 0.032814, 0.010934, 0.004668, -0.080551, -0.015831, 0.033922, 0.061833, -0.011802, 0.011874, 0.000908, -0.037299, 0.014023, -0.056121, -0.030228, -0.013494, 0.022031, -0.035229, -0.013338, -0.014385, 0.138465, -0.058826, 0.038726, 0.022263, -0.045055, 0.094236, 0.029722, -0.017866, 0.114092, 0.046914, -0.031047, -0.026162, -0.023714, -0.047618, 0.090355, 0.000000, -0.024588, -0.130394, -0.039010, -0.008061, -0.053142, -0.041192, 0.032787, 0.062285, -0.034497, -0.005246, 0.015607, -0.033659, -0.053862, -0.055386, 0.017676, -0.010584, 0.025859, 0.000383, 0.118007, -0.012403, 0.013023, -0.168069, 0.024742, 0.006843, 0.068152, 0.021605, -0.010643, -0.058423, -0.026944, -0.014779, 0.124663, -0.013150, -0.010535, -0.088901, 0.011034, 0.042035, 0.086733, 0.021371, 0.071192, -0.020463, -0.050908, 0.015828, 0.040819, 0.024058, 0.000871, -0.145122, 0.097074, -0.013077, 0.005316, 0.093857, -0.014936, -0.068689, -0.033382, 0.014853, -0.040858, -0.007967, -0.071372, 0.000385, 0.026609, -0.027771, 0.055471, -0.039645, -0.010128, -0.025526, -0.095807, -0.026298, 0.042163, -0.043861, -0.116846, 0.063668, -0.001051, -0.065535, 0.081918, -0.084265, 0.035906, -0.025904, 0.079778, 0.080213, 0.068944, 0.021868, 0.011654, -0.004010, -0.024563, 0.010149, 0.033227, 0.047472, 0.100891, -0.118860, -0.072349, 0.007294, 0.001025, -0.058804, 0.002815, 0.046412, 0.092120, -0.000000, -0.029988, 0.040507, -0.053385, -0.005807, 0.018502, -0.002719, 0.011335, 0.087902, 0.002667, 0.074420, 0.054249, 0.011286, 0.016640, 0.084617, -0.009982, 0.025921, 0.018066, -0.010827, -0.059105, 0.036577, 0.012933, 0.039258, -0.076400, 0.037181, -0.016343, -0.002256, -0.085164, -0.016292, -0.087851, -0.034238, -0.056584, -0.079172, -0.012172, 0.051602, 0.000581, -0.030488, 0.038919, -0.031218, -0.014866, 0.078652, 0.065917, -0.017224, -0.025785, 0.000453, 0.013573, -0.003809, 0.041826, 0.034528, 0.062922, -0.039963, 0.013467, 0.001523, 0.019972, 0.044899, -0.041067, 0.068816, 0.066359, -0.018841, -0.029737, -0.016899, -0.032245, -0.025829, 0.093932, -0.030741, -0.020203, -0.088553, 0.023395, 0.038041, 0.026836, -0.012812, 0.085377, 0.053662, 0.044495, -0.072461, -0.050252, 0.000909, -0.016376, -0.082539, -0.017522, 0.003587, -0.049757, 0.055109, -0.058839, 0.096671, -0.048267, -0.008638, 0.025874, -0.059600, -0.042484, 0.041093, -0.018991, 0.005668, 0.029824, -0.026066, -0.002339, -0.000000, 0.039834, 0.042838, 0.100635, -0.043646, 0.117319, 0.029910, 0.057984, 0.002227, -0.062697, -0.003255, 0.111163, 0.025415, -0.053284, -0.044193, -0.135125, 0.070382, -0.048336, 0.026739, 0.010961, -0.036093, -0.024148, 0.027644, 0.001061, -0.033248, -0.061025, -0.030904, 0.069488, 0.089400, 0.036448, -0.043589, 0.011790, 0.040171, 0.060407, -0.081334, -0.078984, 0.044134, -0.011940, 0.010722, -0.021086, 0.000587, 0.023902, 0.067453, 0.021245, 0.004620, -0.059060, -0.022816, -0.058817, -0.001678, 0.021429, -0.082253, 0.018407, -0.060204, -0.039634, 0.086596, 0.035143, -0.069495, -0.036292, 0.048412, -0.080719, 0.062508, 0.017773, -0.000543, -0.049468, -0.047905]

=== CHUNK hdfc_equity_flexi_cap::9::0 ===
source_url: https://groww.in/mutual-funds/hdfc-equity-fund-direct-growth
scheme: HDFC Equity Fund - Direct Growth
category: flexi_cap
plan_variant: direct_growth
section: Stamp duty on investment: 0.005% (from July 1st, 2020)
fact_type: exit_load
authority: page_text
is_atomic: true
char_len: 128
source_fetched_at: 2026-09-28T13:12:28+00:00
content_hash: cad958f1f66fd2ceca7e17ed4f2aedd3daf62baaa15682c5fb78bfd9e04e4c5e
---
Stamp duty on investment: 0.005% (from July 1st, 2020)
Stamp duty on investment:
0.005% (from July 1st, 2020)
from July 1st 2020

embedding_dim: 384
embedding: [0.028161, 0.001555, -0.007287, 0.032888, -0.025621, -0.024236, 0.020776, 0.021008, -0.081243, 0.022922, 0.061266, -0.004342, -0.049523, -0.002202, -0.063295, 0.055100, -0.033865, -0.075647, -0.064657, 0.026633, 0.002676, -0.044913, 0.013258, -0.006492, 0.071271, 0.038919, -0.029610, 0.015235, -0.000639, -0.024772, -0.041806, 0.075384, -0.030663, -0.042964, 0.002244, -0.004180, 0.000832, -0.005210, 0.084496, -0.031048, -0.015094, -0.107880, -0.020192, 0.018356, 0.011675, 0.020632, 0.020033, 0.090347, 0.025785, 0.100658, -0.009193, 0.059798, -0.040966, -0.033803, 0.009656, -0.016558, 0.018355, 0.004000, 0.000589, -0.001007, -0.098341, -0.012664, -0.003590, 0.000949, 0.057535, -0.052485, -0.081255, -0.049908, -0.106145, -0.073404, 0.026263, -0.029973, -0.086043, -0.065785, -0.046868, 0.018123, 0.041062, 0.072981, 0.046608, -0.107480, -0.010538, -0.050322, 0.028188, -0.016490, -0.021919, -0.025654, 0.027428, 0.055406, 0.135515, 0.062116, 0.075241, 0.000825, -0.039212, 0.082332, -0.128642, 0.027771, -0.061226, 0.008724, -0.072059, 0.017942, 0.038271, 0.013647, -0.074257, -0.042452, -0.054024, -0.004321, -0.002754, -0.070521, -0.030027, -0.055574, -0.020948, -0.013274, -0.028460, -0.065930, -0.086291, -0.013892, -0.025136, -0.036707, 0.160550, -0.065662, 0.088284, 0.015147, -0.066953, -0.011629, -0.114770, -0.046983, 0.027126, 0.000000, -0.022487, -0.001642, 0.018878, 0.016226, -0.093906, -0.062001, 0.079791, 0.018691, -0.026994, -0.044417, 0.028471, -0.034602, 0.018453, 0.013181, 0.028573, 0.000564, -0.029507, 0.017295, 0.100490, 0.033778, 0.032526, -0.043108, -0.005879, 0.019914, 0.069823, 0.045651, -0.043909, -0.084197, -0.075082, 0.063814, 0.136192, 0.039456, -0.025616, -0.094911, -0.025712, 0.078814, 0.015805, -0.027144, -0.001772, 0.019518, -0.018831, 0.024736, 0.030024, -0.009034, -0.079155, 0.001387, 0.077113, 0.018182, 0.085846, 0.023235, -0.001624, -0.038543, -0.029694, -0.013321, -0.011984, -0.041417, -0.052955, -0.062286, -0.039540, -0.035439, 0.031458, -0.016830, -0.037740, 0.007760, -0.046927, 0.068909, 0.031954, 0.022450, 0.016778, 0.057170, 0.031334, -0.026904, 0.032285, -0.086499, 0.049442, -0.025776, 0.041947, 0.014796, 0.103733, 0.038304, -0.056024, 0.014361, -0.026878, -0.094989, 0.025501, 0.009378, 0.093294, 0.063181, 0.033297, -0.015201, -0.003869, -0.055935, 0.020723, 0.025818, -0.022921, -0.000000, -0.010653, 0.129689, 0.030609, 0.030462, -0.053411, -0.028085, 0.057514, 0.068021, 0.001161, 0.103016, -0.047227, 0.024457, 0.004266, 0.050552, -0.104741, -0.043312, -0.015165, 0.041318, -0.027314, -0.075381, -0.018162, 0.042265, 0.067154, 0.183458, -0.011718, 0.001603, -0.026024, -0.018132, 0.044318, -0.032880, -0.036607, -0.066345, 0.063527, 0.007501, -0.041349, 0.007712, 0.075474, 0.002190, 0.071324, 0.028218, 0.019739, -0.011738, 0.041960, 0.049253, -0.028218, -0.059343, 0.044374, 0.094557, 0.066676, -0.005918, 0.006189, 0.047701, -0.043416, 0.070322, -0.030032, 0.106954, 0.012104, -0.013252, -0.094811, 0.016224, -0.015670, 0.069436, 0.024932, -0.004096, 0.032147, -0.027968, -0.002878, -0.029401, 0.059939, -0.030086, 0.004599, 0.008175, 0.020827, -0.113825, -0.039389, 0.011588, 0.126836, -0.028797, 0.011774, 0.023288, -0.024346, 0.035337, -0.039744, 0.036119, -0.052572, 0.007353, 0.016592, -0.057592, -0.014443, 0.008554, -0.094883, 0.068149, 0.006567, -0.026670, -0.036047, -0.000000, -0.019271, 0.008226, -0.022392, 0.055903, 0.033852, 0.036149, 0.027081, -0.001010, 0.022333, 0.003031, 0.085192, 0.000058, -0.073833, -0.064642, -0.066789, 0.009138, -0.040001, 0.043335, -0.038247, -0.029304, 0.093296, 0.024919, 0.064752, -0.027779, -0.066041, 0.018830, -0.014930, 0.007578, -0.015661, 0.018572, -0.001633, 0.003035, 0.102700, -0.051724, -0.008423, 0.013748, 0.035383, 0.006802, 0.045426, 0.038929, -0.006581, -0.061207, 0.005523, -0.000075, -0.027119, -0.052334, -0.147584, -0.051388, 0.019943, -0.139801, 0.067782, 0.012773, -0.038402, 0.047678, 0.012908, 0.040616, -0.078071, -0.014389, -0.050957, 0.036420, 0.087920, -0.101054, -0.033772, 0.070251]

=== CHUNK hdfc_equity_flexi_cap::10::0 ===
source_url: https://groww.in/mutual-funds/hdfc-equity-fund-direct-growth
scheme: HDFC Equity Fund - Direct Growth
category: flexi_cap
plan_variant: direct_growth
section: Tax implication
fact_type: general
authority: page_text
is_atomic: true
char_len: 189
source_fetched_at: 2026-09-28T13:12:28+00:00
content_hash: cad958f1f66fd2ceca7e17ed4f2aedd3daf62baaa15682c5fb78bfd9e04e4c5e
---
Tax implication
If you redeem within one year, returns are taxed at 20%. If you redeem after one year, returns exceeding Rs 1.25 lakh in a financial year are taxed at 12.5%.
Check past data

embedding_dim: 384
embedding: [-0.021293, -0.029618, -0.029164, -0.020686, 0.007865, 0.031351, 0.077463, 0.045174, 0.007372, 0.005640, 0.081646, 0.015228, -0.063622, -0.017473, 0.016313, 0.001828, -0.045190, -0.026675, -0.024896, -0.023217, 0.133668, -0.047354, -0.083839, -0.030598, 0.100436, -0.071269, 0.006991, -0.010719, -0.022929, -0.007546, 0.079517, 0.013517, -0.053781, -0.046699, -0.006254, 0.001344, 0.017834, -0.052281, 0.011954, -0.032596, -0.070139, 0.030819, -0.039534, -0.044342, 0.056719, -0.046024, 0.021537, 0.065701, -0.024696, 0.104064, 0.015200, 0.112822, -0.015413, 0.046768, -0.034638, -0.098776, -0.041891, 0.088827, -0.008977, -0.107298, -0.040424, -0.033142, -0.002342, -0.026288, -0.029963, 0.009688, 0.001268, -0.078983, -0.027861, -0.031208, -0.048035, -0.086374, -0.011282, -0.061664, -0.042518, -0.066473, -0.004634, 0.081750, -0.049440, -0.059968, 0.068254, 0.050196, -0.018107, -0.095018, -0.002654, -0.003166, 0.016030, 0.039706, 0.020233, 0.038886, 0.108699, 0.040624, 0.039597, 0.053127, -0.034198, -0.032001, -0.007554, -0.005717, 0.072884, 0.032588, -0.030250, 0.077013, -0.064975, -0.022713, 0.002324, -0.017640, 0.008925, 0.033233, 0.027169, -0.059967, 0.007153, 0.064172, -0.003755, 0.034190, -0.025650, 0.062943, -0.080156, -0.010297, -0.031215, -0.038284, 0.067196, 0.011888, -0.006346, -0.036941, -0.039930, -0.120648, 0.042212, 0.000000, -0.020238, 0.027777, -0.039329, -0.111008, -0.034780, -0.003563, 0.061803, 0.053902, -0.018683, 0.003246, -0.029215, -0.033677, 0.033966, -0.037847, 0.013568, 0.058465, -0.038864, 0.001002, 0.079696, 0.040854, 0.024525, -0.069208, 0.039846, -0.008841, -0.030122, 0.066505, -0.042209, -0.025294, -0.046788, 0.006528, 0.059432, 0.044113, 0.064673, -0.088061, -0.030352, 0.083503, 0.121745, -0.011376, 0.020569, 0.009415, 0.008768, 0.055603, 0.047116, 0.003187, -0.075435, -0.071342, 0.017550, 0.009059, -0.002331, 0.075029, -0.043472, 0.004976, -0.003554, -0.030751, -0.036213, -0.008279, -0.015402, -0.002504, 0.014128, 0.013193, 0.035759, -0.114957, 0.006013, -0.025553, -0.076273, -0.020563, 0.114185, -0.023476, -0.004393, -0.008964, -0.013451, -0.039267, 0.028322, -0.024834, 0.054498, 0.046471, 0.051418, 0.014725, 0.079855, 0.058701, -0.041400, -0.041259, -0.127045, -0.058539, 0.019024, 0.084364, 0.045958, -0.055814, 0.014164, 0.017189, 0.084246, -0.043183, 0.019030, -0.059784, 0.077038, -0.000000, 0.012884, 0.038061, -0.046591, 0.012924, -0.061836, 0.050738, 0.041184, 0.112577, -0.102743, 0.119315, 0.010066, 0.019587, 0.048024, 0.043589, 0.033227, 0.029276, -0.002561, 0.056565, 0.006658, -0.036390, 0.018941, 0.070115, 0.070108, 0.080014, -0.009033, 0.057293, -0.064474, 0.031730, 0.000943, -0.022417, 0.087807, -0.016583, -0.049089, -0.046116, 0.039774, -0.025954, 0.035249, -0.072573, 0.049559, 0.050413, -0.021289, 0.019652, -0.016027, -0.048293, 0.074582, -0.078746, -0.021841, 0.086979, 0.089826, -0.074831, 0.133321, 0.025061, 0.021868, -0.053689, -0.023565, 0.071354, -0.033608, -0.008467, -0.068980, -0.035584, -0.014388, -0.026630, -0.012467, 0.088631, -0.012177, -0.091242, 0.100720, -0.025076, 0.127626, -0.054826, 0.021718, -0.092248, 0.008686, -0.021731, -0.016255, 0.047875, -0.042310, 0.031951, 0.081336, 0.012405, -0.028473, 0.024465, 0.031792, 0.021054, 0.016268, -0.131021, 0.031101, -0.050575, 0.007064, -0.002989, -0.002212, -0.005745, 0.013139, -0.013912, 0.050361, -0.000000, 0.019655, -0.012887, 0.016966, 0.052333, -0.013431, 0.055323, -0.024061, -0.015475, -0.091137, -0.046937, 0.053584, -0.038050, -0.085768, -0.046070, -0.073212, 0.023797, -0.042179, 0.018935, -0.001624, -0.000395, 0.090757, 0.032901, 0.024004, -0.026810, -0.048629, -0.015871, 0.060661, 0.085777, 0.018935, -0.042972, 0.007981, -0.007860, 0.013515, -0.006823, -0.038305, -0.060724, 0.039416, 0.018832, 0.009068, 0.009975, 0.026480, -0.118794, 0.002081, -0.020582, -0.125413, -0.015303, -0.087785, -0.043000, -0.027583, -0.120019, 0.027206, 0.021592, -0.079217, -0.030573, -0.048461, 0.014117, -0.088094, 0.075344, -0.005184, -0.036566, 0.050354, -0.007202, -0.077486, -0.024317]

=== CHUNK hdfc_equity_flexi_cap::11::0 ===
source_url: https://groww.in/mutual-funds/hdfc-equity-fund-direct-growth
scheme: HDFC Equity Fund - Direct Growth
category: flexi_cap
plan_variant: direct_growth
section: DM Dhruv Muchhal Jun 2023 - Present View details
fact_type: general
authority: page_text
is_atomic: false
char_len: 1159
source_fetched_at: 2026-09-28T13:12:28+00:00
content_hash: cad958f1f66fd2ceca7e17ed4f2aedd3daf62baaa15682c5fb78bfd9e04e4c5e
---
DM Dhruv Muchhal Jun 2023 - Present View details
DM
Dhruv Muchhal
Jun 2023
- Present
View details
Education
Mr. Dhruv has done B.Com, CA and CFA
Experience
Prior to joining HDFC MF,he has worked with Motilal Oswal Financial Services Ltd., Goldman Sachs, CRISIL Global Research & Analytics and Deloitte Haskins & Sells
Also manages these schemes
HDFC Flexi Cap Direct Plan Growth
HDFC Value Fund Direct Plan Growth
HDFC Ultra Short to Short Term Fund Direct Growth
HDFC Focused Fund Direct Growth
HDFC Floating Interest Rates Fund Direct Plan Growth
HDFC Balanced Advantage Fund Direct Growth
HDFC Dynamic Term Fund Direct Plan Growth
HDFC Medium Term Fund Direct Growth
HDFC Medium to Long Term Fund Direct Growth
HDFC Infrastructure Fund Direct Growth
HDFC Corporate Bond Fund Direct Plan Growth
HDFC Conservative Hybrid Fund Direct Growth
HDFC Mid Cap Fund Direct Growth
HDFC Equity Savings Direct Plan Growth
HDFC Multi Asset Allocation Fund Direct Growth
HDFC Aggressive Hybrid Fund Direct Plan Growth
HDFC Short Term Fund Direct Plan Growth
HDFC ELSS Tax Saver Fund Direct Plan Growth
HDFC Large Cap Fund Direct Growth
HDFC Credit Risk Fund Direct Growth

embedding_dim: 384
embedding: [0.003806, -0.068160, -0.034056, 0.001224, 0.029630, -0.017315, -0.062087, -0.007960, -0.051752, -0.009853, 0.006740, -0.040348, -0.048299, -0.012718, 0.022232, -0.010758, 0.005012, 0.016494, -0.011508, -0.035504, -0.003591, -0.033096, 0.019770, -0.043868, -0.042542, 0.016940, -0.003214, 0.068793, -0.068310, -0.118284, 0.036831, 0.119026, 0.023243, 0.027951, 0.031645, 0.094195, -0.054163, 0.059718, 0.009584, -0.071780, -0.032755, -0.059150, 0.039960, -0.009152, 0.049422, -0.035327, -0.040280, -0.003539, 0.017000, 0.031626, -0.093275, -0.001728, 0.038790, 0.000545, 0.009015, -0.016892, -0.014039, 0.019238, -0.010080, -0.016389, -0.091596, 0.033608, -0.001959, 0.034352, -0.036733, -0.060525, -0.014159, 0.017522, -0.038464, -0.001073, -0.017232, -0.102781, -0.056270, 0.007689, -0.026860, -0.029307, -0.007097, -0.012858, 0.081165, -0.050043, 0.003223, 0.038803, 0.013470, 0.035951, -0.039381, -0.041275, 0.000777, -0.036988, 0.024197, -0.092065, 0.078552, 0.046053, -0.011196, 0.044687, -0.062722, -0.071154, -0.003883, -0.009982, -0.073595, 0.006352, 0.029719, -0.002109, -0.039014, -0.026260, -0.084646, -0.058241, 0.068868, 0.098218, 0.034356, -0.000493, -0.019385, 0.091715, -0.005675, -0.064313, 0.032571, -0.087350, -0.086285, -0.059282, 0.032609, 0.019404, -0.044942, 0.063711, -0.021598, -0.012109, -0.083483, -0.004518, -0.055128, 0.000000, -0.015794, 0.044551, 0.025867, 0.020572, -0.085142, -0.015034, 0.102045, 0.015031, -0.090686, 0.063725, 0.005988, 0.064168, -0.039186, 0.060124, -0.026526, -0.090183, 0.003511, 0.030079, -0.011157, 0.025584, 0.034467, 0.058307, 0.084649, -0.044384, 0.134729, -0.044422, 0.079440, 0.009683, 0.042570, 0.063977, -0.020876, -0.053394, -0.087267, -0.088360, -0.063797, 0.079264, -0.102153, -0.088496, -0.069574, -0.094170, -0.037429, 0.012407, -0.028716, -0.072955, -0.081903, 0.055372, 0.084991, 0.067450, -0.030964, -0.021358, -0.026552, -0.043495, -0.032511, -0.012333, 0.008859, 0.093451, -0.021686, -0.030619, -0.004151, 0.036968, -0.108772, -0.037425, -0.153811, 0.048894, -0.077390, 0.007141, 0.014261, -0.033539, 0.089525, 0.018870, 0.023636, -0.004305, 0.015839, 0.062876, 0.004719, -0.067262, 0.018715, 0.085835, 0.017371, 0.013405, 0.041102, 0.095401, 0.100029, -0.041764, 0.106874, 0.021134, 0.068109, -0.003151, -0.061114, 0.050117, -0.025027, -0.100365, 0.117146, 0.015549, -0.017737, -0.000000, -0.030113, -0.006819, 0.022648, -0.005533, 0.039034, 0.016559, -0.021645, -0.018630, 0.080963, -0.030366, 0.015273, 0.038043, -0.008062, -0.055259, -0.074318, -0.069245, -0.031677, -0.018863, 0.011811, -0.004304, 0.013034, 0.049879, -0.021892, 0.052746, -0.048986, 0.012803, -0.007354, 0.081802, -0.004495, 0.073082, 0.004227, -0.062075, -0.130049, 0.076277, -0.018476, -0.056814, -0.035666, 0.035517, -0.027133, 0.083889, -0.007628, -0.017249, 0.054252, -0.074869, 0.011105, -0.065202, -0.025180, -0.038190, 0.033398, -0.008718, -0.084287, 0.007601, -0.040889, 0.001040, -0.005836, -0.012416, 0.074460, -0.013121, -0.041210, -0.023092, -0.027557, 0.068413, 0.042048, 0.083241, 0.061706, -0.029415, -0.055795, -0.108025, -0.032829, -0.065517, -0.016608, -0.007408, 0.004931, -0.017594, 0.027538, -0.003458, -0.068967, -0.026308, 0.000698, 0.060592, 0.092599, -0.027942, -0.021399, 0.090664, -0.026688, -0.019566, 0.057092, -0.066091, 0.016080, 0.012915, 0.002859, -0.087226, 0.020772, -0.007994, 0.007205, -0.000000, -0.027638, -0.000560, 0.009259, -0.003186, 0.020054, -0.031611, -0.016753, 0.029713, 0.033381, -0.007373, 0.153112, 0.030976, -0.064130, -0.046147, -0.000846, -0.043954, -0.033886, 0.057118, -0.028560, -0.004713, 0.046906, -0.000977, -0.013028, 0.089728, 0.081262, -0.013449, 0.010928, -0.037928, 0.034518, 0.059666, 0.018182, -0.023960, 0.031782, -0.034960, 0.074572, 0.056623, 0.020316, 0.033217, 0.048053, 0.099914, 0.002501, -0.011715, 0.033268, 0.002256, -0.027876, 0.008748, -0.134824, -0.009178, 0.035305, -0.121610, -0.000953, 0.006808, 0.057384, -0.016813, -0.001312, 0.050191, -0.017851, 0.027400, -0.021887, -0.019059, 0.131449, -0.086202, -0.010481, 0.073964]

=== CHUNK hdfc_equity_flexi_cap::11::1 ===
source_url: https://groww.in/mutual-funds/hdfc-equity-fund-direct-growth
scheme: HDFC Equity Fund - Direct Growth
category: flexi_cap
plan_variant: direct_growth
section: DM Dhruv Muchhal Jun 2023 - Present View details
fact_type: general
authority: page_text
is_atomic: false
char_len: 1000
source_fetched_at: 2026-09-28T13:12:28+00:00
content_hash: cad958f1f66fd2ceca7e17ed4f2aedd3daf62baaa15682c5fb78bfd9e04e4c5e
---
DM Dhruv Muchhal Jun 2023 - Present View details
HDFC ELSS Tax Saver Fund Direct Plan Growth
HDFC Large Cap Fund Direct Growth
HDFC Credit Risk Fund Direct Growth
HDFC Banking and PSU Debt Fund Direct Growth
HDFC Arbitrage Fund Direct Growth
HDFC Large & Mid Cap Fund Direct Growth
HDFC Small Cap Fund Direct Growth
HDFC Ultra Short Term Fund Direct Growth
HDFC Liquid Direct Plan Growth
HDFC Overnight Fund Direct Growth
HDFC Money Market Fund Direct Growth
HDFC Housing Opportunities Fund Direct Growth
HDFC Banking & Financial Services Fund Direct Growth
HDFC Multi Cap Fund Direct Growth
HDFC Business Cycle Fund Direct Growth
HDFC Long Term Fund Direct Growth
HDFC MNC Fund Direct Growth
HDFC Defence Fund Direct Growth
HDFC Consumption Fund Direct Growth
HDFC Transportation and Logistics Fund Direct Growth
HDFC Technology Fund Direct Growth
HDFC Pharma And Healthcare Fund Direct Growth
HDFC Manufacturing Fund Direct Growth
HDFC Children's Fund Direct Plan
HDFC Innovation Fund Direct Growth

embedding_dim: 384
embedding: [0.026302, -0.083034, -0.002436, -0.000939, 0.080854, 0.060179, -0.032119, 0.009490, -0.084466, 0.006044, -0.006720, -0.078565, -0.022102, -0.012344, 0.013668, -0.057203, -0.009133, -0.016230, 0.025906, -0.063388, 0.030946, -0.032564, 0.027736, -0.017045, -0.042525, 0.056652, -0.030005, 0.034954, -0.101719, -0.074855, 0.016426, 0.110376, 0.053938, 0.030820, 0.003630, 0.071984, 0.000341, 0.056247, 0.028497, -0.043885, -0.035573, -0.071860, 0.015385, -0.038101, 0.097746, -0.033163, -0.067512, -0.018133, 0.065612, 0.011559, -0.024845, 0.007628, 0.011713, 0.007397, 0.009097, -0.022039, -0.064762, -0.036441, -0.019069, 0.008924, -0.105454, 0.015353, 0.001088, -0.007671, -0.041748, -0.041851, 0.004436, 0.069177, -0.040274, 0.027317, -0.033742, -0.047808, -0.044215, 0.080092, -0.037672, -0.034627, 0.005971, 0.009059, 0.054600, -0.036965, -0.051513, 0.018862, 0.027148, 0.005934, -0.070955, 0.035817, 0.017066, -0.053829, 0.014308, -0.077882, 0.040727, -0.008769, 0.048313, 0.107315, -0.059996, -0.037291, -0.079032, -0.073558, -0.041800, -0.034447, 0.045216, -0.002407, 0.021262, -0.044569, -0.068546, -0.022462, 0.028301, 0.050870, 0.055159, -0.013221, -0.039100, 0.068698, -0.015982, -0.052920, -0.030227, -0.059656, -0.033659, -0.121004, 0.022819, 0.070182, 0.005538, 0.017627, -0.012983, -0.017802, -0.064323, 0.018217, -0.058045, 0.000000, -0.031747, -0.002705, 0.068541, 0.053367, -0.064246, -0.035427, 0.062694, 0.007054, -0.060241, 0.099612, -0.028614, 0.061753, -0.036809, 0.021977, 0.038723, -0.057625, -0.030310, 0.048261, 0.001438, 0.055222, -0.013353, 0.078284, 0.118240, -0.057107, 0.163558, -0.040400, 0.018857, -0.023520, 0.035590, 0.040669, -0.020646, -0.050206, -0.109065, -0.100930, -0.093671, 0.038180, -0.046689, -0.067336, -0.053320, -0.040738, -0.008167, -0.022146, -0.021015, -0.007254, -0.031128, 0.041167, 0.123071, 0.008139, -0.061494, -0.029340, -0.038077, -0.043541, 0.002601, -0.042612, 0.014086, 0.070824, -0.026354, -0.001054, 0.026498, 0.022123, -0.080799, -0.063018, -0.092922, 0.072773, -0.068838, 0.006726, 0.042925, -0.002127, 0.060578, -0.007579, 0.036857, -0.061418, -0.025004, 0.062091, 0.039671, 0.006287, -0.026154, 0.065038, -0.004137, 0.020040, -0.004499, 0.060819, 0.030472, 0.001367, 0.146946, 0.042189, 0.094796, -0.055672, -0.055514, 0.009207, -0.090678, -0.061149, 0.157153, -0.008222, -0.027750, -0.000000, 0.029650, 0.024445, -0.004405, 0.010417, 0.052777, 0.002807, 0.003558, -0.043811, 0.098694, 0.019428, -0.026414, 0.055836, 0.024040, -0.038941, -0.069230, -0.086464, -0.003569, -0.001289, -0.018628, -0.012843, -0.021397, 0.011787, -0.060621, 0.075371, -0.041075, 0.036171, -0.052743, 0.051769, 0.013567, 0.011127, -0.002072, -0.061455, -0.046601, 0.109541, -0.006872, -0.073615, 0.006834, -0.026605, -0.016743, 0.064613, 0.018962, -0.042906, 0.033889, -0.038608, 0.003804, -0.105945, -0.025650, -0.051689, 0.026354, 0.002919, -0.031090, 0.035023, -0.088964, 0.009006, -0.018229, -0.000684, 0.054254, -0.014654, -0.031180, -0.006145, -0.032131, 0.041855, 0.000950, 0.075180, 0.039726, -0.079612, -0.041629, -0.101068, -0.060177, -0.051305, -0.010276, 0.008582, -0.045439, 0.032332, -0.011060, 0.006605, 0.009999, 0.012632, 0.046378, 0.056880, 0.075094, -0.081428, -0.039176, 0.086358, -0.043967, -0.036345, 0.084713, -0.106969, 0.021860, 0.035605, -0.008418, -0.072253, 0.025403, -0.011222, 0.012654, -0.000000, 0.021861, 0.002449, 0.019696, 0.042483, 0.003435, -0.063337, -0.039052, 0.029834, 0.018479, -0.000264, 0.092296, 0.073788, -0.007725, -0.070823, -0.005414, -0.043218, -0.077377, 0.096755, -0.038885, 0.006770, 0.066972, 0.016067, -0.029425, 0.071765, 0.045236, -0.075241, 0.046429, -0.068260, 0.011170, 0.059348, 0.044025, -0.072485, -0.006908, -0.046084, 0.068705, 0.046684, -0.017025, 0.004185, 0.030334, 0.026831, -0.023944, -0.051622, 0.028734, -0.024118, -0.046651, -0.015449, -0.141547, -0.022068, 0.027731, -0.150937, 0.000732, 0.050967, 0.023394, -0.034689, 0.025788, 0.105387, -0.036250, 0.016397, 0.015484, 0.001640, 0.098072, -0.065260, -0.005994, 0.071616]

=== CHUNK hdfc_equity_flexi_cap::12::0 ===
source_url: https://groww.in/mutual-funds/hdfc-equity-fund-direct-growth
scheme: HDFC Equity Fund - Direct Growth
category: flexi_cap
plan_variant: direct_growth
section: AG Amit Ganatra Feb 2026 - Present View details
fact_type: general
authority: page_text
is_atomic: true
char_len: 483
source_fetched_at: 2026-09-28T13:12:28+00:00
content_hash: cad958f1f66fd2ceca7e17ed4f2aedd3daf62baaa15682c5fb78bfd9e04e4c5e
---
AG Amit Ganatra Feb 2026 - Present View details
AG
Amit Ganatra
Feb 2026
- Present
View details
Education
Mr. Ganatra holds a Commerce degree and is a Charted Accountant. He is also a Chartered Financial Analyst from AIMR.
Experience
Prior to joining the HDFC AMC, he has worked with Invesco Asset Management (India) Pvt. Ltd, HDFC Mutual Fund, DBS Cholamandalam AMC Pvt. Ltd. and Fidelity.
Also manages these schemes
HDFC Flexi Cap Direct Plan Growth
HDFC Focused Fund Direct Growth

embedding_dim: 384
embedding: [-0.040675, -0.047516, -0.072694, 0.025857, 0.029178, 0.005448, 0.016875, 0.075994, -0.012912, -0.032354, -0.032193, -0.038308, -0.095100, -0.039624, -0.019212, -0.032606, -0.052781, -0.017648, 0.023148, -0.022341, -0.022128, -0.034597, -0.026874, -0.055076, 0.062220, -0.026800, -0.018322, -0.004064, -0.055399, -0.094512, 0.087879, 0.083355, -0.026069, 0.045526, 0.000015, 0.061928, -0.085782, 0.019467, 0.003525, -0.075337, 0.092536, 0.002111, -0.006635, -0.144144, 0.097838, -0.084212, -0.040187, -0.026871, 0.005866, 0.001869, -0.094791, -0.024079, 0.015891, -0.050254, 0.038516, 0.045738, 0.057651, -0.058993, 0.044128, -0.001756, -0.044433, 0.036774, 0.012042, -0.022783, 0.037385, -0.054002, 0.020677, 0.070527, -0.063828, -0.039878, 0.009246, -0.078480, -0.133405, 0.017764, -0.019349, 0.000362, 0.002278, 0.036608, 0.093653, -0.022588, -0.026362, 0.062014, 0.030111, 0.041357, -0.047402, 0.008028, 0.038569, -0.004893, 0.044844, -0.038442, 0.082782, 0.032343, 0.028824, 0.066133, -0.043514, -0.039171, -0.039712, -0.037213, -0.066624, 0.020996, 0.074882, 0.044114, -0.093580, -0.042636, -0.113471, -0.039732, 0.081512, 0.035210, 0.057718, -0.017704, -0.023830, 0.002837, -0.084893, -0.071497, -0.046798, 0.010163, -0.107333, -0.055927, 0.025046, -0.095973, -0.025137, 0.044510, 0.030126, -0.024393, 0.021240, -0.087187, -0.103612, 0.000000, -0.033676, 0.001249, 0.042520, -0.047492, -0.045310, -0.007239, 0.032712, -0.026451, 0.022434, 0.000185, 0.008053, 0.049066, -0.083983, 0.018001, -0.065557, -0.051094, 0.007761, 0.048481, -0.019102, 0.005417, -0.026387, 0.018347, 0.045411, -0.030200, 0.114736, -0.064566, -0.005387, -0.037640, 0.028054, 0.084223, 0.065061, 0.018758, -0.077349, 0.001156, -0.072862, -0.013376, -0.034408, -0.086925, -0.093918, 0.048536, -0.017145, 0.045523, 0.046051, -0.019015, -0.077874, 0.078249, 0.112837, 0.100982, 0.033175, 0.078415, -0.106693, -0.055186, -0.004364, -0.086717, 0.080588, 0.047131, -0.059810, -0.019307, 0.068980, -0.001302, -0.039668, -0.063333, -0.126380, 0.038321, -0.100404, 0.063451, 0.054698, 0.009523, 0.070051, 0.001514, 0.047221, -0.016481, 0.037930, 0.005120, -0.000110, -0.047714, -0.015214, 0.123810, -0.009403, 0.058284, 0.008532, 0.058545, 0.090721, -0.025946, 0.014931, 0.029862, 0.076683, 0.054369, -0.008862, 0.048815, 0.000419, 0.019505, 0.063871, 0.043504, 0.032079, -0.000000, 0.002086, 0.014193, -0.030623, -0.028492, 0.010263, 0.004777, 0.012931, 0.061346, 0.045849, 0.020040, 0.033185, 0.017663, 0.010902, -0.064647, -0.023038, -0.110695, 0.024350, -0.047973, 0.000101, 0.028020, 0.046774, 0.013474, -0.004833, 0.064825, 0.020281, 0.008909, -0.056291, -0.019921, -0.039997, -0.045281, 0.027437, -0.003663, -0.066996, 0.048342, -0.023640, -0.058618, 0.075834, 0.001073, -0.060859, 0.080279, 0.011902, 0.028198, 0.045188, -0.021658, 0.018351, -0.021407, 0.055596, -0.011925, 0.118589, 0.014861, -0.011334, -0.067533, 0.076800, -0.030572, -0.017132, 0.013827, 0.113600, 0.043559, -0.092805, -0.006232, 0.059673, 0.049040, 0.058337, 0.098211, -0.025156, 0.032720, -0.018738, -0.114926, 0.011819, -0.080461, 0.022202, -0.091990, 0.021492, -0.046495, -0.023770, 0.003390, -0.028276, -0.029354, 0.058985, -0.044148, 0.050809, 0.034546, -0.037101, -0.007291, -0.028664, -0.020635, -0.024091, -0.091409, 0.022637, 0.024620, -0.060890, -0.006931, 0.077575, 0.036157, -0.044745, -0.000000, -0.006192, -0.015471, -0.043146, 0.003675, -0.013410, -0.094671, -0.022365, -0.015483, 0.069396, 0.060622, 0.038780, 0.037434, -0.022149, -0.030148, 0.023812, -0.067113, 0.029406, 0.055397, 0.007542, 0.015710, 0.076368, 0.021523, 0.023004, -0.007988, 0.014024, -0.022187, -0.005523, 0.018030, 0.043796, 0.034079, -0.006986, 0.037734, 0.070030, -0.032942, 0.012209, 0.042296, 0.057458, -0.001257, 0.090315, 0.060984, -0.000204, -0.042081, 0.074981, -0.053733, -0.044104, 0.001324, -0.027508, -0.045921, 0.029871, -0.076908, -0.040269, -0.021758, 0.056512, -0.031439, 0.041042, 0.030678, 0.033268, -0.030796, -0.002257, -0.001623, 0.080540, -0.096630, -0.017602, 0.098559]

=== CHUNK hdfc_equity_flexi_cap::13::0 ===
source_url: https://groww.in/mutual-funds/hdfc-equity-fund-direct-growth
scheme: HDFC Equity Fund - Direct Growth
category: flexi_cap
plan_variant: direct_growth
section: About HDFC Flexi Cap Direct Plan Growth
fact_type: general
authority: page_text
is_atomic: true
char_len: 591
source_fetched_at: 2026-09-28T13:12:28+00:00
content_hash: cad958f1f66fd2ceca7e17ed4f2aedd3daf62baaa15682c5fb78bfd9e04e4c5e
---
About HDFC Flexi Cap Direct Plan Growth
About
HDFC Flexi Cap Direct Plan Growth
HDFC Flexi Cap Direct Plan Growth is a Equity Mutual Fund Scheme launched by HDFC Mutual Fund. This scheme was made available to investors on 10 Dec 1999. Dhruv Muchhal is the Current Fund Manager of HDFC Flexi Cap Direct Plan Growth fund. The fund currently has an Asset Under Management(AUM) of Cr and the Latest as of 25 Sep 2026 is .
The HDFC Flexi Cap Direct Plan Growth is rated Very High risk. Minimum SIP Investment is set to . Minimum Lumpsum Investment is . Exit load of 1% if redeemed within 1 year
;

embedding_dim: 384
embedding: [0.058811, -0.073371, -0.093053, 0.000045, 0.126263, 0.012894, 0.004297, 0.070015, -0.062219, -0.000470, 0.014366, -0.045194, -0.079705, -0.005537, -0.007162, -0.038651, -0.082937, -0.088545, 0.023460, 0.025625, 0.016407, -0.056168, 0.010819, 0.011181, 0.016892, 0.007383, 0.026993, 0.083221, -0.030881, -0.015558, 0.052543, 0.090638, 0.030678, -0.062078, 0.010199, 0.074034, -0.083936, 0.001519, -0.013690, -0.034718, 0.019556, -0.020578, 0.041176, -0.016715, 0.042689, -0.031845, -0.056010, 0.053700, 0.014015, -0.002456, 0.014095, -0.019598, 0.024828, -0.023318, -0.014520, 0.069818, -0.048377, 0.008561, 0.039528, 0.027445, -0.046850, -0.037198, 0.098783, -0.031675, 0.001191, -0.025902, -0.013769, 0.007716, 0.015023, -0.019700, -0.029342, -0.084574, -0.091096, -0.082810, -0.009911, -0.000345, -0.014354, 0.052901, 0.065441, -0.045697, -0.077829, 0.011588, 0.111142, 0.003792, -0.028100, 0.006840, 0.011586, -0.101833, -0.031089, -0.031611, 0.045285, 0.067928, 0.017431, 0.056706, -0.089478, 0.003401, -0.084086, -0.088461, -0.063846, -0.001815, 0.013353, 0.013130, -0.045373, -0.037671, -0.002289, -0.057534, 0.005690, 0.022141, 0.050844, -0.000308, -0.006259, 0.069467, 0.022655, -0.040391, -0.033579, 0.001416, -0.108133, -0.110469, 0.060002, -0.029020, -0.033472, -0.002278, 0.014355, -0.059618, -0.032120, -0.041223, -0.052117, 0.000000, -0.022261, 0.024594, -0.044376, -0.048404, -0.063155, -0.094272, 0.088384, 0.017198, -0.068734, -0.011522, 0.037626, 0.059870, -0.024612, 0.043049, -0.028944, -0.151468, 0.050617, 0.111771, 0.021836, -0.023057, -0.009054, 0.064666, 0.080320, -0.087635, 0.149226, -0.004485, 0.023096, 0.002741, 0.092175, 0.075920, -0.005869, 0.027561, -0.065105, -0.074819, -0.056759, 0.014612, -0.072873, -0.072935, -0.076448, 0.003808, 0.016548, 0.056547, 0.013198, -0.068655, -0.028012, 0.028463, 0.075217, 0.049753, -0.009610, 0.006400, -0.062293, -0.091754, -0.028132, 0.004000, 0.035917, 0.011141, -0.080852, -0.006775, 0.035071, 0.047670, -0.041736, -0.065003, -0.139820, 0.080924, -0.042627, 0.117713, 0.055587, -0.045307, 0.053751, -0.022608, 0.035454, -0.002870, 0.038141, 0.022825, -0.002279, -0.051904, 0.032179, 0.118079, 0.015649, 0.048726, 0.012324, 0.088903, 0.085780, -0.013841, 0.034916, -0.011930, 0.025776, 0.048640, -0.047811, -0.027657, 0.027153, -0.080187, 0.094090, 0.013336, -0.000264, -0.000000, 0.021483, -0.018137, -0.026142, -0.018500, 0.019144, 0.039066, 0.016270, 0.040662, 0.042074, -0.029207, 0.072812, -0.007900, -0.022088, -0.038915, -0.083761, -0.071009, 0.023940, -0.052920, -0.007372, -0.019716, 0.051299, -0.041350, 0.038877, 0.038814, 0.005268, -0.008993, -0.028629, 0.034921, -0.058484, 0.038430, -0.019284, -0.014683, -0.101493, 0.047647, 0.016343, -0.091465, -0.042056, 0.035596, 0.001928, 0.039521, 0.017067, -0.041684, 0.062032, -0.072670, 0.004513, -0.018041, 0.016844, -0.051199, 0.066602, -0.013984, -0.051324, -0.071484, 0.080165, -0.014425, -0.057353, -0.002888, 0.103430, 0.061122, -0.051613, -0.018583, 0.072128, 0.044339, 0.008252, 0.100762, -0.007586, 0.033768, -0.057725, -0.161278, 0.023745, -0.055430, 0.121525, -0.013324, 0.097507, 0.075314, -0.033564, 0.009681, 0.020291, -0.039603, 0.040075, 0.049678, 0.033135, 0.038659, -0.061864, 0.096434, -0.009656, -0.082969, 0.017120, -0.077928, -0.041220, 0.028805, -0.037825, -0.042166, 0.053781, 0.050844, -0.011729, -0.000000, 0.009287, 0.000333, 0.051368, -0.042023, 0.022476, 0.000865, 0.008024, -0.056781, 0.018621, -0.023784, 0.053563, 0.075680, -0.015602, -0.045373, -0.053530, -0.044393, 0.018424, 0.065475, 0.010446, -0.006195, 0.027504, 0.032027, 0.032657, 0.010986, 0.039992, 0.014075, 0.037762, 0.027114, 0.026000, -0.004467, 0.013329, 0.003530, 0.061861, 0.045533, -0.025138, 0.096039, 0.012935, 0.039168, -0.003420, 0.095247, 0.049017, -0.036171, 0.058691, -0.078560, -0.026509, 0.007494, -0.048956, -0.027597, 0.046539, -0.084886, -0.021700, 0.006025, -0.037498, 0.005367, -0.023685, 0.051538, -0.020648, -0.001829, -0.030952, -0.011284, 0.015953, -0.065957, -0.004696, 0.080802]

=== CHUNK hdfc_equity_flexi_cap::14::0 ===
source_url: https://groww.in/mutual-funds/hdfc-equity-fund-direct-growth
scheme: HDFC Equity Fund - Direct Growth
category: flexi_cap
plan_variant: direct_growth
section: Investment Objective
fact_type: general
authority: page_text
is_atomic: true
char_len: 237
source_fetched_at: 2026-09-28T13:12:28+00:00
content_hash: cad958f1f66fd2ceca7e17ed4f2aedd3daf62baaa15682c5fb78bfd9e04e4c5e
---
Investment Objective
The scheme seeks to generate capital appreciation / income from a portfolio, predominantly invested in equity & equity related instruments.
Fund benchmark
NIFTY 500 Total Return Index
Scheme Information Document(SID)

embedding_dim: 384
embedding: [0.048837, 0.032683, -0.110555, -0.015523, -0.004056, 0.007894, 0.030122, 0.005885, -0.014315, 0.033743, -0.122126, -0.048725, 0.036423, -0.034871, -0.066775, 0.001658, 0.012747, -0.024101, -0.000866, 0.025847, 0.041802, 0.046440, -0.001248, -0.050259, 0.004724, 0.037408, 0.075266, 0.002942, 0.001349, 0.012304, 0.038865, 0.049643, 0.025178, -0.064621, -0.080207, 0.112597, -0.045570, -0.009237, -0.036316, 0.023819, -0.014137, 0.003106, 0.038430, -0.051708, 0.047305, -0.023562, -0.050162, 0.009146, -0.010372, 0.008874, -0.069597, -0.007334, -0.069658, 0.043221, -0.041689, 0.002629, -0.074195, -0.014289, 0.033779, -0.066124, 0.045676, 0.014404, 0.070933, 0.035847, 0.108530, -0.031579, -0.055476, -0.060203, -0.054983, -0.073623, 0.011482, -0.040779, -0.061192, -0.077156, -0.018959, 0.076450, 0.068506, 0.009326, 0.036697, -0.067449, 0.030238, 0.118969, 0.068266, -0.006724, 0.044913, 0.023869, 0.040811, 0.001966, 0.023340, 0.005060, 0.044253, -0.027564, -0.023059, -0.010929, -0.017598, -0.058464, -0.087762, -0.041782, -0.031440, 0.081977, 0.031436, -0.020398, -0.070042, -0.050968, -0.080875, -0.073048, 0.089021, -0.014102, -0.001028, -0.017470, -0.048969, 0.097276, -0.010131, -0.048417, -0.015188, 0.079099, -0.050145, 0.023132, 0.077681, 0.069586, 0.021310, -0.056542, -0.008557, 0.017378, -0.059077, 0.007584, -0.022727, 0.000000, -0.096851, 0.027083, 0.083847, -0.031959, -0.100188, -0.052435, 0.032681, -0.064481, -0.047689, -0.046375, 0.027451, 0.143932, 0.004677, 0.038706, 0.046836, -0.032362, -0.037500, 0.151254, 0.070761, -0.024637, 0.058911, 0.021167, 0.018099, -0.027587, 0.055514, 0.067983, -0.005425, -0.048352, -0.058443, 0.047859, 0.055202, 0.026707, -0.034563, -0.110726, -0.034934, 0.049242, 0.033720, -0.030259, 0.005718, -0.015966, -0.061573, 0.027844, 0.029161, -0.047981, -0.138495, 0.065381, 0.022686, 0.067979, 0.051732, 0.052973, -0.044158, -0.050084, -0.044248, -0.017155, 0.026352, -0.039016, -0.047540, -0.022987, -0.037683, -0.022258, 0.022653, -0.126488, -0.068916, -0.034934, -0.106197, 0.018661, 0.065980, 0.006705, 0.101586, 0.044173, -0.074126, 0.078076, 0.020991, -0.014580, -0.009617, -0.043195, 0.024425, 0.075101, 0.014034, 0.043737, -0.016598, 0.040910, -0.051103, -0.096469, 0.063089, 0.026099, 0.025069, 0.025895, -0.084496, -0.074509, 0.041708, 0.012666, -0.036290, -0.015875, -0.010153, -0.000000, 0.026786, -0.031955, -0.048833, 0.001793, 0.031089, -0.017501, 0.024342, -0.005925, -0.041598, 0.066998, 0.027064, -0.043696, 0.047237, 0.044210, -0.043554, -0.071851, -0.028958, -0.036697, 0.043733, -0.078648, 0.083576, 0.027419, 0.023653, -0.031568, -0.033221, 0.067992, -0.086700, 0.040600, -0.024618, -0.003326, 0.000987, -0.027924, -0.100793, 0.035488, -0.012195, 0.036923, 0.032716, -0.078476, -0.059136, 0.054379, 0.027836, 0.074020, 0.049549, 0.024072, 0.001602, -0.013115, 0.036610, 0.064931, 0.143656, -0.051581, 0.020994, 0.017098, 0.029058, 0.041563, -0.070898, 0.036281, -0.016980, -0.020101, -0.015016, 0.010993, 0.001426, 0.089654, -0.064413, 0.099820, -0.037347, -0.014702, 0.034497, -0.062885, -0.032751, -0.032710, 0.025367, -0.036173, 0.110601, 0.008243, -0.073116, 0.058486, 0.092114, -0.046874, -0.000320, 0.032305, 0.011314, 0.052956, 0.025937, 0.061410, 0.006358, 0.004053, 0.025426, -0.028206, -0.027276, 0.056443, -0.060245, 0.025549, 0.017489, 0.051353, 0.005639, -0.000000, -0.043000, -0.062795, -0.014282, 0.006221, -0.054879, -0.023252, -0.012285, -0.074231, -0.031804, -0.054142, 0.094925, 0.007463, -0.105517, 0.054259, -0.027972, -0.054369, -0.003725, 0.042528, 0.016838, -0.010290, 0.034911, 0.012965, 0.071430, -0.095120, -0.001899, 0.025638, 0.077051, -0.004024, 0.050301, 0.010793, -0.069240, 0.054969, 0.062593, -0.001067, -0.037807, 0.090807, 0.008707, 0.102436, 0.020530, 0.047995, 0.000474, -0.024998, 0.051293, -0.058588, -0.019090, 0.066667, -0.091567, -0.043627, 0.042238, -0.110559, -0.076959, -0.029638, -0.044569, 0.011124, -0.021078, 0.035256, -0.072034, -0.017327, -0.009028, -0.005119, 0.030723, -0.010728, -0.012897, -0.006993]

=== CHUNK hdfc_equity_flexi_cap::15::0 ===
source_url: https://groww.in/mutual-funds/hdfc-equity-fund-direct-growth
scheme: HDFC Equity Fund - Direct Growth
category: flexi_cap
plan_variant: direct_growth
section: Fund house
fact_type: general
authority: page_text
is_atomic: false
char_len: 1200
source_fetched_at: 2026-09-28T13:12:28+00:00
content_hash: cad958f1f66fd2ceca7e17ed4f2aedd3daf62baaa15682c5fb78bfd9e04e4c5e
---
Fund house
HDFC Mutual Fund
Rank (total assets)
#2 in India
Total AUM
₹9,86,236.84 Cr
Date of Incorporation
10 Dec 1999
Phone
022 – 66316333
E-mail
[email protected]
Website
http://www.hdfcfund.com
Launch Date
10 Dec 1999
Address
"HDFC House", 2nd Floor, H. T. Parekh Marg, 165-166, BackbayReclamation, Churchgate Mumbai 400020
Custodian
Deutsche Bank
Registrar & Transfer Agent
Cams
Email
[email protected]
Website
www.camsonline.com
Address
7th Floor, Tower II, Rayala Towers, 158, Anna Salai,
Home
>
Mutual Funds
>
HDFC Mutual Fund
>
HDFC Flexi Cap Direct Plan Growth
Vaishnavi Tech Park, South Tower, 3rd Floor
Sarjapur Main Road, Bellandur, Bengaluru – 560103
Karnataka
Contact Us
Download the App
GROWW
About Us
Pricing
Blog
Media & Press
Careers
Help & Support
Trust & Safety
Investor Relations
PRODUCTS
Stocks
F&O
MTF
ETF
IPO
Mutual Funds
Commodities
Groww Terminal
915 Terminal
Stock Screens
Algo Trading
Groww Charts
Groww Digest
Demat Account
Groww AMC
PMS
Bonds
Credit
© 2016-
2026
Groww. All rights reserved.
Version:
8.0.3
Share Market
Indices
F&O
Mutual Funds
ETFs
Funds By Groww
Calculators
IPO
Miscellaneous
Top Gainers Stocks
52 Weeks High Stocks
Tata Motors
NHPC
ITC
Wipro
BSE
NTPC

embedding_dim: 384
embedding: [0.040843, -0.118338, -0.134790, 0.055789, 0.070311, 0.063708, -0.039276, 0.073587, -0.064812, -0.039313, -0.038133, -0.089641, -0.060973, -0.040210, 0.002005, -0.029718, 0.040849, -0.093409, 0.055791, 0.009548, -0.045303, -0.056881, 0.018510, -0.032000, 0.086257, 0.024329, -0.046653, 0.064147, -0.061591, -0.079927, 0.060789, 0.055156, -0.002128, 0.045892, 0.060746, 0.043460, -0.040297, -0.015781, 0.018288, -0.080217, 0.022129, -0.036499, -0.003063, -0.056604, 0.083585, -0.025524, -0.025838, 0.046849, 0.045050, 0.001526, 0.006227, 0.018377, 0.044521, 0.013062, 0.020860, 0.068477, 0.026785, -0.051234, 0.076271, 0.000170, 0.016451, -0.006806, 0.035885, -0.015868, 0.054513, -0.075204, -0.027942, 0.062496, 0.048074, -0.042324, 0.025086, -0.054527, -0.071315, -0.035746, -0.020252, 0.030311, 0.005243, 0.025870, 0.059167, -0.066496, -0.047987, -0.015601, 0.101762, 0.100949, -0.062943, 0.029696, 0.089009, -0.028715, -0.019828, -0.035200, 0.088210, 0.071345, -0.019545, 0.045726, -0.026726, -0.067346, -0.026396, -0.033637, -0.056398, -0.000594, 0.032320, 0.009101, -0.031640, -0.059791, -0.043061, -0.047350, 0.023696, 0.092055, 0.068788, -0.042864, -0.051565, 0.047364, -0.074499, -0.004863, -0.050127, -0.019846, -0.027105, -0.110769, -0.018295, -0.051153, 0.000707, 0.025816, -0.041627, -0.043342, -0.031708, -0.083627, -0.050306, 0.000000, 0.000809, 0.092728, -0.013654, -0.083487, 0.006187, -0.029466, 0.017084, 0.018967, -0.025219, 0.069778, -0.017346, 0.007178, -0.044787, -0.033329, -0.041728, -0.112299, 0.028129, 0.023396, -0.016488, -0.009233, 0.010636, 0.045807, 0.041137, -0.040868, 0.061803, -0.016871, 0.037608, 0.013055, 0.018258, 0.061713, 0.014489, -0.013352, -0.048144, -0.040076, -0.061453, -0.014790, -0.020500, -0.075106, -0.132489, -0.022397, 0.017686, 0.078472, -0.042580, -0.044228, 0.021545, 0.044639, 0.118470, 0.036368, 0.044436, 0.005726, -0.147110, -0.035184, -0.056560, 0.015555, 0.058843, 0.027768, 0.002471, -0.039810, 0.054326, 0.017292, -0.051335, -0.065766, -0.133731, 0.033600, -0.078741, 0.055641, 0.046436, -0.007418, 0.023111, 0.029132, 0.026754, -0.046304, 0.100888, 0.036437, 0.016129, -0.012167, -0.080413, 0.104642, 0.014234, 0.022128, 0.016565, 0.044328, 0.069628, 0.001276, 0.101516, 0.001085, 0.047905, -0.008400, -0.055765, -0.011033, -0.041621, -0.051233, 0.079747, -0.012540, -0.038771, -0.000000, 0.016995, -0.013354, -0.036329, -0.007075, 0.010431, 0.070103, 0.017035, 0.030402, 0.070239, 0.029773, 0.072884, 0.049951, -0.004522, -0.053748, -0.056594, -0.017528, 0.010624, -0.054771, -0.016629, -0.024730, 0.051187, -0.004980, -0.067378, 0.085322, -0.018502, 0.072350, 0.009097, 0.052255, -0.021323, 0.060051, -0.002769, -0.038058, -0.102986, 0.091648, -0.021890, -0.042352, 0.054244, 0.086237, -0.036145, 0.086907, 0.000396, 0.022577, 0.015660, -0.046075, 0.022670, -0.059846, -0.004172, -0.039841, 0.061557, -0.001382, -0.029682, -0.046381, 0.030654, 0.014811, -0.063923, 0.031638, 0.084547, 0.104879, -0.075354, -0.030356, 0.052045, 0.097513, 0.048511, 0.126008, -0.000785, 0.007123, -0.026548, -0.058027, 0.020806, -0.081423, -0.006714, -0.033324, 0.065543, 0.017003, -0.016942, 0.016310, 0.004114, -0.016978, 0.038015, 0.026700, 0.103395, 0.033552, -0.017523, 0.042381, -0.007397, -0.030119, 0.035195, -0.034600, 0.015361, -0.012847, -0.008435, -0.029307, 0.008727, 0.012688, -0.016481, -0.000000, 0.001244, -0.013712, 0.000760, -0.005440, -0.001312, -0.145692, 0.022672, 0.030696, 0.005958, -0.019891, 0.052872, 0.031300, -0.059265, -0.057778, -0.022761, -0.081979, -0.057897, 0.040999, -0.009160, 0.004540, 0.074637, 0.019619, 0.067482, 0.004586, 0.032151, -0.019988, -0.004295, -0.080994, 0.039012, 0.043060, 0.006946, 0.037501, 0.025526, -0.007581, -0.008891, 0.097575, 0.061445, -0.025589, 0.036400, 0.074221, 0.001142, -0.097940, 0.015733, -0.045387, -0.009932, 0.003139, -0.068377, -0.022353, 0.066036, -0.145988, -0.017859, 0.003324, -0.008394, -0.025611, -0.025634, 0.069870, -0.073331, -0.002333, 0.001790, 0.010318, 0.070893, -0.132857, -0.016647, 0.043518]

=== CHUNK hdfc_equity_flexi_cap::15::1 ===
source_url: https://groww.in/mutual-funds/hdfc-equity-fund-direct-growth
scheme: HDFC Equity Fund - Direct Growth
category: flexi_cap
plan_variant: direct_growth
section: Fund house
fact_type: general
authority: page_text
is_atomic: false
char_len: 1181
source_fetched_at: 2026-09-28T13:12:28+00:00
content_hash: cad958f1f66fd2ceca7e17ed4f2aedd3daf62baaa15682c5fb78bfd9e04e4c5e
---
Fund house
Indices
F&O
Mutual Funds
ETFs
Funds By Groww
Calculators
IPO
Miscellaneous
Top Gainers Stocks
52 Weeks High Stocks
Tata Motors
NHPC
ITC
Wipro
BSE
NTPC
Top Losers Stocks
52 Weeks Low Stocks
IREDA
State Bank of India
Adani Power
CDSL
Cochin Shipyard
SJVN
Most Traded Stocks
Stocks Market Calender
Tata Steel
Tata Power
Bharat Heavy Electricals
Indian Oil Corporation
HUDCO
SAIL
Stocks Feed
Suzlon Energy
Zomato (Eternal)
Yes Bank
Infosys
NBCC
IRCTC
Share Market Live Update
FII DII Activity
IRFC
Bharat Electronics
HDFC Bank
Vedanta
Reliance Power
Jaiprakash Power Ventures
Stocks Sectors
NIFTY 50
NIFTY Midcap 100
NIFTY 100
US Tech 100
NIFTY Realty
Nikkei index
SENSEX
NIFTY Smallcap 100
NIFTY Auto
Dow Jones Futures
NIFTY PSU Bank
NIFTY FMCG
NIFTY BANK
NIFTY MIDCAP 150
KOSPI Index
Dow Jones Index
Gift Nifty
BSE BANKEX
India VIX
NIFTY Pharma
HANG SENG Index
BSE 100
FTSE 100 Index
S&P 500
NIFTY NEXT 50
NIFTY Metal
DAX Index
NIFTY Fin Service
CAC Index
Nifty Pvt Bank
NIFTY Bank Options
SBI Options
Bajaj Finance Options
Axis Bank Options
Hindustan Unilever Options
NIFTY Bank Futures
Finnifty Futures
ITC Futures
ICICI Bank Futures
Biocon Futures
Indusind Bank Futures

embedding_dim: 384
embedding: [0.035952, -0.093367, -0.039640, 0.031972, 0.065337, 0.004954, 0.069942, -0.001222, -0.047649, -0.039502, -0.059248, -0.019519, -0.012238, -0.034853, -0.016413, -0.041461, 0.045569, -0.046419, 0.023076, 0.003120, -0.000747, -0.047595, -0.007248, -0.075339, 0.011016, 0.002919, -0.051852, 0.033028, -0.095323, -0.073364, -0.080926, 0.108630, -0.022612, 0.024947, -0.050813, 0.006560, -0.006313, 0.071909, 0.095334, -0.052069, -0.054693, -0.095286, 0.005900, -0.039401, 0.054459, -0.050042, -0.057311, -0.023035, 0.068909, -0.033910, -0.073298, 0.015707, 0.031599, 0.067334, -0.031108, -0.030815, -0.086839, -0.069674, 0.039535, 0.018842, -0.016073, 0.040624, 0.025339, 0.011189, 0.046603, -0.009867, -0.076718, 0.046906, -0.015747, 0.015722, 0.015544, -0.039989, -0.094071, 0.006365, -0.022048, -0.001456, 0.011772, 0.022819, 0.034846, -0.028137, -0.042178, -0.016404, 0.061249, 0.021491, -0.081608, 0.015306, 0.022951, -0.002255, -0.043190, -0.018134, 0.041371, 0.056331, 0.025187, 0.009956, 0.029964, -0.022207, -0.068923, -0.013536, -0.084805, -0.004047, 0.040345, 0.044038, -0.016366, -0.025002, -0.131181, -0.026895, 0.030974, 0.028721, 0.062781, -0.029485, -0.039187, 0.073674, -0.072785, -0.082075, -0.144916, -0.033899, -0.093175, 0.006088, 0.058950, 0.051696, -0.000457, 0.075767, -0.065239, 0.015844, -0.010523, 0.081140, -0.027091, 0.000000, -0.078535, 0.054370, 0.074361, -0.049320, -0.071578, -0.039963, 0.045414, -0.051325, -0.097332, 0.028589, -0.022770, 0.087451, -0.043305, -0.016206, 0.059390, -0.136392, 0.011915, -0.012877, -0.010537, -0.074642, 0.069354, 0.049689, 0.066592, -0.046543, 0.062923, -0.096354, -0.026061, -0.022908, -0.032832, 0.061734, -0.005007, -0.024295, -0.049473, -0.060780, -0.069782, -0.043218, 0.046593, -0.008692, -0.037112, -0.065406, -0.015461, 0.034314, -0.008822, -0.014300, -0.043534, 0.086792, 0.039527, 0.052438, -0.009579, 0.007220, -0.086682, -0.039023, -0.041782, 0.055289, 0.013383, 0.062887, 0.015642, -0.022748, 0.035500, 0.012655, -0.079101, -0.001644, -0.050058, -0.059420, -0.048858, 0.056501, 0.070410, 0.004283, -0.029876, 0.117276, 0.009309, -0.051834, 0.059339, 0.030703, 0.105799, 0.037583, -0.034984, -0.020193, 0.042518, -0.006349, 0.010874, -0.046035, -0.010193, -0.018335, 0.125318, -0.003959, 0.049494, -0.038046, -0.025003, -0.010426, -0.055520, -0.023899, 0.066063, -0.074007, -0.117811, -0.000000, -0.006220, -0.005572, 0.020021, 0.071372, 0.030625, -0.049760, 0.043022, -0.023160, 0.071723, 0.041145, 0.034293, 0.034566, -0.020138, -0.016071, -0.051066, -0.032713, 0.012387, 0.019380, -0.009131, 0.005486, -0.022592, -0.004115, -0.014299, 0.058678, -0.000614, 0.039636, -0.036395, 0.077668, -0.010899, 0.017856, -0.026685, -0.056591, -0.014179, 0.100789, -0.032111, 0.007377, 0.024456, -0.030736, -0.017263, 0.037950, -0.029283, -0.001743, -0.007622, 0.007281, -0.035173, -0.105329, -0.090691, 0.000723, 0.002937, -0.011632, -0.012980, 0.064308, -0.051400, 0.003117, -0.046526, 0.033650, 0.018764, 0.022679, -0.097957, -0.021127, 0.033965, 0.065916, 0.030684, 0.104259, 0.091352, -0.084119, -0.073967, 0.006822, -0.062127, -0.071037, 0.036190, -0.022858, -0.070431, -0.011075, 0.001912, 0.047010, 0.065204, -0.036254, 0.050395, 0.028419, 0.053435, 0.003714, -0.037561, 0.041566, -0.004334, 0.057018, 0.026611, -0.016934, 0.080659, 0.027605, 0.026880, -0.088096, 0.037823, 0.025242, -0.007077, -0.000000, -0.022945, -0.031500, 0.019364, 0.041561, 0.031562, -0.042706, 0.000385, 0.013572, 0.001655, -0.023081, 0.114665, 0.016829, -0.074933, -0.022181, 0.007188, -0.096653, -0.040550, 0.087741, -0.026052, -0.069342, 0.055260, 0.041118, 0.009818, 0.063863, 0.029308, -0.060921, -0.017285, -0.136600, 0.011606, 0.078306, -0.024677, -0.066745, 0.023141, -0.070395, 0.049606, 0.083030, -0.004372, -0.014679, -0.017014, 0.044683, -0.050823, -0.052651, 0.028072, -0.031215, -0.063279, -0.021971, -0.066149, -0.001628, 0.076390, -0.140561, 0.005709, -0.029265, -0.012348, -0.004309, -0.010609, 0.052272, -0.128743, 0.080347, -0.011484, -0.060770, 0.118636, -0.028008, 0.040298, 0.044013]

=== CHUNK hdfc_equity_flexi_cap::15::2 ===
source_url: https://groww.in/mutual-funds/hdfc-equity-fund-direct-growth
scheme: HDFC Equity Fund - Direct Growth
category: flexi_cap
plan_variant: direct_growth
section: Fund house
fact_type: general
authority: page_text
is_atomic: false
char_len: 1192
source_fetched_at: 2026-09-28T13:12:28+00:00
content_hash: cad958f1f66fd2ceca7e17ed4f2aedd3daf62baaa15682c5fb78bfd9e04e4c5e
---
Fund house
Axis Bank Options
Hindustan Unilever Options
NIFTY Bank Futures
Finnifty Futures
ITC Futures
ICICI Bank Futures
Biocon Futures
Indusind Bank Futures
Crude Oil Mini Future Price
Gold Petal Future Price
Silver Micro Future Price
Nickel Future Price
Natural Gas Mini MCX Option Chain
Copper MCX Option Chain
NIFTY 50 Options
HDFC Bank Options
Wipro Options
DLF Options
REC Options
Yes Bank Futures
Zomato Futures
Ashok Leyland Futures
HDFC Bank Futures
UPL Futures
Adani Enterprises Futures
Gold Future Price
Natural Gas Future Price
Zinc Future Price
Gold MCX Option Chain
Gold Mini MCX Option Chain
Commodities Expiry Calendar
Bse Sensex Options
Tata Steel Options
NTPC Options
Bajaj Auto Options
Indusind Bank Options
Tata Motors Futures
Infosys Futures
Asian Paints Futures
Lupin Futures
Cipla Futures
IDFC First Bank Futures
Gold Mini Future Price
Natural Gas Mini Future Price
Copper Future Price
Crude Oil MCX Option Chain
Silver MCX Option Chain
Finnifty Options
Infosys Options
Asian Paints Options
Coal India Options
Ashok Leyland Options
Tata Steel Futures
BSE Sensex Futures
Wipro Futures
DLF Futures
Bajaj Finance Futures
Piramal Enterprises Futures
Gold Ten Future Price

embedding_dim: 384
embedding: [0.023471, -0.105941, -0.031476, 0.046155, 0.008699, 0.012374, -0.030316, -0.021280, -0.022854, -0.020882, -0.074312, -0.017855, -0.103583, 0.002778, 0.029570, -0.018237, 0.029709, -0.005750, -0.020958, -0.011551, -0.000653, -0.042541, -0.038089, -0.042206, -0.009957, -0.005014, -0.023733, 0.030007, -0.128984, -0.061925, -0.006169, 0.099892, -0.040090, 0.012105, 0.010109, 0.013123, -0.075798, 0.104625, 0.120049, -0.071136, -0.081150, -0.059550, 0.031803, -0.047057, 0.046011, -0.042180, -0.037000, -0.090802, 0.065994, -0.018783, 0.008369, 0.003997, 0.044071, -0.038202, 0.004744, -0.000634, -0.100814, -0.060566, 0.046405, -0.075949, -0.059851, 0.040376, -0.000553, -0.006334, -0.050489, -0.026229, -0.050898, 0.115470, -0.015193, -0.027417, 0.007804, -0.029128, -0.080287, -0.014776, -0.032642, 0.042335, 0.079088, -0.010863, 0.026655, -0.046344, -0.022325, -0.015397, 0.040520, -0.041791, -0.102691, 0.032006, 0.090011, 0.037061, 0.033185, -0.036147, 0.014150, 0.002661, 0.023942, 0.042228, 0.025091, -0.024767, -0.035925, -0.018301, -0.026390, -0.024598, 0.078529, 0.017818, -0.000336, 0.003527, -0.092638, -0.089983, 0.048321, 0.032640, 0.039551, -0.059688, -0.043601, 0.061181, -0.035453, -0.112067, -0.113728, -0.036923, -0.072642, -0.061951, 0.049989, 0.060193, -0.012610, 0.060803, -0.036589, 0.029896, -0.030817, 0.057106, 0.008634, 0.000000, -0.074451, 0.016917, 0.050580, -0.086183, -0.005852, -0.047139, 0.010305, -0.063170, -0.050872, 0.046006, 0.040728, 0.019195, -0.068942, 0.028549, -0.055671, -0.091316, 0.020510, -0.087840, 0.012321, -0.023686, -0.031110, 0.083933, 0.042094, -0.046864, 0.019281, -0.052348, 0.025367, -0.054840, -0.024419, 0.058939, -0.004806, -0.026502, -0.058486, -0.051619, -0.008626, 0.057096, 0.010663, -0.023252, -0.063575, -0.054649, -0.003070, 0.010981, -0.075973, -0.007717, -0.029594, 0.010050, 0.093793, 0.024021, -0.035120, -0.022487, -0.113261, 0.023084, -0.092269, 0.022136, 0.026245, -0.029884, 0.031549, -0.043670, 0.041000, 0.019566, -0.110870, -0.005953, -0.101551, 0.011425, -0.041658, 0.050989, 0.048213, -0.052937, -0.050307, 0.092172, 0.041783, -0.057875, 0.073588, -0.014731, 0.067149, 0.019536, -0.000099, -0.003238, 0.050791, -0.029387, -0.020476, -0.031807, -0.013512, 0.061564, 0.165337, 0.022411, -0.009140, -0.007974, 0.012327, -0.025764, -0.058569, -0.060814, 0.050444, -0.045587, -0.051821, -0.000000, 0.034134, 0.047521, 0.027192, 0.055682, 0.032403, 0.003792, 0.023747, -0.046968, 0.114688, 0.074696, -0.053092, 0.039421, 0.008807, -0.029519, -0.057995, -0.079906, -0.037748, 0.007355, 0.012247, 0.002632, -0.037038, -0.000923, -0.075822, 0.061620, -0.052380, 0.044834, -0.017623, 0.066749, -0.013882, -0.046250, -0.057448, -0.066756, -0.031726, 0.050462, -0.038015, -0.023734, 0.100131, 0.040428, -0.049678, 0.063660, -0.042753, -0.046365, -0.010269, -0.025443, -0.040463, -0.104938, -0.096767, -0.029435, 0.095516, 0.023875, -0.070294, 0.089358, -0.069992, -0.022695, 0.011353, -0.013821, 0.035641, 0.009946, -0.023623, 0.023329, -0.009540, 0.047797, 0.100935, 0.039640, 0.119863, -0.083664, -0.126420, -0.030518, -0.027095, 0.008369, -0.019276, -0.018289, -0.054878, -0.014750, 0.058277, 0.004765, 0.027857, -0.034681, 0.109262, 0.043923, 0.080709, -0.034940, -0.023062, 0.068006, 0.025878, -0.022110, -0.022173, 0.030456, 0.045918, 0.022081, 0.017690, -0.116324, 0.060472, 0.030144, -0.043428, -0.000000, -0.027494, 0.006243, 0.002366, 0.066481, -0.001644, -0.002983, 0.037728, 0.029390, 0.022014, 0.030139, 0.110168, 0.027438, -0.049915, -0.040615, -0.023977, -0.015843, -0.062805, 0.014805, 0.003694, -0.057351, 0.037449, 0.010693, -0.004457, 0.029081, 0.005123, -0.048389, 0.024658, -0.007134, -0.004616, 0.033153, -0.037678, -0.073511, 0.054845, -0.056002, 0.081098, 0.043664, -0.029779, 0.016944, 0.012929, 0.031177, -0.048714, -0.060920, -0.000022, -0.028024, -0.027823, -0.016155, -0.082961, -0.035689, 0.025919, -0.118582, 0.005695, -0.009161, 0.022000, 0.000229, -0.000324, 0.096266, -0.101543, -0.001632, 0.007929, -0.031747, 0.071656, -0.092351, -0.054855, 0.008987]

=== CHUNK hdfc_equity_flexi_cap::15::3 ===
source_url: https://groww.in/mutual-funds/hdfc-equity-fund-direct-growth
scheme: HDFC Equity Fund - Direct Growth
category: flexi_cap
plan_variant: direct_growth
section: Fund house
fact_type: general
authority: page_text
is_atomic: false
char_len: 1196
source_fetched_at: 2026-09-28T13:12:28+00:00
content_hash: cad958f1f66fd2ceca7e17ed4f2aedd3daf62baaa15682c5fb78bfd9e04e4c5e
---
Fund house
Tata Steel Futures
BSE Sensex Futures
Wipro Futures
DLF Futures
Bajaj Finance Futures
Piramal Enterprises Futures
Gold Ten Future Price
Silver Future Price
Aluminium Future Price
Crude Oil Mini MCX Option Chain
Silver Mini MCX Option Chain
Tata Motors Options
ITC Options
ICICI Bank Options
Adani Enterprises Options
NIFTY 50 Futures
Coal India Futures
Axis Bank Futures
Vedanta Futures
Reliance Industries Futures
Hindustan Copper Futures
Crude Oil Future Price
Gold Guinea Future Price
Silver Mini Future Price
Electricity Future Price
Natural Gas MCX Option Chain
Zinc MCX Option Chain
MF Screener
Debt Mutual Funds
Best Multicap Mutual funds
Best Contra Mutual funds
Best Conservative Hybrid Mutual funds
SBI Contra Fund
Nippon India Nifty 500 Momentum 50 Index Fund
HDFC Balanced Advantage Fund
Quant Mid Cap Fund
Bank of India Small Cap Fund
Quant Multi Asset Fund
Nippon India
TATA
Bandhan
Edelweiss
HSBC
Union
Quantum
Shriram
Compare Mutual Funds
Best Debt Mutual funds
Best Large Cap Mutual funds
Best Value Oriented Mutual funds
Parag Parikh Flexi Cap Fund
HDFC Mid Cap Opportunities Fund
Motilal Oswal Nifty India Defence Index Fund
ICICI Prudential India Opportunities Fund

embedding_dim: 384
embedding: [0.030749, -0.077317, -0.008076, 0.034817, 0.032393, 0.010673, 0.004489, 0.008971, -0.002970, -0.024446, -0.104115, -0.053158, -0.054713, -0.007620, 0.009459, -0.036336, 0.023116, -0.033927, 0.027993, 0.006244, -0.010844, -0.042408, -0.003333, -0.060092, -0.000721, 0.022992, -0.022335, 0.001398, -0.111829, -0.039863, -0.016678, 0.087085, -0.035783, -0.003371, -0.043653, 0.022967, -0.058379, 0.086201, 0.098812, -0.045361, -0.103424, -0.032927, 0.045361, -0.064217, 0.042535, -0.056281, -0.028252, -0.054473, 0.072425, -0.028303, -0.048921, -0.016513, 0.014627, -0.008804, -0.011639, -0.007431, -0.120731, -0.063918, 0.031912, -0.052732, -0.056464, -0.003014, 0.017716, 0.008605, -0.003169, -0.016144, -0.044458, 0.104972, -0.001481, -0.030585, 0.013695, -0.003956, -0.093030, 0.000003, -0.024847, 0.038563, 0.076692, 0.025539, 0.032481, -0.043687, -0.032515, 0.010520, 0.055258, -0.012916, -0.080441, 0.033363, 0.060645, 0.070293, 0.039959, -0.005776, 0.027221, 0.024431, -0.004788, 0.058357, 0.039031, -0.008210, -0.054268, -0.081766, -0.069920, -0.018178, 0.099733, 0.000039, -0.010065, -0.005562, -0.074867, -0.075905, 0.055576, -0.015509, 0.040581, -0.030778, -0.029216, 0.085253, -0.068808, -0.103061, -0.110033, -0.029209, -0.083948, -0.045403, 0.062825, 0.062743, -0.017996, 0.056231, -0.037319, 0.008115, -0.003980, 0.057005, -0.021235, 0.000000, -0.072072, 0.023929, 0.038942, -0.011028, -0.064480, -0.016561, 0.069362, -0.073707, -0.073152, -0.005040, 0.015947, 0.045969, -0.082148, 0.015493, -0.006746, -0.103106, 0.021034, -0.026502, 0.001699, -0.025586, 0.018995, 0.103333, 0.082227, -0.077881, 0.056487, -0.090250, 0.049335, -0.056676, -0.050125, 0.048537, -0.006559, -0.036274, -0.046346, -0.098362, -0.007894, 0.049986, -0.025260, -0.023719, -0.080391, -0.063861, 0.005215, 0.021524, -0.049584, -0.007210, -0.026129, -0.016023, 0.065890, 0.047011, -0.044814, -0.045830, -0.104768, -0.019281, -0.063859, -0.009476, 0.014661, 0.018959, 0.008951, -0.022041, -0.011956, 0.032999, -0.080706, -0.062495, -0.118537, 0.021741, -0.042550, 0.077785, 0.040970, -0.010668, -0.007439, 0.087123, 0.021020, -0.055868, 0.096322, 0.035502, 0.043414, 0.020367, 0.021760, 0.046896, 0.043227, 0.002475, 0.005570, -0.002005, -0.029229, 0.035010, 0.116458, 0.013845, 0.043043, -0.007025, 0.014328, 0.020566, -0.032293, -0.048219, 0.044181, -0.016705, -0.049663, -0.000000, 0.017424, 0.040326, 0.068711, 0.055542, 0.038051, -0.029720, 0.034527, -0.019727, 0.092185, 0.045865, -0.016443, 0.023148, -0.014443, -0.021162, -0.079511, -0.075306, -0.019966, -0.020337, 0.027684, -0.040200, -0.064468, 0.008915, -0.051038, 0.025253, -0.039020, 0.043517, -0.044783, 0.063558, -0.078566, -0.013805, -0.030409, -0.029168, -0.023510, 0.075743, -0.012731, -0.046072, 0.039366, -0.013366, -0.000888, 0.073515, -0.028160, 0.005912, 0.027220, -0.039820, -0.008755, -0.126649, -0.085589, -0.029049, 0.087704, 0.007271, -0.065178, 0.027011, -0.073853, -0.017126, 0.015274, -0.036137, -0.005808, 0.029200, 0.020561, 0.002295, 0.028063, 0.067513, 0.039866, 0.087807, 0.055625, -0.049140, -0.129269, -0.040552, -0.067451, 0.018623, -0.047451, 0.012842, -0.006275, 0.001375, 0.043708, 0.025760, 0.023309, -0.016193, 0.080552, 0.044190, 0.097393, -0.001876, -0.069958, 0.080266, 0.027836, 0.049457, -0.004817, -0.012871, 0.062545, -0.005002, 0.011287, -0.092961, 0.076288, 0.036868, -0.032031, -0.000000, -0.035887, -0.034836, -0.015718, 0.068261, -0.033966, -0.012065, -0.005307, -0.043728, 0.050886, -0.024397, 0.117064, 0.034906, -0.055879, -0.072155, -0.042964, -0.065880, -0.098095, 0.044964, 0.003309, -0.063574, 0.048033, 0.032986, 0.010353, 0.051147, 0.045505, -0.049477, 0.006539, -0.032445, -0.006531, 0.099684, -0.016770, -0.086374, 0.053885, -0.101734, 0.056266, 0.096583, -0.006750, 0.031457, 0.034100, 0.075593, -0.022567, -0.056854, 0.025297, -0.045435, -0.033937, -0.049802, -0.104067, 0.019147, 0.014695, -0.150322, 0.011481, -0.007345, 0.012581, 0.035884, -0.014293, 0.095818, -0.087611, 0.024557, -0.033701, -0.052511, 0.057175, -0.100659, -0.016833, 0.062689]

=== CHUNK hdfc_equity_flexi_cap::15::4 ===
source_url: https://groww.in/mutual-funds/hdfc-equity-fund-direct-growth
scheme: HDFC Equity Fund - Direct Growth
category: flexi_cap
plan_variant: direct_growth
section: Fund house
fact_type: general
authority: page_text
is_atomic: false
char_len: 1199
source_fetched_at: 2026-09-28T13:12:28+00:00
content_hash: cad958f1f66fd2ceca7e17ed4f2aedd3daf62baaa15682c5fb78bfd9e04e4c5e
---
Fund house
Parag Parikh Flexi Cap Fund
HDFC Mid Cap Opportunities Fund
Motilal Oswal Nifty India Defence Index Fund
ICICI Prudential India Opportunities Fund
Kotak Small Cap Fund
Canara Robeco Bluechip Equity Fund
GrowwMF
Motilal Oswal
Aditya Birla
Axis
Bank of India
Bajaj Finserv
Helios
ITI
Trust
MF Knowledge Centre
Best Equity Mutual funds
Best Small Cap Mutual funds
Best Arbitrage Mutual funds
Motilal Oswal Midcap Fund
SBI Small Cap Fund
HDFC Small Cap Fund
Kotak Multicap Fund
ICICI Prudential Infrastructure Fund
Bandhan Nifty Alpha 50 Index Fund
SBI
Quant
Mirae Asset
DSP
Baroda BNP Paribas
Mahindra Manulife
Sundaram
Samco
Taurus
Mutual Fund Houses
Best Hybrid Mutual funds
Best ELSS Mutual funds
Best Dividend Yield Mutual funds
Nippon India Small Cap Fund
HDFC Flexi Cap Fund
Tata Small Cap Fund
Tata Ethical Fund
Mirae Asset ELSS Tax Saver Fund
Quant Infrastructure Fund
HDFC
PPFAS
UTI
Kotak Mahindra
Zerodha
Invesco
Navi
PGIM
Mutual Funds Categories
Best MidCap Mutual funds
Best Sectoral Mutual funds
Best Aggressive Hybrid Mutual funds
Quant Small Cap Fund
SBI Magnum Children's Benefit Fund
UTI Nifty 50 Index Fund
JM Flexicap Fund
HSBC Small Cap Fund
Franklin India Multi Cap Fund

embedding_dim: 384
embedding: [0.098578, -0.088360, -0.055595, 0.013018, 0.086361, 0.002088, 0.048250, 0.031050, 0.023756, 0.023962, -0.020849, -0.065524, -0.050222, -0.000925, 0.018088, -0.066438, 0.004660, -0.046436, 0.055964, 0.016575, -0.005667, -0.096651, 0.002170, -0.071416, 0.021746, -0.001683, -0.004666, 0.018978, -0.084518, -0.090604, -0.006798, 0.058049, 0.043080, -0.035065, -0.027358, 0.071883, -0.013084, 0.082551, 0.083157, -0.009914, -0.117285, -0.041484, 0.034822, -0.072675, 0.038935, -0.036144, -0.029869, 0.022196, 0.046738, 0.002401, -0.054805, 0.035382, -0.003844, -0.012487, -0.048141, 0.013800, -0.136880, -0.037443, -0.004706, 0.019457, -0.057590, 0.038832, 0.049242, 0.020686, 0.021844, 0.002762, -0.055627, 0.066317, 0.009586, 0.028158, 0.037085, -0.051930, -0.111246, -0.022307, -0.030677, 0.009534, 0.006515, 0.039258, 0.023193, -0.003586, -0.057733, -0.008604, 0.067559, 0.025076, -0.068200, 0.005736, 0.007987, 0.013400, -0.002974, 0.009650, 0.032094, 0.091980, 0.007041, 0.049469, 0.054212, -0.032009, -0.059131, -0.094053, -0.063649, 0.009217, 0.045238, -0.020560, 0.014702, -0.050072, -0.025934, -0.053993, 0.073809, -0.009460, 0.057854, -0.007591, -0.026228, 0.084630, -0.087463, -0.063040, -0.071700, -0.022491, -0.065526, -0.032259, 0.061309, 0.037825, -0.030919, 0.057288, -0.014226, -0.043994, 0.009714, 0.065216, -0.050202, 0.000000, -0.083365, 0.072884, 0.031834, -0.010387, -0.138225, -0.017802, 0.081867, -0.065375, -0.119108, -0.000240, 0.050899, 0.041414, -0.037962, -0.017942, 0.046767, -0.090865, 0.047774, 0.042006, -0.043914, -0.047700, 0.015453, 0.086736, 0.100415, -0.072662, 0.093501, -0.079425, 0.021556, -0.010379, 0.021507, 0.043355, 0.030417, -0.010126, -0.048826, -0.077652, -0.031967, 0.004775, -0.061473, -0.062170, -0.110174, -0.041023, 0.010297, 0.024113, -0.002382, -0.031762, -0.032684, 0.050600, 0.036203, 0.082096, -0.015194, -0.047692, -0.073211, -0.022268, -0.070148, -0.000441, 0.006140, 0.045197, -0.051401, 0.032179, -0.031261, 0.031802, -0.066772, -0.087337, -0.075784, -0.007575, -0.019658, 0.069955, 0.064805, -0.017643, 0.015092, 0.041911, -0.011174, -0.033039, 0.028219, 0.079296, 0.040099, -0.002756, -0.002127, 0.095662, 0.036120, 0.034684, 0.018697, 0.017794, -0.006186, -0.006747, 0.067715, 0.018147, 0.079694, 0.008996, -0.017087, 0.017562, 0.001447, -0.021716, 0.022862, -0.058080, -0.043787, -0.000000, 0.006428, -0.024690, 0.052813, 0.064868, 0.002340, 0.005716, 0.024283, -0.028356, 0.063005, 0.005614, -0.021431, 0.023221, -0.044191, -0.042785, -0.128787, -0.047170, 0.025505, -0.054010, 0.053130, -0.001658, -0.015733, 0.008908, 0.024630, 0.016346, 0.019505, 0.009161, -0.079142, 0.039023, -0.068685, 0.020723, -0.010924, -0.022963, -0.038367, 0.064930, -0.002935, -0.057084, -0.011596, -0.022536, -0.004217, 0.085228, -0.022439, -0.005190, 0.049016, -0.074760, -0.016244, -0.136205, -0.055594, 0.004979, 0.009338, -0.021477, -0.080002, -0.020106, -0.034588, -0.062408, -0.014822, 0.000521, -0.013136, 0.028284, -0.048939, -0.028638, 0.003458, 0.072146, -0.030709, 0.146666, 0.049743, -0.062221, -0.070042, -0.080973, -0.095022, -0.064842, -0.030059, -0.040444, 0.033737, 0.050239, 0.043823, 0.054774, 0.011681, -0.012566, 0.061094, -0.011131, 0.053425, -0.010379, -0.063820, 0.061687, 0.042200, 0.052513, 0.018187, -0.073034, 0.067167, 0.001591, 0.032809, -0.050467, 0.083896, 0.074854, -0.000720, -0.000000, 0.015945, -0.033212, -0.005250, 0.030408, -0.008805, -0.025245, -0.044282, -0.054013, 0.011469, -0.017684, 0.050410, 0.072896, -0.045905, -0.081476, -0.059213, -0.059804, -0.045300, 0.036068, 0.006143, -0.029464, 0.032016, 0.029991, 0.001459, 0.058277, 0.063297, -0.027175, -0.015557, -0.091800, -0.002534, 0.088354, 0.041520, -0.069607, 0.028136, -0.100916, 0.048427, 0.128548, 0.006889, 0.024659, 0.029326, 0.115936, 0.019281, -0.064494, 0.046061, -0.088079, -0.052715, -0.002789, -0.103340, 0.006303, 0.034070, -0.142625, -0.034390, -0.007816, -0.012136, 0.017828, -0.011802, 0.095365, -0.013175, 0.049561, -0.008646, -0.033123, 0.058959, -0.058656, -0.006100, 0.058628]

=== CHUNK hdfc_equity_flexi_cap::15::5 ===
source_url: https://groww.in/mutual-funds/hdfc-equity-fund-direct-growth
scheme: HDFC Equity Fund - Direct Growth
category: flexi_cap
plan_variant: direct_growth
section: Fund house
fact_type: general
authority: page_text
is_atomic: false
char_len: 1195
source_fetched_at: 2026-09-28T13:12:28+00:00
content_hash: cad958f1f66fd2ceca7e17ed4f2aedd3daf62baaa15682c5fb78bfd9e04e4c5e
---
Fund house
Quant Small Cap Fund
SBI Magnum Children's Benefit Fund
UTI Nifty 50 Index Fund
JM Flexicap Fund
HSBC Small Cap Fund
Franklin India Multi Cap Fund
ICICI Prudential
LIC
Canara Robeco
Whiteoak
Franklin Templeton
NJ
JM
360 One
International
Silver
Midcap
Liquid
Debt
Index
Bank Nifty
Nifty IT
Equity
Nifty 50
Nifty Metal
Nifty Auto
Commodity
Nifty Next 50
Healthcare
Groww
Gold
Sensex
Defence
Groww Arbitrage Fund
Groww ELSS Tax Saver Fund
Groww Banking & Financial Services Fund
Groww Gold ETF FOF
Groww Gold ETF
Groww Short Duration Fund
Groww Aggressive Hybrid Fund
Groww Nifty Smallcap 250 Index Fund
Groww Multicap Fund
Groww Nifty India Defence ETF
Groww Liquid Fund
Groww Dynamic Bond Fund
Groww Nifty Non Cyclical Consumer Index Fund
Groww Nifty India Railways PSU Index Fund
Groww Nifty India Railways ETF
Groww Large Cap Fund
Groww Overnight Fund
Groww Nifty EV & New Age Automotive ETF FoF
Groww Nifty 200 ETF FoF
Groww Value Fund
Groww Nifty Total Market Index Fund
Groww Nifty India Defence ETF FoF
Groww Silver ETF
SIP Calculator
Brokerage Calculator
RD Calculator
HRA Calculator
Home Loan EMI Calculator
Lumpsum Calculator
Margin Calculator
FD Calculator
Salary Calculator

embedding_dim: 384
embedding: [0.051713, -0.077529, -0.036914, 0.041034, 0.131220, 0.004552, 0.081761, 0.025447, -0.024852, -0.011812, -0.049803, -0.057360, -0.039325, -0.022175, -0.047777, -0.039185, -0.031570, -0.006632, -0.071172, 0.027989, 0.015842, -0.039558, -0.029020, -0.028575, -0.014274, 0.067523, -0.046104, -0.000997, -0.082138, -0.088286, -0.025209, 0.060597, 0.068577, 0.000753, -0.008034, 0.059298, 0.011269, 0.131394, 0.043571, -0.060007, -0.059315, -0.096793, 0.030397, -0.032350, 0.047133, -0.042225, -0.049961, -0.031632, 0.060631, 0.023707, -0.042741, 0.027166, 0.028700, 0.040166, -0.022396, 0.046752, -0.134846, -0.110163, -0.012674, 0.015724, -0.054534, 0.047199, 0.006744, 0.048110, 0.033852, 0.037261, -0.042702, 0.022410, -0.067931, 0.001466, 0.043823, -0.035056, -0.116459, 0.027664, 0.007369, 0.056305, 0.023471, 0.001816, 0.049215, -0.010824, -0.051903, -0.006833, 0.064479, -0.001883, -0.087477, -0.027117, 0.056923, -0.050784, -0.000983, -0.045350, 0.032469, 0.068727, 0.037219, 0.053213, 0.010709, -0.053151, -0.045175, -0.071344, -0.084623, 0.050143, 0.037154, 0.023862, 0.020602, -0.036373, -0.105334, -0.077185, 0.016566, 0.033370, 0.033646, -0.036627, -0.002061, 0.086243, -0.062789, -0.055819, -0.050716, -0.026963, -0.092116, -0.042123, 0.065998, 0.030066, -0.000803, 0.073932, -0.074357, 0.021732, -0.053191, 0.044272, -0.045486, 0.000000, -0.100245, 0.031247, 0.074254, -0.027311, -0.090000, -0.022471, 0.051189, -0.029470, -0.118176, 0.021947, 0.055227, 0.106268, -0.005775, -0.025969, 0.023418, -0.111165, -0.035642, 0.032864, -0.016082, 0.006475, 0.008132, 0.083251, 0.069496, -0.057473, 0.028048, -0.074806, -0.026300, -0.029558, 0.028208, 0.056531, -0.024708, 0.022985, -0.023871, -0.082201, -0.069671, 0.011064, 0.001392, -0.046876, -0.054173, -0.039009, -0.009004, 0.022722, 0.031838, -0.005929, -0.063075, 0.060026, 0.087368, 0.041513, -0.088068, 0.015116, -0.042390, -0.013717, -0.061580, 0.016116, -0.002337, 0.047265, -0.039947, 0.036517, 0.019430, -0.038522, -0.047903, -0.007423, -0.086412, -0.001757, -0.037951, 0.101900, 0.009578, -0.011909, 0.045741, 0.094653, 0.017883, -0.020313, 0.039763, 0.075661, 0.068232, 0.013341, 0.016330, 0.031234, 0.047191, -0.021359, -0.015992, 0.008165, -0.024840, 0.001134, 0.109416, -0.005060, 0.044985, -0.006064, 0.003344, -0.048033, -0.042785, -0.068043, 0.053801, -0.090792, -0.122692, -0.000000, 0.023951, -0.046588, 0.042301, 0.080274, 0.019553, -0.041308, 0.002683, -0.038661, 0.069632, 0.043720, 0.032373, 0.013656, -0.055238, -0.004786, -0.050071, -0.061371, 0.056933, 0.004831, 0.000626, -0.006531, -0.013644, 0.059429, -0.049607, 0.066268, -0.021830, 0.036499, -0.044028, 0.055417, -0.037899, -0.013156, -0.056564, -0.014994, -0.020429, 0.038090, -0.032093, -0.000395, -0.015777, -0.037318, -0.017012, 0.056631, -0.046754, -0.031159, 0.008339, -0.012086, -0.022624, -0.142300, -0.048756, 0.006706, 0.036093, 0.060683, -0.054960, 0.040608, -0.048657, -0.020088, -0.040297, 0.007332, 0.088402, -0.038088, -0.052813, -0.014936, -0.026110, 0.082197, -0.006522, 0.047153, 0.112675, -0.122879, -0.110765, -0.067003, -0.105219, -0.018895, -0.010911, -0.058398, -0.010507, 0.003820, 0.036216, 0.018490, 0.062640, -0.003451, 0.038380, 0.002866, 0.009404, -0.025239, 0.001899, 0.060752, -0.020213, 0.019515, 0.034982, -0.042699, 0.038129, 0.031493, 0.019332, -0.074735, 0.031401, 0.020718, -0.016691, -0.000000, -0.016995, 0.028686, -0.022215, 0.074151, 0.024850, -0.019818, -0.012658, -0.036619, -0.005879, -0.029867, 0.097285, 0.083151, -0.060915, -0.045283, -0.016647, -0.074451, -0.044236, 0.043578, -0.040212, -0.034256, 0.031890, 0.035899, 0.008941, 0.050667, 0.009952, -0.089906, 0.049084, -0.035875, -0.016630, 0.034547, -0.005128, -0.047217, -0.001298, -0.070312, 0.062172, 0.085104, -0.020891, 0.010635, 0.009411, 0.063399, -0.054127, -0.023361, 0.004259, -0.014558, -0.053429, -0.007451, -0.129781, 0.031974, 0.070809, -0.147208, -0.035894, -0.007416, -0.000823, -0.016423, -0.006826, 0.079119, -0.049686, 0.079619, -0.033668, -0.004558, 0.110696, -0.073087, 0.001654, 0.040685]

=== CHUNK hdfc_equity_flexi_cap::15::6 ===
source_url: https://groww.in/mutual-funds/hdfc-equity-fund-direct-growth
scheme: HDFC Equity Fund - Direct Growth
category: flexi_cap
plan_variant: direct_growth
section: Fund house
fact_type: general
authority: page_text
is_atomic: false
char_len: 1200
source_fetched_at: 2026-09-28T13:12:28+00:00
content_hash: cad958f1f66fd2ceca7e17ed4f2aedd3daf62baaa15682c5fb78bfd9e04e4c5e
---
Fund house
Brokerage Calculator
RD Calculator
HRA Calculator
Home Loan EMI Calculator
Lumpsum Calculator
Margin Calculator
FD Calculator
Salary Calculator
ROI Calculator
SWP Calculator
Stock Average Calculator
EPF Calculator
TDS Calculator
MF Calculator
SSY Calculator
Income Tax Calculator
EMI Calculator
Step-Up SIP Calculator
PPF Calculator
GST Calculator
Car Loan EMI Calculator
What is IPO?
How to Apply for an IPO
Open IPOs
What is Grey Market Premium?
Upcoming IPOs
Mainboard IPOs
Closed IPOs
SME IPOs
IPO Subscription Status
IPO Allotment Status
NFO
Pricing
Trust & Safety
Groww Digest
Intraday
Blog
Investor Relations
Invest in Gold
Corporate Bonds
Media & Press
Gold Rates
Invest in Silver
HUF Demat Account
Careers
Silver Rates
Sitemap
About Us
Help & Support
Glossary
NRI Demat Account
Show More
Others:
NSE
BSE
MCX
Terms and Conditions
Policies and Procedures
Regulatory & Other Info
Privacy Policy
Disclosure
SMART ODR
Download Forms
Information Security Practices
Investor Charter and Grievance
Bug Bounty
Groww Pay - Terms of use
Groww Pay - Privacy policy
Groww IFSC
Mutual Funds
:
A
B
C
D
E
F
G
H
I
J
K
L
M
N
O
P
Q
R
S
T
U
V
W
X
Y
Z
Others
Stocks
:
A
B
C
D
E
F
G
H
I
J
K
L
M
N
O
P
Q

embedding_dim: 384
embedding: [0.052271, -0.093321, 0.046854, -0.002182, 0.036956, 0.006682, 0.016271, 0.036888, -0.029742, 0.023828, -0.012199, -0.027457, -0.091483, -0.043229, 0.028552, -0.037473, 0.024915, -0.035280, -0.065816, -0.047654, 0.030477, -0.026378, -0.103236, -0.065053, 0.032791, -0.074037, 0.041367, 0.045034, -0.053526, -0.002249, -0.085346, 0.036701, 0.115045, 0.022695, -0.044231, -0.065798, 0.038320, 0.007124, -0.017116, -0.026044, 0.035134, -0.136763, -0.004916, -0.028270, 0.009156, 0.016204, -0.007806, 0.033921, 0.105212, -0.073833, -0.043877, 0.032774, 0.002399, 0.014258, -0.006061, -0.030800, -0.008031, -0.029491, 0.012391, -0.062694, -0.094632, 0.004058, 0.007646, 0.091894, 0.057152, 0.031984, -0.031399, 0.053398, -0.027507, 0.006308, -0.071891, -0.025337, -0.067805, -0.013859, -0.047370, 0.059490, -0.021367, 0.081102, 0.132635, -0.115483, 0.020799, -0.009561, -0.005621, 0.027611, -0.062071, 0.064364, 0.029708, 0.020026, 0.032031, 0.007092, 0.076394, 0.044057, -0.002102, -0.066566, 0.004397, 0.009952, -0.031472, -0.085653, -0.057309, -0.016052, -0.020640, 0.014303, -0.091500, -0.049978, -0.014924, 0.033856, 0.034081, 0.014306, 0.063470, 0.014301, -0.031678, -0.005138, -0.012337, -0.076748, -0.053266, 0.001095, -0.001599, 0.033703, 0.098300, 0.010113, -0.072993, 0.018669, -0.053228, -0.028105, 0.013765, 0.025062, -0.029243, 0.000000, -0.099701, 0.078771, 0.018910, -0.019914, -0.057846, 0.001427, 0.056863, 0.038598, -0.074295, 0.024440, 0.051281, 0.003025, -0.022490, 0.021271, 0.036676, -0.009271, 0.029170, 0.083376, -0.004235, 0.056801, 0.027632, -0.028519, 0.054144, -0.031498, 0.074335, 0.062218, -0.020652, -0.025533, -0.019866, 0.019082, 0.071096, 0.047690, -0.022865, -0.033363, -0.075806, -0.058439, 0.022501, -0.053235, -0.013022, -0.054941, -0.093641, -0.025209, -0.066457, -0.017831, -0.044010, -0.025523, -0.011218, -0.014205, 0.131703, 0.059969, -0.096447, 0.007630, -0.026524, -0.021774, 0.022883, -0.033422, -0.001185, -0.058215, -0.015698, -0.052345, -0.091199, 0.015599, -0.081967, -0.072680, -0.116622, 0.048111, -0.059893, -0.026819, 0.021962, 0.097473, 0.044995, -0.049273, 0.058187, 0.034365, 0.053700, -0.004546, 0.007055, -0.005649, 0.031371, 0.027378, -0.005325, 0.079775, 0.046901, 0.051915, 0.092454, 0.003067, 0.068047, 0.074602, 0.020347, 0.023138, 0.009088, -0.031863, -0.070191, 0.037952, -0.037289, -0.000000, -0.009417, 0.044647, -0.037350, 0.011423, -0.007771, -0.005813, -0.000076, -0.074219, 0.160639, -0.050992, -0.048969, 0.034090, 0.057687, -0.044243, -0.073929, -0.092756, -0.107446, -0.035520, 0.019945, 0.003294, -0.024121, -0.014828, 0.006112, 0.031147, 0.068591, -0.062813, -0.039433, 0.122699, -0.026254, -0.011764, -0.012366, -0.043376, -0.050469, 0.047625, -0.005896, -0.003099, 0.083605, 0.074190, -0.021210, 0.022023, 0.023934, -0.068682, 0.044474, -0.033919, -0.025352, -0.025722, -0.039909, 0.039576, -0.005523, 0.018683, 0.015790, 0.029923, -0.016161, 0.077842, -0.000887, 0.070809, 0.076437, 0.013853, -0.112343, 0.049108, -0.018355, 0.026483, 0.037914, 0.116388, -0.013807, -0.101084, -0.010399, -0.061091, -0.049263, -0.123048, -0.015143, -0.035710, 0.032672, -0.010900, 0.013117, 0.042775, 0.064746, -0.030506, -0.014263, 0.044607, -0.020378, 0.086042, -0.075969, -0.025691, -0.006558, 0.046681, 0.062201, -0.034228, 0.043454, 0.006238, -0.115752, -0.023871, -0.055267, 0.055353, -0.026305, -0.000000, -0.009438, 0.010986, 0.077879, 0.000401, 0.032021, -0.055715, 0.019905, -0.037337, -0.026181, -0.020797, 0.074673, 0.016597, -0.048102, -0.081225, 0.006828, -0.039503, -0.041187, 0.025177, -0.040585, 0.023266, 0.017110, -0.065787, -0.007311, 0.037103, 0.008116, -0.023302, 0.002363, -0.051568, -0.079988, 0.064214, 0.010761, -0.020960, 0.054194, -0.035622, 0.042958, 0.097628, -0.054335, 0.038288, 0.043865, 0.035414, -0.054194, -0.105710, 0.002519, -0.075877, 0.047571, 0.033342, -0.129731, -0.019707, 0.013264, -0.119974, 0.041240, -0.025764, -0.013948, -0.037850, 0.027056, -0.002331, -0.006849, 0.001308, 0.067631, 0.025310, 0.108204, -0.033982, -0.076600, -0.021072]

=== CHUNK hdfc_equity_flexi_cap::15::7 ===
source_url: https://groww.in/mutual-funds/hdfc-equity-fund-direct-growth
scheme: HDFC Equity Fund - Direct Growth
category: flexi_cap
plan_variant: direct_growth
section: Fund house
fact_type: general
authority: page_text
is_atomic: false
char_len: 163
source_fetched_at: 2026-09-28T13:12:28+00:00
content_hash: cad958f1f66fd2ceca7e17ed4f2aedd3daf62baaa15682c5fb78bfd9e04e4c5e
---
Fund house
Groww IFSC
Mutual Funds
:
A
B
C
D
E
F
G
H
I
J
K
L
M
N
O
P
Q
R
S
T
U
V
W
X
Y
Z
Others
Stocks
:
A
B
C
D
E
F
G
H
I
J
K
L
M
N
O
P
Q
R
S
T
U
V
W
X
Y
Z
Others

embedding_dim: 384
embedding: [0.004490, -0.038058, -0.056507, -0.028956, 0.103748, 0.048657, 0.059508, -0.033759, -0.055364, 0.065655, -0.005863, -0.005644, -0.045154, 0.027858, -0.059091, 0.034246, -0.027776, -0.054798, -0.051668, 0.017413, 0.008593, -0.108309, -0.000466, 0.035553, 0.053263, 0.001849, 0.027504, 0.089550, -0.009203, -0.099062, -0.003632, 0.037905, 0.011977, 0.001675, 0.002520, 0.057220, -0.008331, -0.003079, -0.035678, 0.042249, -0.012004, -0.011143, 0.043759, 0.060026, -0.010657, 0.040603, -0.068855, 0.055451, -0.016327, -0.010649, 0.000361, -0.021309, -0.056401, 0.010899, -0.030651, 0.082224, -0.107154, -0.007752, 0.030043, -0.000039, 0.020751, -0.030236, 0.013266, -0.000003, 0.088316, 0.000782, -0.093108, 0.115409, -0.021960, 0.026158, -0.002661, -0.005631, -0.075003, -0.027929, -0.012788, 0.059541, 0.056649, -0.023891, 0.046932, -0.060650, -0.068762, 0.018898, 0.025422, -0.003962, -0.018186, 0.001083, -0.049201, -0.054212, 0.012269, 0.004735, 0.055093, -0.012459, -0.026156, 0.015080, -0.053863, -0.004987, -0.107108, -0.156422, -0.062161, 0.050149, 0.011973, -0.047656, 0.020951, -0.040744, -0.047606, -0.038107, 0.002595, 0.052041, 0.062883, 0.012377, -0.063668, 0.109279, -0.019741, 0.006667, -0.093860, 0.033076, -0.048299, -0.068633, 0.048016, -0.089108, 0.007404, 0.019331, -0.043391, -0.020237, -0.073958, -0.049307, -0.102510, 0.000000, -0.099660, 0.007653, -0.037120, 0.021305, -0.061154, -0.001832, 0.032013, -0.054603, -0.114110, -0.101897, 0.041353, 0.080248, -0.006311, 0.033757, 0.024955, -0.154899, 0.033751, 0.104435, -0.012909, -0.032227, 0.027608, 0.096781, -0.020705, -0.028747, 0.094379, -0.136893, 0.014906, -0.009281, 0.020677, 0.018931, 0.034303, -0.021125, -0.041050, -0.061552, -0.012239, 0.060612, -0.056774, 0.004399, -0.046064, -0.040666, 0.003760, 0.035269, -0.001938, -0.022262, -0.030485, 0.059528, 0.048611, 0.051761, -0.035848, -0.066352, 0.038304, -0.022721, -0.012460, -0.034696, 0.077630, -0.015888, -0.058637, -0.027289, 0.039803, -0.018346, -0.009858, 0.005473, -0.067727, 0.036841, -0.098446, 0.012050, 0.027341, -0.015391, 0.021217, 0.117220, -0.004743, 0.003274, 0.076615, 0.019358, -0.005892, -0.041129, -0.046833, 0.083122, -0.011274, -0.037790, -0.008644, 0.042998, -0.037690, 0.065451, 0.028531, -0.069320, 0.042265, -0.062999, -0.036219, -0.002780, 0.025766, -0.058625, 0.125201, -0.031677, -0.023657, -0.000000, -0.051439, 0.035613, 0.062927, 0.031428, -0.012997, 0.034985, 0.044451, -0.069196, 0.087964, 0.012315, 0.024301, 0.043201, -0.008347, -0.012818, -0.074808, -0.086900, 0.097784, -0.009762, 0.045228, -0.015853, 0.031912, 0.028912, 0.005629, 0.014359, 0.030185, -0.007648, -0.045243, 0.099771, -0.067127, 0.095312, -0.031707, -0.060336, -0.047989, 0.030896, 0.043149, -0.001589, -0.036651, -0.037758, -0.068285, 0.018844, 0.023287, -0.003460, 0.009971, -0.017564, -0.023969, -0.028477, -0.036008, -0.007615, 0.050897, 0.022869, -0.055716, 0.014958, -0.006046, -0.008653, -0.090695, 0.046690, 0.031631, 0.055676, -0.058980, 0.041001, -0.026676, -0.020108, 0.002556, 0.010855, -0.080282, -0.067605, -0.090482, -0.049573, 0.024865, -0.032966, 0.029324, 0.013696, -0.018059, 0.022885, -0.038212, 0.007790, 0.108808, 0.014128, -0.040919, 0.058939, -0.030785, 0.055030, 0.027234, 0.100119, -0.000972, 0.011736, 0.050852, -0.040879, -0.005912, 0.075104, -0.015700, -0.073851, 0.103139, 0.001031, 0.000420, -0.000000, -0.035973, -0.053416, 0.061753, 0.020113, -0.049978, -0.083726, 0.061730, -0.083145, 0.036129, 0.097252, 0.063767, 0.138584, -0.060536, 0.014024, -0.043957, -0.044498, -0.058061, 0.015980, -0.032462, 0.011551, 0.033360, 0.047109, 0.017169, 0.098982, 0.003478, -0.010486, 0.018089, -0.087814, 0.023364, 0.063515, 0.062633, 0.007120, -0.015045, 0.036569, -0.023158, 0.062113, -0.056541, 0.112558, -0.015368, 0.066736, 0.008817, -0.081664, 0.036531, 0.012705, -0.045453, -0.019575, -0.083101, -0.019217, -0.001444, -0.102326, -0.008243, -0.027396, -0.043797, -0.040881, 0.067039, 0.045540, -0.026968, 0.051576, -0.072734, -0.069099, 0.021786, -0.073661, 0.033366, 0.021212]

=== CHUNK hdfc_elss_tax_saver::0::0 ===
source_url: https://groww.in/mutual-funds/hdfc-elss-tax-saver-fund-direct-plan-growth
scheme: HDFC ELSS Tax Saver Fund - Direct Plan - Growth
category: elss
plan_variant: direct_growth
section: Scheme facts (as published on the scheme page)
fact_type: expense_ratio
authority: scheme_facts
is_atomic: true
char_len: 19
source_fetched_at: 2026-09-28T13:12:28+00:00
content_hash: 5611a80d32673e91f717935f5b19079262391dec24ce690985075f3fcfa5d62b
---
Expense ratio: 1.21

embedding_dim: 384
embedding: [0.067111, 0.041310, -0.009120, 0.098926, 0.049472, -0.043452, 0.039119, 0.008239, 0.008963, 0.005845, 0.034260, -0.050188, -0.034678, 0.052498, -0.095187, -0.056125, -0.012802, -0.065002, -0.057927, 0.039328, -0.029715, 0.008681, 0.035187, 0.053800, 0.120945, -0.028141, 0.001729, -0.006258, 0.007649, -0.020568, 0.059605, 0.032023, 0.039578, -0.060732, 0.061560, -0.054547, -0.009704, -0.027198, 0.024646, 0.047948, -0.079854, 0.009301, -0.031119, 0.001697, -0.053860, -0.066460, -0.103927, 0.069043, 0.030950, 0.127063, 0.026853, 0.024030, -0.015306, -0.066759, 0.035686, -0.017918, -0.055994, -0.057654, -0.055024, -0.075546, -0.053935, -0.030214, 0.013950, 0.008979, 0.008088, -0.041662, 0.011124, -0.009802, -0.151895, -0.003106, -0.061878, -0.067720, -0.049843, -0.032565, 0.003031, 0.068391, 0.063902, 0.022479, 0.047449, -0.059790, 0.036992, 0.006895, 0.026399, 0.006108, 0.022947, -0.064545, 0.105067, -0.010288, 0.064181, -0.003045, 0.056808, -0.051488, 0.009848, 0.018661, 0.012052, 0.021619, -0.059100, 0.038132, 0.007004, 0.008907, 0.048735, 0.065920, 0.061355, -0.003780, -0.086173, 0.001931, 0.128974, 0.078092, 0.092642, 0.006259, 0.037142, 0.006072, 0.007403, 0.006461, -0.004641, 0.019887, -0.014938, 0.001943, 0.105435, 0.043887, 0.074221, 0.040709, 0.009650, 0.027506, -0.121906, -0.099986, -0.088993, -0.000000, -0.071479, 0.016140, 0.005009, -0.037371, -0.058435, 0.003945, 0.010466, 0.039388, -0.025278, 0.009202, -0.057391, 0.054401, -0.062709, -0.069675, 0.050811, -0.033434, -0.020047, 0.108828, 0.051016, -0.054668, -0.042180, -0.015458, 0.002418, -0.021690, 0.036036, -0.040941, -0.044658, -0.007181, 0.032823, -0.021792, -0.015492, -0.000401, 0.020980, -0.032132, -0.069922, -0.020109, -0.024224, 0.037023, 0.038570, -0.016867, -0.092870, 0.027693, 0.015213, -0.073266, 0.023253, 0.011631, 0.151459, 0.049189, -0.040083, 0.050560, -0.092283, 0.013310, -0.082560, -0.025392, 0.007323, -0.012694, 0.023763, -0.014418, -0.010407, 0.021963, 0.026913, 0.019425, 0.005932, -0.089490, -0.050145, 0.021951, 0.010725, 0.010433, 0.031249, 0.039326, -0.075038, 0.005024, 0.010114, 0.030016, -0.017285, 0.008933, 0.032218, -0.017796, -0.008843, -0.017856, -0.145483, 0.038291, 0.001574, -0.024718, -0.056463, 0.014186, 0.080111, 0.043838, 0.001792, 0.021816, 0.079840, -0.081863, -0.037292, -0.018399, 0.015470, 0.000000, -0.009852, 0.074165, 0.052152, -0.047931, -0.015349, -0.009308, 0.044047, 0.011372, 0.001010, 0.004744, -0.052466, 0.066671, -0.056521, -0.000387, 0.018179, -0.047258, 0.027822, -0.015286, -0.011691, -0.050959, -0.032569, 0.088364, 0.106029, 0.043216, -0.079457, 0.063287, -0.019959, -0.031788, 0.031312, 0.042065, -0.040025, -0.057948, 0.045610, 0.024841, 0.002956, -0.078410, -0.075698, 0.020032, 0.054809, -0.021006, 0.066063, -0.028855, 0.052328, -0.014176, 0.080323, -0.045617, 0.023795, -0.140182, 0.061123, -0.094365, -0.022872, -0.007014, -0.000416, -0.002883, -0.114881, 0.096026, 0.020625, 0.031941, -0.003895, 0.002810, 0.055871, 0.070497, -0.011431, 0.025422, -0.021032, 0.006388, 0.011235, -0.017006, 0.083945, 0.038569, -0.025913, -0.000749, 0.049100, -0.023034, 0.001413, -0.003126, 0.057490, 0.033258, 0.081662, -0.033152, 0.016031, 0.036480, -0.042891, -0.029078, -0.071866, -0.102738, 0.034251, -0.048313, -0.080812, 0.087884, -0.082034, -0.007615, -0.002938, 0.017790, -0.028819, -0.000000, -0.008520, -0.034986, 0.009666, 0.037509, 0.038499, -0.053943, -0.043045, 0.059116, 0.016726, 0.159815, 0.011410, -0.053952, -0.043548, 0.063992, -0.069453, -0.036132, -0.056045, 0.041650, -0.012471, -0.080427, 0.042820, 0.058484, -0.059732, -0.023537, -0.001175, -0.001950, -0.035121, 0.150191, -0.039393, -0.072843, 0.051977, 0.014943, 0.023621, -0.002127, 0.034792, -0.013906, -0.045160, 0.032355, 0.063170, 0.098152, -0.023364, -0.068064, 0.048399, -0.022509, 0.037914, -0.000906, -0.124016, -0.005084, -0.011527, -0.093575, 0.033149, 0.012073, 0.035793, 0.009943, 0.035214, -0.001948, -0.028513, 0.035783, -0.093604, 0.041502, 0.070365, -0.079469, -0.061069, -0.013172]

=== CHUNK hdfc_elss_tax_saver::0::1 ===
source_url: https://groww.in/mutual-funds/hdfc-elss-tax-saver-fund-direct-plan-growth
scheme: HDFC ELSS Tax Saver Fund - Direct Plan - Growth
category: elss
plan_variant: direct_growth
section: Scheme facts (as published on the scheme page)
fact_type: min_sip
authority: scheme_facts
is_atomic: true
char_len: 33
source_fetched_at: 2026-09-28T13:12:28+00:00
content_hash: 5611a80d32673e91f717935f5b19079262391dec24ce690985075f3fcfa5d62b
---
Minimum SIP investment (INR): 500

embedding_dim: 384
embedding: [0.017833, -0.001253, -0.067123, -0.057820, -0.049074, -0.044848, 0.046193, 0.084568, -0.023452, 0.002692, -0.017962, -0.058143, -0.027756, 0.038663, -0.014748, -0.016943, 0.009343, -0.141557, -0.025098, -0.015313, 0.002652, -0.034099, -0.015281, -0.010041, 0.064299, -0.021571, 0.021680, 0.037313, 0.045189, -0.007488, 0.095458, 0.144372, 0.116719, -0.078858, 0.050413, 0.059864, -0.003895, -0.001160, 0.028878, -0.024207, 0.029064, -0.030580, -0.029888, 0.010317, -0.011166, -0.034753, -0.041813, 0.113125, 0.045200, 0.017808, -0.012050, 0.037052, 0.034523, -0.048680, -0.080958, -0.058311, -0.035384, 0.049015, 0.004366, 0.036047, 0.001043, 0.030674, 0.033079, 0.017264, -0.031391, 0.001838, -0.007097, 0.010083, -0.071930, 0.000240, 0.015760, -0.084917, -0.073656, -0.026170, -0.016214, 0.003347, 0.027265, 0.040006, -0.012158, 0.035609, 0.019071, -0.023376, -0.069800, -0.056055, -0.034089, -0.026436, 0.005397, -0.035648, 0.057134, -0.011881, 0.014026, 0.037872, -0.017882, 0.008221, -0.014778, 0.038339, -0.048925, -0.077332, -0.022060, 0.034600, 0.021542, -0.024561, -0.066869, -0.079787, -0.003172, -0.054395, 0.078216, -0.024933, 0.081256, 0.035802, -0.057082, 0.039601, 0.095997, -0.014311, -0.015384, 0.023689, -0.058800, -0.033033, 0.170842, 0.053959, -0.027767, 0.052698, -0.023734, -0.023270, -0.066038, -0.002124, -0.054713, -0.000000, -0.047487, 0.027793, -0.014485, 0.026894, -0.091679, 0.004936, 0.092807, -0.006876, -0.088792, -0.112450, 0.012580, -0.061963, -0.019358, 0.028321, 0.054554, -0.070146, 0.028088, 0.063893, 0.006510, -0.037416, -0.041163, -0.068016, -0.001902, -0.004506, 0.126046, 0.053255, -0.013912, -0.118051, 0.160495, 0.022357, 0.081910, 0.045418, -0.018646, -0.003214, -0.059177, 0.061059, 0.018081, -0.000267, -0.047149, -0.026969, -0.104489, 0.086154, -0.011611, -0.005213, -0.051623, 0.063899, 0.009065, 0.025942, -0.055606, -0.012470, -0.066645, -0.020121, -0.111638, 0.062049, 0.010315, -0.056055, -0.010132, -0.038736, -0.037469, -0.045259, -0.056263, -0.029711, -0.087229, 0.036309, -0.013234, 0.019441, -0.008922, -0.026427, 0.045978, 0.022194, -0.043766, -0.001080, 0.052596, 0.000318, -0.009606, 0.032387, 0.061611, 0.034868, 0.023796, 0.068343, -0.023021, 0.030281, 0.022464, 0.021003, 0.039540, 0.033335, 0.104916, 0.044803, -0.009316, 0.039187, -0.005189, -0.022923, -0.016747, 0.001018, 0.043142, 0.000000, -0.022134, 0.051264, 0.100584, 0.026421, -0.003576, 0.011934, 0.105053, 0.025968, 0.073963, -0.032141, -0.055520, 0.024511, 0.110478, 0.044078, -0.077824, -0.044676, 0.015279, -0.015785, 0.041027, -0.019228, 0.048017, 0.002076, 0.065060, 0.096627, -0.035112, 0.029654, -0.108072, -0.011736, -0.055002, -0.036715, -0.034202, 0.004886, -0.081166, 0.028369, -0.023856, -0.037659, 0.021728, 0.022319, -0.061164, 0.038460, 0.080336, -0.005107, -0.004344, -0.066722, 0.018678, -0.104463, 0.035046, -0.050257, 0.012573, -0.098088, -0.022389, -0.038666, 0.051273, 0.117903, 0.027992, -0.021206, 0.078397, -0.030663, -0.033018, -0.022066, 0.031613, 0.087432, -0.041602, 0.056363, -0.025818, -0.038110, 0.026192, -0.027992, 0.075553, -0.127067, -0.000295, -0.050978, 0.106745, 0.051208, -0.001531, 0.041572, -0.040140, -0.058912, 0.045850, 0.020013, -0.122190, 0.137830, -0.027963, -0.002329, 0.102526, -0.038362, 0.071763, -0.118859, 0.034482, 0.010289, -0.097771, 0.034993, 0.060616, -0.026774, -0.019613, -0.000000, -0.031402, -0.013801, 0.014869, 0.034665, 0.020243, -0.054225, -0.002398, -0.016999, -0.004122, 0.030417, 0.079313, -0.020458, -0.028094, 0.020990, -0.013981, -0.051324, 0.010782, 0.046583, -0.015841, -0.051955, 0.016419, 0.043452, 0.015354, -0.020442, -0.024600, 0.010938, 0.025049, 0.020565, 0.023326, -0.002098, -0.036706, 0.046636, 0.032087, 0.014955, -0.057494, 0.041969, -0.006124, 0.049492, -0.046133, 0.069538, 0.006630, -0.125844, -0.040643, -0.068338, -0.012911, 0.039960, -0.078837, -0.017890, 0.031948, -0.054171, 0.060702, 0.065757, 0.031137, 0.031981, 0.042413, -0.015950, -0.046748, 0.037010, -0.067162, -0.055097, -0.011396, -0.009256, -0.035834, 0.049666]

=== CHUNK hdfc_elss_tax_saver::0::2 ===
source_url: https://groww.in/mutual-funds/hdfc-elss-tax-saver-fund-direct-plan-growth
scheme: HDFC ELSS Tax Saver Fund - Direct Plan - Growth
category: elss
plan_variant: direct_growth
section: Scheme facts (as published on the scheme page)
fact_type: min_sip
authority: scheme_facts
is_atomic: true
char_len: 36
source_fetched_at: 2026-09-28T13:12:28+00:00
content_hash: 5611a80d32673e91f717935f5b19079262391dec24ce690985075f3fcfa5d62b
---
Minimum investment amount (INR): 500

embedding_dim: 384
embedding: [0.030192, 0.052778, -0.075351, -0.040605, -0.028763, -0.025986, 0.001368, 0.094443, -0.017795, 0.055100, -0.024743, -0.074360, 0.020454, 0.005357, -0.079003, 0.016025, 0.016018, -0.047619, -0.067378, 0.024933, 0.000301, -0.033344, -0.045398, 0.003453, 0.052873, -0.051078, 0.044920, 0.060131, 0.029032, 0.020821, 0.049749, 0.078882, 0.046691, -0.023433, 0.029915, 0.094609, -0.011737, -0.020206, 0.027197, -0.053152, -0.003573, 0.038093, 0.009136, 0.002263, -0.003208, 0.018396, -0.024128, 0.047117, 0.050705, 0.001553, -0.025537, 0.073570, 0.002283, -0.033799, -0.109007, -0.079759, -0.041744, -0.005800, 0.002530, -0.007281, 0.035583, -0.001285, 0.105213, -0.004551, -0.005440, -0.002013, 0.013009, -0.022058, -0.141088, 0.031119, 0.030758, -0.043903, -0.141149, 0.024729, -0.021012, -0.009922, -0.010428, 0.068864, -0.006518, 0.000073, 0.023360, 0.004505, -0.082355, -0.073409, -0.040959, 0.006172, 0.038297, 0.015839, 0.094647, 0.046848, 0.080332, 0.012608, -0.023025, 0.016548, -0.022630, -0.000600, -0.009870, -0.010998, -0.038407, 0.035578, 0.054981, -0.115517, 0.002539, -0.043173, -0.028759, -0.052445, 0.105811, -0.031387, 0.026392, -0.006965, -0.032413, -0.006168, 0.067122, -0.035644, 0.006318, 0.036746, -0.013873, -0.012112, 0.111073, 0.064258, 0.060569, 0.022755, -0.040582, -0.013726, -0.077008, -0.042488, -0.051451, -0.000000, -0.021524, 0.023792, 0.034908, 0.019533, -0.088997, 0.004704, 0.106024, 0.019389, -0.095822, -0.093412, 0.024436, -0.023414, -0.021135, 0.015832, 0.032409, -0.053194, 0.045797, 0.038631, 0.059830, -0.060253, -0.040281, -0.084210, 0.011586, 0.004657, 0.032799, 0.073901, -0.014436, -0.116312, 0.074556, -0.005442, 0.101468, 0.047285, 0.012311, -0.052181, -0.013513, 0.029908, 0.063982, 0.022310, -0.017223, -0.005810, -0.059643, 0.080736, -0.031912, 0.043222, -0.022051, 0.093221, 0.107349, 0.075905, -0.080788, -0.013761, -0.052298, -0.039117, -0.080435, 0.013087, -0.011638, 0.008008, -0.013827, -0.068495, -0.073715, -0.032292, -0.066818, 0.000903, -0.013302, 0.070696, -0.054998, 0.018011, 0.029211, -0.002671, -0.002420, 0.057023, -0.065682, -0.051257, 0.073369, -0.013089, 0.037909, 0.021327, 0.065658, 0.015386, 0.007288, -0.009435, -0.008098, 0.005112, -0.021666, 0.047411, -0.049138, 0.057600, 0.107896, 0.112808, 0.009606, -0.034181, 0.031247, -0.056444, -0.022720, -0.007019, 0.052417, 0.000000, -0.026985, 0.012208, 0.125424, 0.026448, -0.015553, 0.046151, 0.077891, 0.011671, 0.073122, 0.052518, 0.015643, -0.036583, 0.069121, 0.019962, -0.068890, -0.063623, -0.008890, -0.011876, 0.027570, -0.014057, 0.081141, -0.000938, 0.055824, 0.093822, -0.021010, 0.046876, -0.085962, 0.012867, -0.065691, -0.026270, -0.054446, -0.012436, -0.017688, -0.005768, -0.023175, -0.044511, 0.041857, -0.031553, -0.104870, 0.052854, 0.066405, 0.067218, 0.023097, 0.002627, -0.021785, -0.109040, 0.043655, -0.012107, 0.080902, -0.047452, -0.061727, -0.061229, 0.037633, 0.049547, 0.033113, 0.029243, 0.036626, -0.007367, -0.049858, 0.024571, -0.054540, 0.062902, -0.038913, 0.065518, -0.037088, -0.033513, -0.004128, -0.022847, 0.042448, -0.114641, -0.001814, -0.049721, 0.133950, -0.024171, -0.006013, 0.054568, 0.027291, -0.084001, 0.074866, 0.050804, -0.107787, 0.083528, -0.008136, -0.039873, 0.046099, -0.027032, -0.023778, -0.024176, 0.008290, 0.025214, -0.094601, 0.083582, 0.129394, -0.052577, -0.102599, -0.000000, -0.050634, -0.038682, 0.012796, -0.016177, 0.023745, -0.034408, 0.038943, -0.013126, 0.007835, 0.046252, 0.066668, -0.035068, -0.070206, 0.016034, -0.046045, -0.050627, -0.012898, 0.007509, 0.008626, -0.033968, 0.016812, 0.023788, 0.044826, -0.074647, 0.022610, -0.040064, 0.022722, 0.034860, -0.023486, 0.037351, -0.052554, 0.013573, 0.033310, 0.003755, -0.047743, 0.045273, 0.003174, 0.096870, -0.030099, 0.010357, -0.024079, -0.127370, 0.005896, -0.069512, -0.034134, 0.058038, -0.081577, -0.077026, 0.064998, -0.096681, 0.023215, 0.012951, -0.005263, 0.024080, -0.020751, 0.017294, -0.025359, 0.055655, -0.126422, -0.081857, -0.034798, -0.019280, -0.021362, 0.021040]

=== CHUNK hdfc_elss_tax_saver::0::3 ===
source_url: https://groww.in/mutual-funds/hdfc-elss-tax-saver-fund-direct-plan-growth
scheme: HDFC ELSS Tax Saver Fund - Direct Plan - Growth
category: elss
plan_variant: direct_growth
section: Scheme facts (as published on the scheme page)
fact_type: exit_load
authority: scheme_facts
is_atomic: true
char_len: 14
source_fetched_at: 2026-09-28T13:12:28+00:00
content_hash: 5611a80d32673e91f717935f5b19079262391dec24ce690985075f3fcfa5d62b
---
Exit load: Nil

embedding_dim: 384
embedding: [-0.017420, 0.029790, -0.023733, 0.029370, 0.004310, -0.062004, 0.051692, -0.037824, 0.038741, -0.002896, -0.034462, -0.039657, -0.090203, -0.020847, -0.043414, 0.038705, -0.000134, -0.039273, -0.050757, 0.006673, -0.029367, 0.072130, -0.059425, -0.028343, -0.120062, 0.011102, -0.060549, -0.015632, 0.040347, -0.099667, 0.034165, -0.010699, -0.114165, -0.027316, 0.075683, 0.050031, -0.038938, -0.056927, -0.026922, -0.043283, 0.040669, -0.021552, -0.058797, 0.068113, 0.007953, 0.088186, -0.047156, -0.023790, 0.055404, 0.013918, -0.013799, 0.002163, 0.055308, 0.068981, 0.076468, 0.013959, 0.051320, -0.056182, 0.017289, 0.083609, 0.046824, 0.052254, -0.067079, -0.016989, 0.108732, 0.059266, 0.035892, -0.125913, -0.054563, -0.019094, 0.018148, -0.071157, -0.041521, 0.029010, -0.005540, -0.014262, 0.048326, -0.082718, -0.015921, -0.060079, -0.023050, 0.042817, 0.035867, 0.033430, 0.043102, 0.043454, -0.006794, -0.031605, 0.102417, 0.052911, -0.070306, 0.050285, 0.014581, 0.094797, 0.040058, -0.015559, -0.027227, -0.036407, -0.110644, 0.066448, 0.039373, 0.011475, 0.058968, 0.034301, -0.071183, -0.051633, 0.017306, 0.015741, 0.024512, 0.002696, 0.026530, -0.023281, 0.012505, -0.027970, 0.090900, -0.040578, -0.074042, 0.086740, 0.002991, 0.020969, 0.059705, 0.020737, -0.101842, 0.034446, -0.024497, -0.019022, 0.093981, -0.000000, 0.003879, -0.122894, -0.030984, 0.088812, 0.005635, -0.006266, -0.010311, -0.037391, -0.046418, -0.021498, 0.051943, -0.022271, -0.056623, -0.039350, 0.090837, -0.011411, 0.079022, 0.009855, 0.018944, 0.014156, 0.053020, -0.037408, -0.064279, -0.037373, -0.003486, 0.146907, -0.062399, -0.063604, 0.035816, 0.027390, 0.077540, -0.069831, 0.014945, -0.021141, -0.017636, -0.057255, 0.023073, 0.049145, -0.060137, -0.058088, -0.085118, 0.057098, -0.056995, 0.025222, -0.055677, -0.088564, 0.017591, 0.022660, -0.047757, -0.045008, -0.034377, -0.025804, -0.002649, 0.066107, 0.007418, 0.006057, -0.075213, 0.028770, 0.046255, -0.031904, 0.031652, 0.009104, -0.047715, 0.036584, 0.032673, -0.048249, -0.031636, -0.041537, 0.001475, 0.068936, -0.093865, -0.023710, 0.097523, 0.014312, 0.001904, -0.042300, -0.072692, -0.039686, 0.037184, 0.055464, 0.065116, -0.003180, -0.052979, -0.091327, 0.045908, -0.016043, -0.013199, -0.126629, -0.050558, 0.025310, -0.017223, -0.039226, -0.009032, -0.040180, -0.059415, -0.000000, 0.025616, -0.033857, -0.071801, 0.038910, -0.010842, 0.008444, -0.012702, -0.018938, -0.028574, 0.086340, 0.081525, 0.008878, -0.023765, 0.134295, 0.074792, -0.022702, -0.029937, -0.016822, -0.001688, 0.051055, -0.006853, -0.006640, -0.048044, 0.019319, -0.017074, 0.001072, -0.027272, 0.055444, -0.059037, -0.052628, 0.069449, 0.045434, -0.017327, 0.046644, -0.011245, 0.072806, 0.025081, 0.040422, -0.051655, -0.038917, 0.090951, 0.098923, 0.008092, 0.036618, -0.071533, 0.001514, -0.042637, 0.032600, 0.002908, 0.022879, 0.059841, -0.006450, 0.006724, 0.002649, -0.011866, -0.024488, 0.045696, 0.041373, -0.004624, -0.046727, 0.005813, -0.028248, 0.005090, -0.091886, 0.002491, -0.071152, -0.026553, 0.112501, 0.064624, -0.041934, -0.032496, 0.088240, 0.072841, -0.047920, -0.059574, 0.007533, 0.055188, -0.102292, -0.003478, 0.003035, 0.006311, -0.017339, -0.050321, 0.041525, 0.054834, 0.006065, 0.025853, 0.086470, 0.033864, 0.003191, 0.010539, 0.033134, 0.014601, 0.039362, -0.078798, -0.000000, -0.057982, -0.001785, 0.071385, 0.010043, 0.105511, -0.000294, 0.048046, 0.024308, 0.003114, 0.052786, 0.088094, 0.037332, -0.002336, 0.027791, -0.016300, 0.006298, 0.046267, -0.027412, 0.044237, -0.071753, -0.058662, -0.017778, -0.035216, 0.013614, -0.040844, -0.043404, 0.045054, -0.037112, -0.072037, -0.068238, -0.002911, 0.064758, 0.004977, -0.015784, -0.016962, 0.169422, 0.048189, 0.072400, 0.019483, 0.004743, -0.028941, 0.044718, 0.021948, -0.020645, -0.103197, 0.000111, -0.048547, 0.009223, 0.016258, -0.019359, -0.049312, -0.094337, -0.047355, 0.070444, 0.031639, -0.049103, 0.020564, -0.010511, -0.048934, 0.124723, 0.085861, -0.011753, -0.062594, 0.018287]

=== CHUNK hdfc_elss_tax_saver::0::4 ===
source_url: https://groww.in/mutual-funds/hdfc-elss-tax-saver-fund-direct-plan-growth
scheme: HDFC ELSS Tax Saver Fund - Direct Plan - Growth
category: elss
plan_variant: direct_growth
section: Scheme facts (as published on the scheme page)
fact_type: riskometer
authority: scheme_facts
is_atomic: true
char_len: 27
source_fetched_at: 2026-09-28T13:12:28+00:00
content_hash: 5611a80d32673e91f717935f5b19079262391dec24ce690985075f3fcfa5d62b
---
Riskometer: Moderately High

embedding_dim: 384
embedding: [0.073918, -0.057991, -0.051054, 0.055542, 0.064407, -0.022221, 0.045083, 0.105054, 0.013011, 0.009360, 0.018364, -0.046284, -0.014535, 0.017226, -0.080272, -0.044892, 0.049526, -0.068568, -0.031068, 0.051448, -0.123765, 0.015960, 0.047823, 0.049813, -0.018398, -0.070991, -0.019532, 0.074053, -0.021434, 0.004546, 0.007240, 0.046476, 0.032095, -0.051969, -0.015499, -0.002784, -0.048578, -0.045078, -0.016843, 0.036846, 0.027678, -0.041270, 0.027065, 0.066276, -0.040675, 0.023520, 0.000559, -0.045824, -0.000046, 0.035264, -0.056297, -0.072413, 0.059316, -0.112191, 0.007903, -0.017147, -0.114035, -0.081353, -0.025618, -0.027700, 0.039952, 0.010120, -0.073833, 0.023194, 0.035693, 0.016519, -0.026635, 0.044900, 0.080779, 0.000887, 0.024130, 0.008298, -0.049047, 0.034167, 0.015808, -0.008501, -0.017009, -0.063274, 0.082276, -0.028884, 0.033766, -0.043145, 0.093312, 0.016405, 0.050384, 0.014047, 0.046636, 0.019820, -0.013013, 0.023429, 0.060716, -0.035702, -0.045385, 0.088168, -0.005101, 0.075368, -0.072006, -0.107524, -0.075169, 0.057950, -0.033124, -0.008310, -0.073909, 0.077585, -0.018476, -0.068250, 0.034938, 0.003097, 0.039815, 0.041403, 0.008564, 0.080196, 0.017778, -0.027850, -0.014364, -0.005015, -0.098996, 0.018475, -0.030495, 0.085525, 0.012211, 0.004003, 0.012869, 0.004900, 0.010881, 0.082703, 0.024928, -0.000000, 0.086534, 0.024670, 0.013925, 0.003945, -0.022274, 0.055092, -0.045717, -0.011181, 0.024194, 0.007117, -0.011709, 0.061225, -0.052059, 0.028194, 0.028503, -0.030044, -0.011166, 0.092895, -0.053700, -0.058573, -0.095131, -0.094460, -0.020935, -0.026475, -0.004521, 0.058507, 0.047736, 0.041855, 0.025236, 0.019233, -0.028665, -0.001772, -0.024424, -0.125534, -0.009543, 0.056300, -0.123905, 0.050473, -0.022563, 0.022620, 0.011440, 0.048370, 0.059418, 0.043480, 0.056895, 0.019694, -0.076933, -0.076405, -0.037436, 0.012760, -0.100878, -0.048719, -0.010732, 0.029176, -0.099759, 0.052641, 0.033461, -0.014351, -0.072990, -0.015180, -0.052115, 0.080117, -0.039272, -0.067978, 0.016302, 0.077373, -0.027776, -0.042073, -0.010800, 0.065701, -0.021459, -0.001581, 0.044121, -0.054256, -0.062757, 0.040960, -0.045418, 0.032033, 0.021262, -0.041609, -0.055052, -0.032193, 0.100869, 0.030246, -0.005629, 0.030058, -0.047112, -0.026179, -0.062544, 0.097315, 0.044622, -0.009953, 0.027365, 0.001517, -0.108052, 0.000000, -0.140791, 0.030384, 0.007436, 0.068342, -0.002339, -0.007824, 0.009538, 0.064599, 0.033294, 0.044457, -0.000872, 0.017963, 0.076504, -0.018053, 0.028908, 0.055047, -0.021545, 0.040003, -0.050026, -0.086845, -0.028765, 0.020881, -0.036293, 0.039445, -0.009497, 0.027749, -0.011518, -0.016095, -0.031470, -0.071482, -0.083901, 0.033234, 0.070052, 0.036650, -0.032573, 0.000755, 0.094352, -0.117713, -0.060967, -0.014479, 0.022780, 0.084850, -0.016781, -0.108487, 0.005376, 0.067233, 0.083377, -0.055404, 0.058022, 0.042550, -0.013957, 0.020969, -0.011037, 0.112230, -0.024389, -0.043569, -0.062917, -0.014742, -0.020141, 0.078922, 0.019762, 0.067289, -0.080493, 0.061361, 0.029535, 0.059790, -0.037211, -0.055746, 0.047937, 0.013594, 0.009394, 0.009775, 0.045786, -0.058865, -0.017983, -0.102185, 0.004192, 0.045858, -0.014258, -0.017039, 0.033628, 0.004606, 0.012975, 0.048150, 0.080480, 0.019098, -0.016723, -0.062603, -0.018326, 0.105137, -0.051027, 0.068244, -0.056958, -0.040751, 0.001741, -0.000000, 0.031870, 0.027594, 0.029418, -0.001263, 0.056166, 0.013050, -0.034915, 0.049197, -0.037906, 0.001236, 0.075219, 0.000291, -0.029541, -0.103642, 0.025689, -0.088418, -0.008415, 0.096539, -0.057473, 0.000558, 0.083048, 0.023081, 0.020158, -0.084371, 0.045586, 0.014669, 0.039420, 0.102697, 0.020120, -0.006703, -0.018789, -0.041983, 0.043569, 0.019594, -0.021934, 0.067175, -0.012196, -0.009229, 0.029970, 0.100395, -0.014288, -0.072602, -0.008655, 0.069034, 0.010921, -0.027718, -0.039751, -0.006058, 0.120658, -0.022956, -0.006041, -0.022015, 0.046736, 0.067978, -0.051451, 0.024758, 0.011091, 0.004450, -0.103029, -0.000142, 0.074464, -0.091011, -0.083986, 0.043122]

=== CHUNK hdfc_elss_tax_saver::0::5 ===
source_url: https://groww.in/mutual-funds/hdfc-elss-tax-saver-fund-direct-plan-growth
scheme: HDFC ELSS Tax Saver Fund - Direct Plan - Growth
category: elss
plan_variant: direct_growth
section: Scheme facts (as published on the scheme page)
fact_type: benchmark
authority: scheme_facts
is_atomic: true
char_len: 24
source_fetched_at: 2026-09-28T13:12:28+00:00
content_hash: 5611a80d32673e91f717935f5b19079262391dec24ce690985075f3fcfa5d62b
---
Benchmark: NIFTY 500 TRI

embedding_dim: 384
embedding: [-0.102835, -0.002310, -0.073850, -0.031812, -0.035208, -0.042895, -0.004929, 0.018189, -0.088868, -0.064745, -0.019953, -0.098503, -0.035283, -0.000389, -0.056163, -0.044606, 0.085948, 0.024054, -0.032476, -0.091168, -0.025740, -0.016356, 0.030495, -0.015437, 0.008680, 0.010389, -0.019759, -0.024252, -0.024484, -0.094608, 0.031614, 0.087758, -0.069489, -0.024426, -0.018528, -0.031816, 0.006843, -0.058222, 0.015522, 0.007212, -0.032431, -0.014987, 0.070173, 0.037588, 0.110628, 0.033017, -0.019489, 0.057406, 0.073787, -0.022437, -0.072911, 0.013073, 0.013615, 0.011327, -0.023916, 0.011451, 0.025255, -0.082044, 0.028140, -0.048843, 0.090916, -0.032893, -0.020203, 0.019445, 0.072294, 0.019628, 0.048423, -0.122964, -0.029893, 0.010072, 0.006177, 0.066638, -0.045697, 0.024412, 0.007597, 0.032211, 0.005632, -0.008480, -0.046474, -0.102213, 0.019314, -0.015131, 0.020393, -0.006375, 0.072297, -0.012597, -0.056118, 0.129838, -0.029607, -0.064607, 0.028309, 0.062872, -0.000856, -0.001449, -0.052903, 0.059649, -0.000703, -0.073664, -0.048662, 0.067494, 0.068258, -0.009846, -0.055301, 0.036732, -0.028279, 0.049185, 0.105810, 0.100617, 0.046940, 0.034830, 0.050433, -0.017196, 0.001825, -0.047328, 0.012145, 0.039492, -0.046378, 0.074909, 0.082122, 0.063470, -0.012123, -0.009679, -0.034049, 0.066365, -0.032939, 0.078473, -0.006260, 0.000000, -0.017251, 0.115749, 0.008558, 0.001988, -0.088185, -0.053731, -0.029091, -0.034444, -0.088362, 0.012724, -0.076275, 0.058384, -0.071281, 0.012079, 0.018166, -0.051541, 0.021954, 0.025791, -0.079022, 0.051799, 0.026875, -0.005432, -0.026066, -0.026809, 0.037325, 0.152082, -0.020380, -0.037402, 0.005018, 0.059611, -0.001287, -0.071800, 0.032319, 0.037417, 0.065825, -0.029387, -0.021610, -0.020676, -0.017871, 0.015826, -0.109663, 0.060522, -0.023255, -0.072020, -0.046206, 0.014494, -0.029598, 0.046540, 0.031806, -0.028410, -0.036959, 0.042951, -0.111518, 0.031521, 0.002690, -0.024410, 0.055644, 0.012075, 0.009880, 0.092040, 0.011635, 0.048377, -0.038306, -0.039525, -0.061468, -0.027327, -0.075788, -0.027660, 0.043354, 0.056747, -0.055865, -0.002564, 0.111907, -0.023741, 0.153204, -0.053094, 0.055700, -0.029318, -0.047191, 0.003475, -0.061779, 0.034096, 0.024080, -0.066996, -0.005129, -0.064070, -0.003735, 0.012631, -0.050249, -0.000192, -0.036675, 0.024610, 0.037049, -0.066873, -0.037030, -0.000000, 0.014682, 0.041012, -0.025691, 0.068339, 0.005052, -0.004194, -0.008790, -0.002808, 0.022318, 0.035593, 0.091157, -0.012885, 0.042699, 0.031171, 0.054228, 0.018637, 0.024778, -0.101087, 0.002193, -0.033086, 0.029196, 0.000619, -0.032851, 0.013003, -0.059496, 0.069744, -0.087750, -0.033486, -0.012998, -0.085400, -0.072293, -0.008553, -0.048035, 0.012898, -0.001039, 0.043619, 0.064774, 0.108219, -0.052971, 0.019201, 0.026939, 0.076755, -0.018194, 0.020498, -0.022716, 0.021627, -0.050653, 0.047815, 0.007543, 0.073797, 0.000662, 0.006319, -0.030353, 0.065704, 0.040559, -0.044610, -0.033193, -0.012634, -0.058227, 0.034038, -0.053834, 0.028192, -0.073503, 0.099259, 0.057639, 0.021919, -0.007509, -0.008049, -0.019310, 0.063479, -0.073047, 0.015063, 0.034246, 0.012338, -0.148630, 0.000450, 0.040435, -0.004081, 0.056260, 0.005729, -0.029878, 0.029035, -0.022349, 0.036412, 0.030599, 0.093856, 0.025162, 0.009238, 0.070059, -0.012491, 0.014449, 0.064969, -0.017976, -0.093205, 0.000875, -0.000000, -0.018487, 0.058803, -0.031660, -0.011177, 0.031531, 0.041785, 0.010614, 0.047233, -0.027430, -0.066984, 0.123455, -0.041238, -0.032913, 0.025840, 0.025497, 0.004717, -0.023192, 0.008147, 0.028357, 0.014273, 0.039821, 0.065672, 0.018905, -0.072343, -0.103715, -0.001669, 0.015122, -0.047455, 0.086472, -0.023455, -0.066694, 0.016923, -0.010698, -0.068393, 0.037963, 0.026716, -0.036166, 0.155463, 0.016544, 0.028212, -0.011903, 0.089183, -0.059188, -0.017715, 0.078262, -0.028210, -0.011602, -0.114604, 0.060821, -0.046327, -0.065186, -0.046375, -0.029686, 0.061342, 0.041389, 0.058530, -0.008218, -0.079532, -0.056369, 0.066619, 0.044061, -0.064905, -0.064626, 0.045303]

=== CHUNK hdfc_elss_tax_saver::0::6 ===
source_url: https://groww.in/mutual-funds/hdfc-elss-tax-saver-fund-direct-plan-growth
scheme: HDFC ELSS Tax Saver Fund - Direct Plan - Growth
category: elss
plan_variant: direct_growth
section: Scheme facts (as published on the scheme page)
fact_type: benchmark
authority: scheme_facts
is_atomic: true
char_len: 45
source_fetched_at: 2026-09-28T13:12:28+00:00
content_hash: 5611a80d32673e91f717935f5b19079262391dec24ce690985075f3fcfa5d62b
---
Benchmark index: NIFTY 500 Total Return Index

embedding_dim: 384
embedding: [-0.001372, -0.037178, -0.011639, 0.062605, 0.006686, -0.026758, -0.005960, 0.012701, -0.025503, -0.043923, -0.116435, -0.002358, -0.044345, -0.006232, -0.141123, -0.047622, 0.093183, 0.026430, 0.017463, -0.039997, 0.001020, -0.001856, 0.076089, -0.089331, 0.026018, -0.003119, -0.074653, 0.011636, -0.030144, -0.086818, -0.028990, 0.054309, -0.052450, -0.001043, -0.072154, -0.016212, 0.011814, -0.081997, 0.066713, -0.011669, 0.009846, 0.041980, 0.033883, 0.056152, 0.123969, 0.016228, -0.016813, 0.015096, 0.071804, -0.008516, -0.104470, 0.081070, -0.000234, 0.011395, 0.004238, 0.026911, -0.051615, -0.110708, 0.030522, -0.057986, 0.140526, -0.017422, 0.001396, -0.010178, 0.081295, -0.015628, 0.030843, -0.113230, -0.039752, -0.008394, 0.038743, 0.019301, -0.027566, 0.029585, -0.001288, 0.070132, -0.000681, -0.004555, 0.016133, -0.003363, 0.019894, 0.004807, 0.015435, -0.052152, 0.039053, -0.022333, 0.046393, 0.066200, 0.030692, -0.052017, 0.058277, 0.005951, -0.021324, 0.004142, 0.013222, 0.031877, -0.006697, -0.023876, -0.022465, 0.061545, 0.043929, -0.031877, -0.053784, -0.007303, -0.046295, -0.003038, 0.085594, 0.027348, -0.022590, -0.045213, 0.023176, -0.000503, -0.030376, -0.014115, 0.000010, 0.003988, -0.039411, 0.033419, 0.086119, 0.071068, 0.103281, 0.063323, 0.013090, 0.058285, -0.011133, 0.104810, -0.017261, 0.000000, 0.003521, 0.031083, 0.045205, -0.083672, -0.070563, -0.029712, 0.026097, -0.021733, -0.030953, -0.023164, -0.076224, 0.081511, -0.037464, -0.018956, 0.008660, 0.003136, 0.016217, 0.103134, -0.028904, 0.016835, 0.033224, -0.008065, 0.063690, -0.067382, -0.002958, 0.024322, -0.050635, -0.045945, -0.001889, 0.039099, 0.044253, -0.017239, 0.048804, -0.064591, 0.047530, 0.014286, 0.037265, 0.060768, -0.013812, -0.005324, -0.113233, 0.046704, -0.068768, -0.055446, -0.102918, 0.006140, -0.045598, -0.013836, 0.021392, 0.006575, -0.082997, -0.024925, -0.043122, -0.001497, 0.005691, -0.028756, 0.069049, 0.066215, -0.006000, 0.081594, -0.064165, 0.035530, -0.026910, -0.011845, -0.087130, -0.019409, 0.020574, 0.070057, 0.047878, 0.081211, 0.012485, 0.010035, 0.097226, -0.046553, 0.075656, -0.045200, 0.046439, -0.021123, -0.051411, -0.060729, 0.010050, 0.028234, -0.014840, -0.082581, 0.057777, 0.019247, -0.031920, 0.029313, -0.012677, -0.056376, -0.022465, 0.034785, 0.018791, -0.103684, -0.032502, -0.000000, 0.033474, -0.024537, -0.005259, 0.046027, -0.028991, -0.015436, -0.018007, 0.031681, -0.031314, 0.121794, 0.062583, -0.063902, 0.059910, 0.076472, 0.008600, -0.002313, -0.013769, -0.072280, 0.024478, -0.075198, -0.023457, 0.055616, 0.006573, 0.021492, -0.082037, 0.076681, -0.084993, 0.025592, -0.056009, -0.144589, -0.009711, -0.048036, -0.046029, -0.012220, 0.054151, 0.065363, 0.027616, -0.009672, -0.046398, 0.069498, 0.041101, 0.066789, 0.033334, -0.028183, 0.051720, -0.005630, -0.084607, 0.054733, 0.084219, 0.005943, -0.009179, 0.047956, -0.070690, 0.058528, -0.002611, -0.042358, -0.058685, -0.018275, -0.071840, 0.035177, -0.049582, 0.035813, -0.086699, 0.085267, 0.040224, -0.016792, 0.017310, -0.107169, -0.006131, -0.005487, -0.062358, -0.058233, 0.086490, 0.030546, -0.069004, 0.101696, 0.043359, 0.024818, 0.063010, 0.087279, -0.018931, 0.040707, 0.007030, -0.020890, -0.006162, 0.048756, 0.038094, 0.018861, -0.013747, 0.044823, 0.028129, -0.047331, -0.021985, -0.028943, 0.090208, -0.000000, 0.003064, -0.021323, 0.013187, 0.021770, -0.030983, -0.005933, 0.002935, 0.062030, -0.019603, -0.082432, 0.121423, -0.088653, -0.096021, 0.080396, -0.013002, -0.026913, -0.091133, 0.012253, 0.009306, -0.035670, -0.017789, 0.061732, 0.094554, -0.086633, -0.025357, 0.028871, -0.007793, -0.009307, 0.021235, -0.029493, -0.007985, 0.018573, 0.007403, -0.056248, 0.011589, 0.015076, -0.017260, 0.105057, 0.008322, 0.048103, 0.004284, 0.000027, 0.030787, -0.024036, 0.030489, -0.029945, -0.047276, -0.009749, 0.071172, -0.123292, -0.051012, -0.140057, -0.059536, 0.022462, 0.001606, 0.058752, -0.056793, -0.043503, -0.054129, 0.032073, 0.077424, -0.081888, -0.063077, 0.032006]

=== CHUNK hdfc_elss_tax_saver::0::7 ===
source_url: https://groww.in/mutual-funds/hdfc-elss-tax-saver-fund-direct-plan-growth
scheme: HDFC ELSS Tax Saver Fund - Direct Plan - Growth
category: elss
plan_variant: direct_growth
section: Scheme facts (as published on the scheme page)
fact_type: lock_in
authority: scheme_facts
is_atomic: true
char_len: 23
source_fetched_at: 2026-09-28T13:12:28+00:00
content_hash: 5611a80d32673e91f717935f5b19079262391dec24ce690985075f3fcfa5d62b
---
Lock-in period: 3 years

embedding_dim: 384
embedding: [-0.096700, -0.007884, 0.003190, -0.026572, 0.002642, 0.055205, -0.041890, -0.084040, 0.057174, 0.009354, 0.048970, 0.017114, -0.038421, -0.072482, 0.053315, -0.008364, -0.083132, -0.032376, 0.015767, -0.027967, 0.100235, -0.051045, -0.029912, 0.046391, -0.017910, 0.020004, 0.006639, 0.039315, -0.016931, -0.019945, -0.023880, 0.063363, 0.018375, -0.034773, 0.053462, -0.008369, -0.065970, -0.002498, -0.039119, -0.067025, -0.022895, -0.020327, 0.031420, -0.017337, -0.006609, 0.012754, -0.027869, 0.017638, -0.048611, 0.003185, -0.018360, 0.019369, -0.002759, 0.051829, 0.011563, -0.046269, 0.062562, 0.033830, -0.045031, 0.014847, 0.037422, 0.066966, -0.038781, -0.013221, 0.047938, 0.034497, -0.020708, -0.087759, 0.080935, 0.071903, -0.014176, -0.061281, -0.064533, -0.013195, -0.005630, 0.059847, -0.009786, -0.037002, 0.062737, -0.098698, 0.013163, -0.044191, -0.026628, 0.044966, -0.035764, -0.049833, -0.004930, 0.026787, -0.003995, 0.006656, 0.038163, 0.013609, 0.111886, -0.046529, 0.001155, -0.023997, 0.016936, 0.066204, -0.017866, 0.056296, 0.029660, 0.012162, -0.023398, -0.026790, -0.007497, 0.056188, 0.007574, -0.005139, -0.094696, 0.004250, 0.005213, 0.069738, 0.080777, 0.040932, -0.037824, 0.045451, -0.083265, 0.040785, 0.180468, 0.115737, 0.071957, 0.022785, -0.042369, -0.043118, -0.080520, -0.041226, 0.041038, -0.000000, -0.026074, -0.045197, -0.089062, 0.025028, -0.067428, 0.049058, -0.038063, -0.046201, -0.088718, 0.087619, 0.078778, -0.080734, 0.021513, -0.121337, 0.047012, -0.007780, 0.073835, 0.036894, 0.080727, 0.007314, 0.059279, -0.100595, 0.035402, 0.019711, 0.050651, -0.063082, 0.015531, -0.113473, -0.000143, 0.022047, 0.013730, 0.123426, -0.017132, 0.003527, -0.043862, -0.011241, 0.071164, -0.030054, 0.013162, -0.017457, -0.039804, -0.032585, 0.011614, -0.005358, 0.054629, 0.000240, 0.044273, -0.048154, -0.047932, 0.080780, 0.015618, -0.002130, -0.069017, -0.077685, -0.042227, 0.024621, 0.004685, 0.001229, -0.000613, 0.025053, 0.092731, 0.023023, 0.037150, -0.012625, -0.072603, 0.078241, 0.010430, -0.004129, 0.013471, 0.022272, -0.065424, -0.092811, -0.021323, -0.043817, -0.055902, -0.042812, 0.059057, 0.064416, -0.040354, -0.036793, 0.084554, -0.024981, -0.001657, 0.101892, 0.018012, -0.066921, 0.047949, 0.050872, -0.050968, -0.015081, 0.072939, -0.044377, 0.053611, 0.046585, 0.013288, 0.000000, 0.020012, -0.039044, 0.031550, -0.015746, 0.106418, -0.062155, -0.161431, 0.125022, -0.054338, -0.049759, 0.031074, 0.013414, 0.037604, 0.047542, -0.001676, 0.002592, 0.098391, -0.011646, -0.091848, 0.053647, 0.093961, -0.066665, -0.079308, 0.047015, -0.039787, 0.014217, -0.120381, -0.057540, -0.000207, 0.069964, -0.114761, -0.051814, 0.015924, 0.050882, 0.026668, -0.085596, 0.031579, -0.047721, -0.055323, 0.022561, 0.050691, 0.019935, 0.014921, -0.009339, -0.068171, 0.061961, 0.065549, 0.018204, 0.032699, 0.079242, -0.028623, -0.015491, 0.030116, -0.118087, 0.032354, 0.047071, 0.073346, -0.084949, -0.022689, -0.013125, -0.018179, 0.040159, 0.010524, 0.038206, 0.069650, 0.006946, -0.017705, -0.082155, -0.014434, 0.011477, 0.070686, 0.014413, -0.026561, 0.035492, 0.004214, -0.046704, -0.038609, -0.047226, -0.062661, -0.029848, -0.067526, -0.011244, -0.076084, 0.035727, -0.013054, 0.027410, 0.032683, -0.057079, 0.007089, -0.035944, 0.020026, -0.011345, -0.096412, 0.007891, 0.035636, -0.000000, 0.084071, 0.020616, -0.000874, 0.037201, 0.126816, -0.040967, 0.029382, -0.019356, 0.041045, 0.043063, 0.049034, 0.007494, 0.021342, -0.076018, -0.077487, 0.002498, -0.002035, 0.006201, -0.020070, -0.031437, 0.000536, 0.020488, 0.043321, -0.045767, -0.094324, 0.002437, 0.046966, 0.036009, 0.035260, 0.026143, -0.021294, -0.023453, 0.082972, 0.007943, -0.101628, -0.031704, -0.057643, 0.038509, 0.015627, -0.014409, -0.003808, 0.002328, 0.015088, 0.026987, -0.078927, 0.009928, -0.030493, 0.032941, -0.059950, 0.001464, -0.043416, 0.027587, 0.035202, 0.093967, 0.066005, 0.081976, 0.055870, -0.006515, -0.040399, 0.016045, -0.025392, -0.054437, -0.010873, -0.038460]

=== CHUNK hdfc_elss_tax_saver::0::8 ===
source_url: https://groww.in/mutual-funds/hdfc-elss-tax-saver-fund-direct-plan-growth
scheme: HDFC ELSS Tax Saver Fund - Direct Plan - Growth
category: elss
plan_variant: direct_growth
section: Scheme facts (as published on the scheme page)
fact_type: expense_ratio
authority: scheme_facts
is_atomic: true
char_len: 82
source_fetched_at: 2026-09-28T13:12:28+00:00
content_hash: 5611a80d32673e91f717935f5b19079262391dec24ce690985075f3fcfa5d62b
---
Expense ratio (base, from scheme data): base expense ratio 0.97%, as on 2026-09-24

embedding_dim: 384
embedding: [0.080350, 0.017786, -0.041254, 0.041008, 0.068862, -0.040872, -0.044760, 0.078218, -0.007904, -0.006249, -0.013516, -0.082631, -0.036998, 0.006041, -0.049860, -0.004963, -0.037054, -0.045119, 0.016031, 0.073995, 0.053121, 0.012754, 0.013868, 0.024764, 0.133245, -0.029082, 0.036302, 0.069149, -0.020652, -0.007973, -0.012164, 0.090707, 0.032199, 0.012535, -0.027913, -0.068257, 0.010507, -0.012428, 0.048123, 0.032511, -0.046420, 0.001569, -0.008606, 0.012116, 0.009112, 0.030984, -0.071536, 0.072445, 0.008840, 0.146644, 0.021144, 0.021383, -0.010725, 0.022383, 0.039101, 0.032113, -0.077050, -0.039150, -0.004498, -0.017838, -0.022549, -0.007549, 0.009249, 0.015898, 0.041838, -0.009106, 0.011672, -0.000857, -0.065686, -0.011263, -0.043810, -0.033831, -0.069336, -0.065063, -0.017831, 0.069021, 0.072585, 0.025824, 0.031567, -0.068589, 0.038414, 0.041006, 0.019664, -0.007944, 0.041201, -0.075858, 0.126158, 0.010545, 0.025645, 0.000350, 0.090226, -0.001108, -0.065339, -0.005622, -0.002221, 0.023539, -0.041428, 0.009101, 0.016342, -0.003790, 0.008249, 0.040310, 0.001420, -0.014648, -0.083222, 0.036742, 0.058651, 0.078276, 0.026021, -0.039762, -0.055086, -0.003440, -0.120997, -0.014919, -0.030461, 0.006498, -0.048074, -0.014023, 0.009000, 0.026014, 0.110930, 0.093472, 0.000081, 0.066041, -0.126161, -0.111535, -0.084289, -0.000000, -0.029059, 0.039058, 0.043807, -0.071103, -0.093246, 0.015869, -0.063322, 0.062690, -0.042769, 0.048076, -0.042833, 0.015705, -0.005886, -0.073960, 0.079748, -0.084315, -0.021821, 0.116461, 0.052382, -0.018257, 0.022393, 0.045868, -0.019392, -0.027006, 0.050881, 0.007042, -0.002260, -0.000591, -0.002588, 0.002970, -0.004692, 0.014301, 0.081988, -0.099153, 0.006784, 0.027954, 0.041519, 0.049234, 0.006156, 0.004807, -0.008471, 0.019553, 0.036566, -0.040801, -0.008028, -0.037497, 0.081884, 0.001420, 0.094422, 0.021271, -0.116766, -0.033485, -0.059961, -0.013657, 0.007661, -0.060172, -0.051638, -0.014388, -0.029392, 0.008119, -0.007861, -0.019395, -0.051272, -0.096291, -0.098115, -0.000914, 0.015462, -0.057019, 0.000142, 0.067873, -0.038554, 0.052929, 0.020442, 0.108321, -0.055513, 0.007985, 0.029443, 0.012676, -0.017347, 0.048784, -0.064583, 0.032517, 0.041103, -0.057960, -0.026800, 0.005200, 0.095114, 0.042870, -0.031692, 0.022930, 0.059166, -0.042049, -0.033496, -0.021474, 0.031704, -0.000000, -0.000769, 0.144769, -0.002705, -0.000918, -0.050897, 0.013926, 0.119907, 0.033960, -0.002477, 0.028715, -0.009103, 0.031374, -0.038252, -0.055249, 0.046342, -0.082295, -0.018489, -0.044139, -0.030864, -0.055075, -0.017078, 0.114478, -0.033015, -0.008879, -0.041798, 0.050196, -0.057641, 0.024464, 0.007188, -0.011447, -0.068172, -0.087300, -0.004130, 0.029918, 0.006009, -0.023468, -0.123887, 0.000156, 0.031764, -0.022317, 0.064496, 0.032242, -0.038811, -0.027374, 0.064468, -0.049324, 0.058054, -0.015500, 0.127014, -0.076857, 0.051684, 0.018287, -0.055471, 0.003120, -0.020982, 0.070554, 0.013385, -0.019725, -0.056595, -0.046797, 0.085119, 0.049259, 0.030538, -0.034988, -0.014938, -0.047566, 0.014070, -0.006589, 0.050254, 0.016991, 0.003193, -0.001675, -0.001116, 0.051660, 0.002849, -0.043387, -0.037122, 0.038199, 0.049160, 0.012571, -0.040285, 0.033574, 0.030802, -0.026111, -0.013818, -0.065230, 0.019232, -0.013914, -0.073755, 0.091233, -0.126026, -0.051025, 0.012030, 0.066056, 0.014438, -0.000000, 0.057292, -0.046054, 0.028880, 0.018545, 0.028487, -0.064329, 0.033069, 0.008201, -0.041397, 0.083667, -0.014971, 0.008969, -0.077080, -0.022538, -0.039282, -0.007680, -0.080066, 0.030012, -0.009806, -0.108510, -0.016856, 0.067260, -0.083658, -0.057951, -0.033372, 0.060681, -0.030624, 0.170065, 0.003192, -0.034664, 0.033131, -0.041378, -0.018257, -0.053021, -0.033107, 0.038454, -0.000844, 0.067972, 0.041365, 0.039798, 0.029993, -0.101804, -0.027124, 0.022352, 0.024272, -0.069611, -0.089770, 0.010234, -0.004106, -0.071314, 0.086355, 0.045063, -0.096485, 0.057467, -0.005382, -0.033211, -0.040453, -0.025999, -0.142105, -0.013723, 0.051528, -0.073834, -0.028809, 0.007893]

=== CHUNK hdfc_elss_tax_saver::0::9 ===
source_url: https://groww.in/mutual-funds/hdfc-elss-tax-saver-fund-direct-plan-growth
scheme: HDFC ELSS Tax Saver Fund - Direct Plan - Growth
category: elss
plan_variant: direct_growth
section: Scheme facts (as published on the scheme page)
fact_type: general
authority: scheme_facts
is_atomic: true
char_len: 297
source_fetched_at: 2026-09-28T13:12:28+00:00
content_hash: 5611a80d32673e91f717935f5b19079262391dec24ce690985075f3fcfa5d62b
---
Scheme name: HDFC ELSS Tax Saver Fund Direct Plan Growth
Fund name: HDFC ELSS - Tax Saver Fund
Plan: Direct
Option: Growth
Asset management company: HDFC
Fund house: HDFC Mutual Fund
Stamp duty: 0.005% (from July 1st, 2020)
ISIN: INF179K01YS4
RTA and custodian: RTA: Cams; Custodian: Deutsche Bank

embedding_dim: 384
embedding: [0.024246, -0.030018, -0.104423, -0.001146, 0.105642, 0.064816, 0.074899, 0.022893, -0.018371, -0.017924, 0.017783, -0.110153, -0.113426, -0.043236, -0.059754, -0.024601, -0.054401, -0.073215, 0.035888, -0.027778, 0.007146, -0.043383, -0.014138, 0.021662, 0.073025, -0.036172, 0.017288, 0.057050, -0.057444, -0.061544, 0.088078, 0.062329, 0.003464, -0.049351, 0.057205, 0.050790, -0.035568, -0.022365, 0.012614, -0.052230, -0.022416, -0.081102, -0.029287, -0.017661, 0.039795, 0.015369, -0.025210, 0.060241, 0.007881, 0.051837, -0.012292, -0.033364, 0.008696, 0.042725, 0.033785, 0.045198, -0.038966, 0.003704, 0.033289, -0.011627, -0.059081, -0.060324, 0.061904, -0.034150, -0.036167, 0.001230, -0.011934, 0.010110, -0.002466, -0.047429, -0.010704, -0.039696, -0.056594, -0.036286, 0.008561, 0.019996, 0.032160, 0.039892, 0.045223, -0.147888, -0.035730, 0.066865, 0.062027, 0.051229, -0.002991, 0.014910, 0.023257, -0.073235, 0.034535, -0.028893, 0.025400, 0.009465, -0.003596, 0.025530, -0.107215, -0.041677, -0.018943, -0.059824, -0.031864, -0.007147, 0.019237, 0.005811, -0.012305, -0.019472, -0.060082, -0.016604, 0.035522, 0.091578, 0.057292, -0.045516, -0.037987, 0.063961, -0.001424, -0.016050, -0.021201, -0.015711, -0.128902, -0.098436, 0.056993, -0.050547, 0.084101, 0.019736, -0.037802, -0.062957, -0.095466, -0.034832, 0.005704, 0.000000, -0.049629, 0.076185, 0.013295, -0.037667, -0.033829, -0.067937, 0.045996, 0.033024, -0.051354, 0.027956, -0.056378, -0.011524, 0.009621, -0.009492, -0.084221, -0.120147, 0.035509, 0.098914, 0.006154, 0.043158, 0.063374, 0.100668, 0.017103, -0.066095, 0.094438, 0.018598, 0.044585, -0.027794, 0.024056, 0.060524, 0.038822, -0.029258, -0.013787, -0.091374, 0.013683, 0.018852, 0.035786, -0.056496, -0.079700, -0.033708, 0.056300, 0.081690, 0.037110, 0.005924, -0.007678, 0.019571, 0.104081, 0.052294, 0.095871, 0.039897, -0.093700, -0.098618, -0.007720, -0.028125, 0.026469, 0.040085, -0.069346, 0.009997, -0.006579, -0.044033, 0.003619, -0.035800, -0.143261, -0.016818, -0.048401, 0.008075, 0.046622, -0.096484, -0.003522, -0.015336, -0.048422, 0.059270, 0.084315, 0.064900, 0.017672, -0.059156, -0.050731, 0.084248, 0.008163, 0.049316, -0.057397, 0.028096, -0.027972, -0.010982, 0.073539, 0.031678, 0.056097, 0.029122, -0.018464, -0.058148, -0.039828, -0.025067, 0.071958, 0.000738, -0.064683, -0.000000, 0.008362, -0.017629, 0.005287, 0.027133, 0.038558, 0.081419, 0.043672, 0.054707, 0.063207, 0.063080, 0.124058, 0.000489, -0.015182, -0.058354, 0.029246, -0.075649, -0.011389, -0.034551, -0.045519, -0.017665, 0.011253, -0.026985, 0.006942, 0.091130, -0.037950, 0.047127, 0.017846, 0.075055, -0.006692, 0.026963, -0.035327, -0.049707, -0.100041, 0.045606, 0.015203, -0.084845, 0.012470, 0.018328, -0.051662, 0.052067, 0.003660, 0.005371, 0.018386, 0.055029, -0.032299, -0.033957, -0.033993, 0.032547, 0.062029, 0.020563, -0.019965, -0.067735, -0.045189, -0.001183, -0.023452, 0.046624, 0.059495, 0.043085, -0.023122, -0.004576, 0.064139, 0.059801, 0.039449, 0.127784, 0.058540, -0.023721, -0.082517, -0.060307, 0.037552, -0.060956, 0.044908, -0.033659, 0.044994, 0.026784, 0.008281, -0.050221, 0.025065, -0.029875, 0.047788, 0.057624, 0.115934, 0.027673, -0.020305, 0.091427, -0.020890, -0.021348, 0.010606, -0.016816, 0.024694, -0.005036, -0.029860, -0.047948, 0.041300, 0.082846, -0.002341, -0.000000, -0.007674, -0.005046, 0.029465, -0.017196, 0.006316, -0.091732, 0.001598, -0.017875, -0.007793, -0.008142, 0.054921, 0.098386, -0.060182, -0.072239, -0.021945, -0.060433, -0.021014, 0.105718, -0.012424, 0.027787, 0.061662, 0.023544, -0.014125, -0.018227, 0.043555, -0.010689, 0.035629, 0.020336, 0.026367, 0.013489, 0.028059, 0.016066, 0.045958, 0.023322, -0.051215, 0.104685, -0.059860, 0.064713, 0.072384, 0.082694, -0.008811, -0.068802, 0.024699, -0.070243, -0.084110, 0.002855, -0.049418, -0.039466, 0.021489, -0.125658, -0.069088, -0.054150, 0.003750, -0.002521, -0.057466, 0.029614, -0.054760, -0.016238, 0.020724, -0.047226, 0.090684, -0.070436, -0.015724, 0.097756]

=== CHUNK hdfc_elss_tax_saver::1::0 ===
source_url: https://groww.in/mutual-funds/hdfc-elss-tax-saver-fund-direct-plan-growth
scheme: HDFC ELSS Tax Saver Fund - Direct Plan - Growth
category: elss
plan_variant: direct_growth
section: HDFC ELSS Tax Saver Fund Direct Plan Growth
fact_type: expense_ratio
authority: page_text
is_atomic: true
char_len: 165
source_fetched_at: 2026-09-28T13:12:28+00:00
content_hash: 5611a80d32673e91f717935f5b19079262391dec24ce690985075f3fcfa5d62b
---
HDFC ELSS Tax Saver Fund Direct Plan Growth
ELSS • 3Y Lock-in
Equity
ELSS
Very High Risk Min. for SIP
₹500
Fund size (AUM)
₹15,991.78 Cr
Expense ratio
1.21%
Rating
5

embedding_dim: 384
embedding: [0.060461, -0.037459, -0.120448, 0.026972, 0.106054, 0.051549, 0.055606, 0.049609, -0.028526, 0.050219, 0.004322, -0.078945, -0.070013, -0.055100, -0.025321, -0.043112, -0.037154, -0.104065, -0.021459, 0.008408, 0.058437, -0.045987, 0.003601, 0.040176, 0.050206, -0.065544, 0.018899, 0.070627, -0.026428, -0.071638, 0.088839, 0.087476, 0.072605, -0.084211, 0.008921, 0.041692, -0.055858, -0.012809, -0.010118, -0.092826, -0.002967, -0.017867, -0.008110, -0.085906, 0.004782, -0.054370, -0.070195, 0.059223, 0.024795, 0.031421, 0.037565, 0.024307, -0.023768, -0.046305, -0.015575, -0.016875, -0.008070, 0.021573, 0.020998, -0.028905, -0.036650, 0.015693, 0.043135, 0.005961, 0.006460, 0.019889, -0.035175, 0.006810, -0.025524, 0.062318, -0.037160, -0.113504, -0.034883, -0.075199, 0.014037, 0.051484, 0.027683, 0.047483, -0.003115, -0.024886, -0.013369, 0.012388, 0.047707, 0.026825, 0.012694, 0.002356, 0.058797, -0.129487, -0.022584, -0.067698, 0.093820, 0.043107, 0.037254, 0.045819, -0.034833, -0.038630, -0.034590, -0.081085, -0.058506, -0.013548, 0.048552, 0.106866, -0.001978, -0.054769, 0.003810, -0.004369, 0.078594, 0.043947, 0.047791, -0.022257, 0.008869, 0.093632, 0.001797, -0.026654, -0.013226, -0.010019, -0.095272, -0.112962, 0.059208, 0.014978, 0.024531, 0.040770, -0.001765, -0.100156, -0.011251, -0.074307, -0.018176, 0.000000, -0.038252, 0.039139, -0.073600, -0.081492, -0.007424, -0.037090, 0.082543, 0.016479, -0.040742, 0.008646, 0.013240, -0.001664, 0.034978, -0.013508, -0.017536, -0.069211, 0.009043, 0.065628, -0.022770, -0.013629, -0.032088, -0.013588, 0.056705, -0.106328, 0.094434, 0.004914, 0.043892, -0.047634, 0.034607, 0.066831, -0.005022, 0.050554, -0.022212, -0.023199, -0.063587, 0.036924, 0.037234, -0.021963, -0.035594, -0.039497, -0.011575, 0.060865, 0.046927, -0.034443, -0.036081, -0.005411, 0.046842, 0.048713, 0.006948, 0.054792, -0.101764, -0.099495, 0.002688, 0.030620, 0.056399, -0.030702, -0.061697, -0.040238, 0.001215, -0.005838, 0.017249, -0.040399, -0.099896, -0.013316, -0.045691, 0.048497, 0.038657, -0.120017, -0.000520, -0.064667, -0.021391, 0.007746, 0.074940, 0.045586, -0.020975, -0.017193, 0.013285, 0.066199, 0.010051, 0.081894, 0.000128, 0.064858, 0.043100, -0.040900, 0.073027, -0.034430, 0.039816, 0.067970, -0.041727, 0.003021, 0.040316, -0.042840, 0.106153, -0.014200, -0.061658, -0.000000, -0.028702, -0.004272, 0.016245, 0.061752, 0.018569, 0.046327, 0.068059, 0.031998, 0.038072, 0.023196, 0.056124, 0.050534, 0.036911, -0.051435, 0.032495, -0.048478, 0.000737, -0.017322, -0.010387, -0.040406, 0.058491, 0.017572, 0.053139, 0.098271, -0.051877, 0.041242, -0.060339, 0.010385, -0.073069, 0.011815, -0.022528, -0.019550, -0.087790, 0.088543, -0.021698, -0.098196, 0.001972, 0.037929, -0.037076, 0.067197, 0.003754, 0.025448, -0.008899, -0.123706, 0.058664, -0.073795, 0.028157, -0.014227, 0.046062, 0.010418, -0.020911, -0.079795, 0.032890, 0.076372, -0.039156, 0.056929, 0.064883, 0.010724, -0.076693, -0.008231, 0.067491, 0.132928, 0.022646, 0.065640, 0.054478, 0.005824, -0.064211, -0.080380, 0.025328, -0.052825, 0.011079, -0.018971, 0.044703, 0.054366, 0.026825, 0.028718, -0.054345, -0.055109, 0.052313, 0.028589, 0.065568, 0.074417, -0.015657, 0.070397, -0.021411, -0.029378, 0.000374, -0.147277, 0.017689, 0.002871, -0.058695, -0.060142, 0.016835, 0.035724, 0.041370, -0.000000, -0.010302, 0.025040, -0.002256, 0.016465, -0.026020, -0.039593, -0.044276, 0.002911, -0.007732, 0.066649, 0.088376, 0.019666, -0.063531, -0.016079, -0.075676, -0.101800, 0.027038, 0.124058, -0.026467, -0.019276, 0.117163, 0.017428, 0.024808, 0.024280, 0.072581, -0.001460, 0.007809, 0.030683, 0.027761, -0.014547, -0.001381, 0.006689, 0.020575, 0.046615, -0.072556, 0.048102, -0.013659, 0.026212, 0.030002, 0.128113, 0.019269, -0.107722, 0.013301, -0.082374, -0.046523, 0.038397, -0.066829, -0.042928, -0.007540, -0.104467, 0.016292, -0.019575, 0.013846, -0.009629, 0.021077, -0.046339, -0.065676, 0.029075, 0.038921, -0.032240, 0.068744, -0.034219, -0.032977, 0.046903]

=== CHUNK hdfc_elss_tax_saver::2::0 ===
source_url: https://groww.in/mutual-funds/hdfc-elss-tax-saver-fund-direct-plan-growth
scheme: HDFC ELSS Tax Saver Fund - Direct Plan - Growth
category: elss
plan_variant: direct_growth
section: Minimum investments
fact_type: min_sip
authority: page_text
is_atomic: true
char_len: 95
source_fetched_at: 2026-09-28T13:12:28+00:00
content_hash: 5611a80d32673e91f717935f5b19079262391dec24ce690985075f3fcfa5d62b
---
Minimum investments
Min. for 1st investment
₹500
Min. for 2nd investment
₹500
Min. for SIP
₹500

embedding_dim: 384
embedding: [0.052258, 0.026306, -0.083417, 0.011260, -0.064613, 0.011195, 0.035012, 0.100113, 0.004219, 0.003340, 0.005514, -0.051658, -0.035736, 0.040309, -0.019683, -0.039827, -0.029435, -0.099550, -0.027188, 0.004586, 0.105682, -0.066805, -0.012929, -0.039084, 0.085797, 0.009837, 0.027760, 0.073859, 0.018116, 0.014516, 0.079578, 0.083020, 0.083478, -0.059983, -0.002055, 0.022020, -0.011879, 0.023114, 0.056850, -0.087459, -0.036972, -0.051380, 0.016520, -0.047132, 0.003832, -0.024125, -0.051821, 0.101166, 0.046682, -0.006000, -0.018477, 0.002254, -0.079050, -0.049325, -0.050859, -0.041919, -0.064101, 0.008750, 0.021187, 0.014194, -0.002248, 0.011757, 0.015925, 0.075122, 0.064381, -0.025654, -0.004976, -0.019135, -0.025481, 0.063298, -0.013704, -0.063940, -0.081345, -0.078525, -0.039541, -0.028542, 0.042677, 0.066468, -0.033542, -0.037405, -0.000581, 0.003060, -0.022108, 0.009419, -0.026319, 0.019780, -0.010779, 0.004134, -0.007271, -0.055138, 0.106939, 0.086978, -0.021644, 0.048711, -0.021138, 0.008372, -0.010126, -0.047886, -0.041521, 0.042347, 0.023767, -0.082862, -0.033592, 0.011688, 0.008778, -0.057778, 0.088327, -0.078939, 0.016597, -0.015085, -0.061487, 0.091675, 0.035992, -0.046835, -0.046117, 0.091330, -0.055885, -0.011054, 0.092772, 0.057581, -0.032684, 0.054960, -0.034946, -0.066372, -0.072733, -0.047006, -0.016125, 0.000000, -0.051653, -0.011856, -0.039731, 0.002844, -0.061061, -0.002138, 0.084778, -0.057566, -0.059743, -0.087972, 0.027946, -0.076947, -0.009903, -0.010358, 0.026575, -0.061799, 0.056606, 0.088980, 0.054772, -0.046037, -0.018621, -0.083329, 0.041887, -0.028208, 0.106109, -0.000004, 0.055223, -0.119400, 0.085212, 0.044543, 0.080197, 0.018572, -0.099731, -0.008185, -0.036736, 0.075109, 0.060427, 0.002459, -0.030301, -0.008418, -0.061130, 0.061096, -0.048579, -0.054276, 0.000852, 0.049604, 0.044154, 0.090071, -0.021045, 0.027208, -0.090184, -0.031397, -0.055992, 0.009007, 0.040306, -0.008686, -0.030666, -0.093356, -0.078222, -0.012621, -0.029368, -0.078645, -0.092558, 0.001862, -0.077940, 0.079548, -0.010318, -0.015983, 0.062354, 0.042553, -0.067379, -0.052958, 0.127543, 0.032139, 0.056222, 0.049084, 0.063942, 0.058575, 0.011689, 0.082220, -0.014265, 0.055250, -0.028807, 0.015042, 0.022389, 0.028926, 0.064885, 0.024377, -0.055109, -0.001793, -0.072113, -0.017550, 0.039883, 0.050476, 0.036856, -0.000000, -0.029020, 0.024292, 0.064881, 0.042550, 0.012048, 0.029428, 0.085984, 0.011936, 0.066638, 0.086465, -0.056911, 0.005214, 0.038348, -0.056225, -0.084033, -0.052850, 0.026540, -0.033417, 0.067503, -0.025470, 0.058991, 0.044838, -0.000417, 0.045519, 0.020060, 0.058196, -0.063812, 0.005039, -0.106978, -0.052747, -0.023351, -0.034426, -0.080607, 0.026912, -0.034776, -0.021779, 0.019718, -0.038794, -0.048956, 0.099014, 0.080011, 0.045171, 0.062904, -0.055387, 0.009465, -0.070911, 0.052105, -0.024451, -0.018564, -0.095637, -0.019458, -0.027387, 0.007660, 0.026152, 0.034107, 0.015233, 0.034717, -0.011480, 0.021353, -0.009547, 0.033487, 0.054716, -0.044420, 0.085294, -0.030515, -0.016456, 0.008575, -0.024888, 0.053474, -0.109973, -0.046907, -0.002406, 0.087807, -0.018367, -0.053596, 0.031753, -0.053152, -0.048202, 0.075583, 0.035613, -0.057100, 0.104924, -0.044050, 0.032180, 0.020760, -0.015208, 0.031504, -0.073509, 0.040136, -0.023882, -0.084883, 0.030828, 0.081790, 0.044764, -0.018990, -0.000000, -0.017010, -0.055424, 0.010321, 0.005774, 0.023822, -0.007804, -0.033622, -0.011771, 0.066311, 0.010054, 0.072350, -0.017513, -0.023267, 0.023922, -0.101704, -0.069979, -0.011786, -0.002082, -0.029733, -0.057805, 0.069896, 0.010378, 0.057469, 0.019533, -0.009838, -0.038855, 0.083250, 0.008940, 0.020618, 0.027325, -0.092424, 0.057157, 0.043654, 0.005271, -0.081889, 0.032714, 0.036272, 0.055552, -0.048489, 0.056921, 0.005651, -0.162044, -0.006395, -0.066106, 0.007703, -0.017742, -0.015401, -0.005572, 0.039330, -0.096161, 0.022971, 0.003168, 0.028682, 0.016631, -0.019398, 0.033470, -0.054097, 0.040296, -0.053319, -0.044513, 0.011057, 0.020595, -0.056941, 0.023436]

=== CHUNK hdfc_elss_tax_saver::3::0 ===
source_url: https://groww.in/mutual-funds/hdfc-elss-tax-saver-fund-direct-plan-growth
scheme: HDFC ELSS Tax Saver Fund - Direct Plan - Growth
category: elss
plan_variant: direct_growth
section: Expense ratio
fact_type: expense_ratio
authority: page_text
is_atomic: true
char_len: 217
source_fetched_at: 2026-09-28T13:12:28+00:00
content_hash: 5611a80d32673e91f717935f5b19079262391dec24ce690985075f3fcfa5d62b
---
Expense ratio
A fee payable to a mutual fund house for managing your mutual fund investments. It is the total percentage of a company's fund assets used for administrative, management, advertising, and other expenses.

embedding_dim: 384
embedding: [0.055193, -0.068486, -0.106345, 0.042540, 0.148237, -0.007048, 0.068020, -0.014563, 0.039526, -0.009908, -0.043549, -0.021647, -0.010628, 0.070969, -0.071424, -0.096657, -0.023812, 0.041907, -0.007222, 0.058404, -0.016179, 0.029258, 0.079867, 0.056764, 0.067137, -0.037525, 0.032923, 0.006966, -0.082352, -0.005720, 0.045024, 0.003418, -0.022078, -0.069152, 0.002573, 0.056579, -0.057060, -0.016416, 0.043264, 0.014168, -0.049402, 0.053230, -0.017254, -0.014502, -0.062990, 0.066649, -0.074997, 0.023776, 0.010187, 0.091902, 0.045802, 0.047271, -0.077918, -0.011914, -0.010183, 0.015286, -0.069464, -0.042120, -0.026206, -0.054500, -0.048764, -0.068036, 0.035174, 0.027259, 0.023174, -0.000693, 0.019109, 0.089804, -0.041101, -0.041226, 0.012525, 0.000151, -0.026077, -0.083341, 0.012318, 0.077287, 0.004941, 0.068320, 0.002234, 0.001968, -0.049294, 0.043292, 0.105481, 0.019611, -0.003957, -0.014698, 0.084886, -0.059681, 0.041861, -0.010323, 0.035260, -0.008694, -0.032559, -0.064482, 0.054453, 0.041486, -0.069496, -0.011394, -0.024384, -0.027029, 0.011427, -0.066277, 0.016923, -0.044700, 0.012452, -0.021944, 0.090351, 0.024000, 0.081603, 0.024315, -0.032866, 0.054434, 0.034324, -0.020287, 0.027160, 0.002297, 0.000630, -0.031915, 0.139725, 0.034622, 0.054831, 0.012173, -0.021772, -0.059392, -0.004181, -0.062774, -0.086422, -0.000000, -0.031070, 0.018218, 0.017165, 0.025063, -0.107426, 0.038024, 0.003980, 0.044806, -0.048748, -0.080899, -0.003851, 0.068760, -0.009877, -0.028748, -0.015885, -0.109077, 0.008349, 0.163543, 0.106760, -0.047373, -0.006749, 0.070913, 0.027486, -0.022529, 0.002638, -0.046050, -0.016870, 0.013453, 0.026961, 0.002863, 0.022523, 0.053027, 0.032694, -0.045767, -0.077785, 0.027521, -0.018924, 0.078266, 0.014866, 0.020798, -0.063720, -0.021459, -0.022573, -0.086869, -0.078011, -0.024532, 0.120900, 0.025031, -0.058754, -0.047142, -0.067378, -0.085619, -0.007043, 0.019631, 0.075677, -0.041353, -0.011914, -0.042350, -0.089098, 0.020412, 0.022875, -0.006676, -0.050931, -0.026456, -0.028554, -0.073562, -0.006167, 0.055044, -0.012658, 0.037634, -0.014839, -0.015488, -0.006198, 0.111893, -0.011616, 0.012801, 0.006743, 0.006131, -0.018351, 0.095994, -0.093869, -0.015227, 0.005222, 0.061423, -0.071741, -0.018295, 0.077519, 0.061305, -0.088102, -0.025049, 0.103116, -0.064994, -0.007179, 0.003781, 0.014281, 0.000000, 0.022536, 0.010717, 0.080545, 0.031805, -0.026738, -0.005009, 0.001162, -0.013052, 0.049987, 0.035087, -0.108907, 0.006475, -0.050493, -0.079061, -0.079201, -0.085599, -0.038067, 0.009816, -0.010186, -0.012302, 0.069437, 0.010083, 0.092477, -0.061468, -0.071665, 0.017068, -0.034131, 0.028969, -0.023513, 0.071774, -0.039859, -0.086080, -0.040386, 0.032453, -0.019719, -0.051183, -0.035046, 0.028576, 0.015419, 0.028602, 0.053967, 0.014651, 0.050191, -0.049425, 0.116330, -0.090069, -0.024164, -0.063134, 0.068248, -0.033660, -0.080962, -0.054185, -0.000036, -0.011897, -0.105612, 0.038817, -0.000190, 0.076864, 0.024365, 0.049395, 0.051060, 0.081504, 0.016768, 0.070990, -0.119970, 0.034089, -0.023004, -0.041678, 0.004122, 0.065809, -0.005817, 0.026181, 0.029685, 0.076966, -0.014253, 0.023279, 0.035534, -0.024433, 0.012772, -0.015682, 0.062093, -0.011973, -0.055840, -0.016890, -0.008805, -0.041619, 0.055265, -0.028279, -0.006851, -0.029745, 0.039126, -0.107412, 0.089913, 0.091173, -0.044832, -0.000000, -0.027080, -0.055888, 0.036308, -0.046943, -0.048412, -0.026270, 0.005892, -0.024332, 0.057755, 0.076273, 0.084729, 0.018479, -0.092706, 0.041984, -0.055038, -0.051859, -0.024715, 0.029936, 0.003223, 0.005080, 0.004983, 0.025364, -0.020775, 0.016438, 0.056788, -0.055705, 0.010690, 0.042279, -0.018256, -0.082396, 0.038564, 0.029017, -0.018568, 0.006776, -0.037106, 0.063309, -0.040083, 0.059277, 0.013204, 0.119978, 0.024916, -0.038777, 0.049746, -0.033590, 0.048960, -0.001155, -0.093102, -0.020270, -0.013998, -0.111473, 0.048791, 0.070389, -0.023603, 0.036726, -0.060735, -0.019467, -0.028547, 0.023180, -0.070684, -0.001901, 0.022637, -0.011333, -0.009948, -0.024796]

=== CHUNK hdfc_elss_tax_saver::4::0 ===
source_url: https://groww.in/mutual-funds/hdfc-elss-tax-saver-fund-direct-plan-growth
scheme: HDFC ELSS Tax Saver Fund - Direct Plan - Growth
category: elss
plan_variant: direct_growth
section: Tax
fact_type: general
authority: page_text
is_atomic: true
char_len: 256
source_fetched_at: 2026-09-28T13:12:28+00:00
content_hash: 5611a80d32673e91f717935f5b19079262391dec24ce690985075f3fcfa5d62b
---
Tax
A percentage of your capital gains payable to the government upon exiting your mutual fund investments. Taxation is categorized as long-term capital gains (LTCG) and short-term capital gains (STCG) depending on your holding period and the type of fund.

embedding_dim: 384
embedding: [0.045199, -0.081162, -0.013279, 0.004471, 0.116711, 0.068932, 0.081745, 0.036595, 0.008286, 0.026332, 0.009733, 0.017792, -0.071654, -0.012336, -0.021195, -0.052049, -0.063911, 0.044842, 0.039504, -0.024102, 0.050077, 0.002299, -0.012816, 0.027755, 0.130319, -0.069667, -0.023953, -0.002469, 0.025471, -0.012168, -0.004616, 0.014227, -0.092816, -0.031153, -0.048707, 0.048733, 0.000357, -0.083433, 0.035614, -0.057994, 0.021101, -0.009610, 0.035923, 0.009221, -0.028802, 0.012713, 0.032053, 0.006956, -0.035477, 0.026377, 0.073100, 0.039266, -0.080390, 0.095152, -0.029045, -0.010856, -0.030142, 0.038795, 0.012561, -0.020022, -0.070887, -0.056924, 0.060927, -0.005699, -0.003603, -0.018221, -0.037392, 0.033139, 0.039086, -0.029364, -0.004904, -0.026743, -0.041153, -0.086397, -0.104109, 0.038751, 0.008711, 0.072611, 0.021438, -0.062048, 0.001091, 0.092035, 0.105061, -0.050912, 0.004637, -0.001603, 0.074211, 0.031166, 0.059218, 0.058671, 0.054957, 0.030351, -0.027153, 0.015132, -0.057909, -0.040632, -0.001215, -0.063324, -0.041893, 0.016748, 0.048149, -0.028938, -0.027925, 0.005856, 0.034956, -0.033346, -0.017475, -0.008285, 0.010256, -0.080125, -0.081063, 0.160409, -0.020334, 0.015486, -0.046855, 0.112751, -0.053729, -0.030059, 0.064011, -0.059070, -0.014549, -0.017868, -0.034672, -0.006175, -0.047827, -0.036733, 0.006545, -0.000000, -0.084370, 0.018044, 0.025386, -0.004611, -0.069170, 0.017620, 0.085923, -0.051296, -0.022453, -0.084441, 0.009084, 0.022191, -0.013218, 0.039181, 0.044221, -0.131947, -0.038653, 0.075823, 0.107557, -0.046497, 0.059152, 0.078687, 0.020880, 0.010406, 0.071401, 0.021329, -0.059026, -0.013474, -0.057196, 0.039142, 0.042337, 0.080193, 0.001410, -0.033284, -0.058756, 0.008643, -0.047557, -0.032013, 0.028286, 0.001448, -0.009357, -0.043691, 0.044513, -0.063615, -0.159480, -0.016652, 0.054344, 0.060024, -0.042346, -0.027507, 0.038758, -0.103927, -0.068899, -0.031717, 0.029733, 0.007730, -0.063791, -0.057460, -0.043398, -0.017194, 0.031192, -0.029376, -0.045296, 0.019266, -0.077619, 0.053957, -0.051840, -0.000286, 0.060347, 0.025846, -0.023528, -0.010391, 0.005078, 0.057481, 0.105543, -0.023955, -0.093149, 0.045860, 0.029423, 0.078085, 0.002352, -0.004047, -0.072683, -0.072444, 0.070044, 0.016963, 0.029422, -0.001899, -0.002329, -0.033784, 0.021535, -0.026897, 0.046760, 0.023355, -0.072620, -0.000000, 0.002078, 0.008027, 0.035985, 0.021350, -0.038968, -0.012867, 0.016429, -0.000365, -0.049327, 0.079495, 0.003026, -0.050151, -0.103705, -0.027005, -0.077452, -0.139339, -0.000360, -0.014594, -0.004262, -0.022750, 0.046023, -0.036969, 0.018462, 0.070488, -0.038363, -0.015084, -0.074717, 0.048454, -0.032364, 0.036420, 0.050619, 0.067152, -0.033891, -0.011624, 0.022263, -0.043447, 0.054389, -0.026102, 0.051826, 0.050922, 0.015269, 0.020011, 0.120968, 0.051623, 0.069296, -0.038667, -0.015829, 0.055787, 0.009795, 0.014117, -0.024787, -0.032319, -0.000747, -0.056630, -0.066056, 0.042613, -0.005426, -0.008935, -0.076502, 0.024027, 0.055877, 0.047827, -0.026926, 0.062237, -0.010963, -0.078397, -0.020503, -0.070814, 0.080906, -0.032535, 0.042076, 0.006522, -0.025458, -0.015382, 0.018198, -0.010751, 0.079488, 0.024976, 0.086965, -0.019408, 0.045376, -0.022022, 0.024382, 0.001082, -0.002887, -0.006225, 0.008897, -0.035977, 0.069852, -0.061708, -0.024624, -0.017590, 0.093702, 0.042987, 0.038477, -0.000000, -0.023804, -0.007127, 0.018624, 0.003093, -0.068602, 0.038802, -0.015255, -0.032974, 0.014928, -0.023196, 0.025641, 0.029103, -0.077427, -0.044446, -0.140949, -0.018082, -0.016697, 0.043929, 0.033624, 0.018934, 0.049995, -0.019166, -0.014333, 0.094515, 0.038215, -0.031040, 0.113681, 0.072258, 0.010584, 0.049311, 0.058191, 0.013572, -0.029077, 0.106112, -0.018851, 0.060847, 0.039816, 0.016743, 0.049945, 0.169313, 0.003775, 0.049510, 0.068371, -0.030476, -0.124892, -0.001257, -0.033496, -0.032375, -0.022393, -0.051718, 0.093938, -0.038044, -0.088969, -0.039799, -0.050522, -0.021846, -0.029294, 0.044753, -0.088481, -0.081480, -0.027408, -0.055642, 0.029454, -0.005127]

=== CHUNK hdfc_elss_tax_saver::5::0 ===
source_url: https://groww.in/mutual-funds/hdfc-elss-tax-saver-fund-direct-plan-growth
scheme: HDFC ELSS Tax Saver Fund - Direct Plan - Growth
category: elss
plan_variant: direct_growth
section: Exit load
fact_type: exit_load
authority: page_text
is_atomic: true
char_len: 159
source_fetched_at: 2026-09-28T13:12:28+00:00
content_hash: 5611a80d32673e91f717935f5b19079262391dec24ce690985075f3fcfa5d62b
---
Exit load
A fee payable to a mutual fund house for exiting a fund (fully or partially) before the completion of a specified period from the date of investment.

embedding_dim: 384
embedding: [0.056902, 0.010251, -0.041701, 0.051720, 0.088564, 0.010061, 0.041278, -0.014979, 0.006100, 0.052224, -0.044543, 0.012784, -0.041278, 0.019864, -0.054330, -0.056194, -0.037347, -0.001777, 0.051542, 0.072269, 0.049296, -0.018388, -0.003165, 0.037348, 0.077765, -0.038981, 0.028870, -0.022254, -0.020044, -0.018404, 0.016735, -0.008113, -0.080776, -0.091869, 0.054674, 0.082998, -0.084051, 0.011330, 0.013002, 0.006213, 0.027246, 0.012186, 0.066283, 0.038585, -0.023071, 0.091665, -0.044285, 0.022843, 0.001276, 0.088782, 0.033244, 0.023866, -0.021132, 0.038897, -0.013641, 0.067274, 0.053220, -0.053127, -0.035238, 0.022622, -0.008012, -0.028592, -0.035805, -0.014931, 0.003489, 0.025393, -0.028012, 0.024046, 0.054031, 0.013647, 0.021369, -0.063370, -0.086432, -0.067141, 0.000603, 0.071029, 0.029696, 0.018077, -0.015885, -0.057027, -0.033433, 0.012166, 0.126005, -0.018617, -0.000727, 0.016407, 0.033497, 0.006296, 0.134403, 0.012931, 0.001398, 0.061798, -0.019697, -0.003043, 0.025021, -0.022298, -0.026624, -0.090230, -0.034433, 0.036533, 0.040036, -0.055489, -0.062289, -0.004397, 0.026169, -0.063423, 0.030988, 0.009943, 0.020515, -0.002053, -0.046196, 0.021837, 0.123739, -0.054226, 0.051856, 0.125189, -0.060009, 0.028246, 0.166850, -0.040079, 0.061045, 0.053355, -0.047214, -0.097522, -0.036701, -0.022114, 0.031371, -0.000000, -0.033199, -0.072862, -0.013550, -0.009071, -0.085226, -0.015399, 0.006182, 0.011083, -0.031114, -0.084110, 0.071460, -0.078511, -0.052808, -0.069889, -0.027191, -0.131913, 0.060863, 0.120753, 0.139723, -0.021115, 0.094069, -0.008228, -0.007003, -0.026128, 0.030182, -0.032633, -0.014555, -0.017481, 0.062735, 0.037897, 0.032991, 0.002577, -0.064143, -0.023392, -0.057172, -0.022393, -0.055584, 0.010729, 0.000513, -0.042396, -0.002297, 0.025292, -0.005247, -0.030499, -0.115074, -0.076470, 0.144091, 0.006895, -0.057487, -0.007587, -0.042568, -0.097022, -0.033014, -0.007655, -0.017276, -0.023423, -0.040298, -0.036034, -0.028464, -0.049620, 0.072453, 0.001910, -0.075777, 0.046523, -0.073980, -0.007145, -0.026226, -0.012114, -0.044272, 0.052568, -0.032450, -0.018276, 0.069935, -0.055947, 0.021685, -0.010769, -0.015262, 0.017129, 0.103464, 0.065079, 0.061101, -0.039768, -0.013836, 0.026737, 0.109252, 0.014871, 0.060523, -0.054093, -0.066101, -0.087619, -0.013338, -0.042829, -0.000554, 0.028428, -0.000438, 0.000000, 0.019504, -0.028265, 0.046322, 0.051979, 0.002792, 0.002485, -0.013057, -0.001529, 0.036326, 0.064898, -0.021054, -0.057415, -0.001741, -0.028183, -0.068508, -0.126573, 0.015829, -0.048089, 0.027318, 0.044345, 0.036871, -0.052675, -0.049247, -0.027998, 0.013816, 0.005439, -0.039516, 0.051027, -0.137433, 0.061481, -0.017264, -0.017212, -0.026357, 0.038498, -0.074173, 0.028868, 0.002661, 0.040032, -0.047156, 0.080907, 0.058098, 0.018219, 0.084002, -0.022739, 0.071331, -0.044394, -0.052150, -0.023060, 0.027285, 0.028403, -0.123989, -0.046848, 0.029242, -0.016164, -0.087620, -0.001096, 0.097608, 0.088189, -0.007150, 0.041889, 0.042228, 0.011165, 0.078043, 0.003185, -0.020999, -0.011770, -0.053978, -0.029812, 0.013342, 0.004203, -0.003936, 0.077115, 0.015689, 0.042019, 0.037187, 0.052183, 0.089847, -0.088559, 0.008476, -0.014506, 0.033278, -0.011278, -0.017213, 0.034773, 0.043419, -0.039538, -0.040504, -0.050912, 0.010187, -0.006927, 0.018636, -0.053417, 0.159199, 0.032198, -0.046847, -0.000000, -0.001157, 0.005725, 0.090751, -0.046930, 0.022501, -0.065803, 0.080361, 0.023452, 0.044246, -0.014811, 0.080421, 0.046251, 0.011943, 0.044036, -0.117492, -0.060575, 0.042366, 0.023343, -0.011740, -0.005912, 0.006439, -0.018011, -0.036977, -0.008416, 0.015828, -0.051382, 0.050942, -0.000989, 0.036745, -0.030222, -0.028652, 0.048355, 0.014879, 0.030621, -0.100889, 0.099535, -0.039436, 0.023026, -0.038942, 0.107061, 0.034396, 0.019872, 0.017261, -0.047331, 0.033400, 0.001407, -0.063105, -0.021866, -0.027262, -0.068532, 0.050422, -0.019483, -0.031865, 0.048470, 0.001230, -0.033001, -0.035352, 0.038530, -0.108199, -0.004789, 0.002676, -0.048208, 0.009178, 0.006567]

=== CHUNK hdfc_elss_tax_saver::6::0 ===
source_url: https://groww.in/mutual-funds/hdfc-elss-tax-saver-fund-direct-plan-growth
scheme: HDFC ELSS Tax Saver Fund - Direct Plan - Growth
category: elss
plan_variant: direct_growth
section: Stamp duty | Exit Load | Exit load
fact_type: exit_load
authority: page_text
is_atomic: true
char_len: 121
source_fetched_at: 2026-09-28T13:12:28+00:00
content_hash: 5611a80d32673e91f717935f5b19079262391dec24ce690985075f3fcfa5d62b
---
Stamp duty
A form of tax payable for the purchase or sale of an asset or security.
Exit Load
01 Jan 2013
--
Exit load
Nil

embedding_dim: 384
embedding: [-0.084568, 0.070792, -0.016071, -0.022846, -0.035189, -0.001354, 0.101123, -0.023626, -0.075741, -0.022835, 0.025545, 0.006675, -0.051093, -0.023160, -0.045645, 0.023380, 0.023126, -0.006468, -0.055508, 0.061448, 0.037485, 0.015248, -0.031492, -0.000171, -0.066382, -0.003210, -0.071311, -0.015114, 0.027328, -0.065767, 0.060078, 0.021200, -0.076886, -0.032824, 0.066016, 0.009534, 0.015920, -0.077378, 0.040597, -0.060841, 0.051459, -0.103728, -0.063206, 0.042341, 0.009772, 0.075246, 0.071885, 0.020752, 0.023398, 0.099497, 0.048221, 0.032478, -0.024151, 0.089885, 0.028022, -0.094592, 0.069711, -0.038779, -0.053191, -0.012929, -0.079790, -0.007404, -0.077709, -0.018157, 0.076422, 0.007354, -0.035229, -0.107168, -0.062508, -0.105337, -0.015152, -0.084507, 0.004772, 0.023606, -0.033078, -0.048195, 0.046114, -0.016694, -0.033740, -0.104785, -0.026940, 0.095432, 0.014086, 0.019238, 0.020566, -0.029263, -0.038197, 0.028362, 0.149447, 0.083867, 0.004602, 0.046625, -0.000870, 0.052091, -0.024965, -0.040545, 0.009857, -0.001118, -0.043388, 0.047207, 0.077727, 0.026946, -0.039145, -0.016935, -0.058082, 0.000055, -0.044281, -0.006557, -0.034989, -0.005871, 0.004970, -0.010653, -0.078152, -0.110233, 0.035753, -0.008689, -0.102694, 0.023946, 0.128019, -0.149208, 0.048241, -0.010283, -0.065010, -0.090304, -0.033404, -0.010495, 0.099884, -0.000000, -0.018870, -0.010751, -0.009959, 0.013369, -0.026696, -0.002523, 0.036768, 0.005799, -0.020828, 0.039513, 0.073023, -0.052473, -0.009862, -0.017734, 0.071643, 0.063409, -0.012380, 0.012816, 0.170891, 0.037794, 0.073262, -0.036217, 0.021064, -0.013469, 0.013957, 0.102032, -0.046047, -0.041089, -0.009702, 0.052354, 0.143649, -0.035912, 0.071571, -0.039332, -0.041817, -0.005555, 0.002723, -0.015481, 0.004981, -0.056630, 0.005897, -0.031191, 0.039331, 0.030213, -0.130892, -0.044396, 0.059243, 0.002651, 0.021999, 0.026811, 0.006113, -0.081873, 0.023682, -0.022215, -0.000723, -0.046849, -0.034987, -0.023071, -0.012542, -0.046072, 0.045688, -0.021084, -0.018787, 0.054482, 0.012274, -0.059178, -0.048395, -0.050080, 0.022746, 0.029499, -0.042263, -0.004896, 0.105373, -0.032946, 0.041792, -0.033599, -0.008657, 0.015799, 0.126360, 0.057384, -0.048546, -0.017435, -0.053858, -0.050664, 0.010896, 0.033070, 0.021362, -0.090888, -0.046335, -0.049171, -0.062187, -0.044698, -0.026223, -0.004865, 0.038334, -0.000000, 0.063768, 0.000023, -0.087349, 0.045454, -0.027134, -0.004380, -0.006438, -0.016835, -0.054613, 0.131078, -0.056201, -0.017758, -0.025830, 0.068913, -0.020986, -0.051491, -0.059345, -0.015806, -0.009413, -0.014756, 0.000510, 0.056604, 0.036935, 0.108166, -0.012113, -0.022021, -0.052494, -0.003204, 0.022910, 0.002105, -0.007524, -0.026257, 0.075436, 0.009826, -0.052112, 0.025576, 0.065718, 0.016095, 0.027402, 0.021489, 0.017562, 0.037810, 0.074475, 0.020862, -0.048393, -0.061902, -0.053979, 0.072536, 0.018756, 0.028162, 0.017342, 0.046536, -0.021399, 0.036177, -0.024888, 0.091317, -0.018230, -0.009076, 0.007357, -0.008358, 0.046729, -0.016745, 0.033045, -0.025996, 0.044655, -0.021306, 0.009947, -0.009223, 0.047612, 0.011965, -0.050186, -0.024077, 0.077788, -0.083970, -0.037790, -0.039393, 0.094603, -0.039827, -0.020933, -0.024253, 0.028103, -0.057373, -0.047309, 0.108135, 0.027991, -0.006429, 0.014955, -0.012771, 0.055586, -0.008682, -0.043315, 0.056989, 0.005817, 0.022893, -0.076116, -0.000000, -0.036905, 0.026095, 0.029999, 0.028470, 0.030795, 0.037624, 0.059892, 0.003791, 0.000656, 0.039634, 0.130152, -0.022998, -0.013638, -0.038850, -0.053457, 0.042524, 0.021406, -0.002037, -0.057899, -0.025591, 0.000115, -0.022127, -0.014953, 0.003321, -0.057163, -0.027265, 0.014165, -0.004947, 0.061019, 0.000877, -0.028849, 0.064340, 0.090970, -0.046531, 0.017229, 0.093866, 0.010417, 0.003558, 0.030341, 0.098115, -0.044125, 0.032423, 0.018182, 0.004013, -0.050000, -0.006767, -0.176232, -0.022341, -0.049903, -0.024741, 0.036299, -0.033059, -0.039716, 0.086758, -0.055322, 0.028464, -0.016633, -0.015731, 0.011548, 0.091996, 0.116376, -0.022423, -0.001102, 0.063711]

=== CHUNK hdfc_elss_tax_saver::9::0 ===
source_url: https://groww.in/mutual-funds/hdfc-elss-tax-saver-fund-direct-plan-growth
scheme: HDFC ELSS Tax Saver Fund - Direct Plan - Growth
category: elss
plan_variant: direct_growth
section: Stamp duty on investment: 0.005% (from July 1st, 2020)
fact_type: exit_load
authority: page_text
is_atomic: true
char_len: 128
source_fetched_at: 2026-09-28T13:12:28+00:00
content_hash: 5611a80d32673e91f717935f5b19079262391dec24ce690985075f3fcfa5d62b
---
Stamp duty on investment: 0.005% (from July 1st, 2020)
Stamp duty on investment:
0.005% (from July 1st, 2020)
from July 1st 2020

embedding_dim: 384
embedding: [0.028161, 0.001555, -0.007287, 0.032888, -0.025621, -0.024236, 0.020776, 0.021008, -0.081243, 0.022922, 0.061266, -0.004342, -0.049523, -0.002202, -0.063295, 0.055100, -0.033865, -0.075647, -0.064657, 0.026633, 0.002676, -0.044913, 0.013258, -0.006492, 0.071271, 0.038919, -0.029610, 0.015235, -0.000639, -0.024772, -0.041806, 0.075384, -0.030663, -0.042964, 0.002244, -0.004180, 0.000832, -0.005210, 0.084496, -0.031048, -0.015094, -0.107880, -0.020192, 0.018356, 0.011675, 0.020632, 0.020033, 0.090347, 0.025785, 0.100658, -0.009193, 0.059798, -0.040966, -0.033803, 0.009656, -0.016558, 0.018355, 0.004000, 0.000589, -0.001007, -0.098341, -0.012664, -0.003590, 0.000949, 0.057535, -0.052485, -0.081255, -0.049908, -0.106145, -0.073404, 0.026263, -0.029973, -0.086043, -0.065785, -0.046868, 0.018123, 0.041062, 0.072981, 0.046608, -0.107480, -0.010538, -0.050322, 0.028188, -0.016490, -0.021919, -0.025654, 0.027428, 0.055406, 0.135515, 0.062116, 0.075241, 0.000825, -0.039212, 0.082332, -0.128642, 0.027771, -0.061226, 0.008724, -0.072059, 0.017942, 0.038271, 0.013647, -0.074257, -0.042452, -0.054024, -0.004321, -0.002754, -0.070521, -0.030027, -0.055574, -0.020948, -0.013274, -0.028460, -0.065930, -0.086291, -0.013892, -0.025136, -0.036707, 0.160550, -0.065662, 0.088284, 0.015147, -0.066953, -0.011629, -0.114770, -0.046983, 0.027126, 0.000000, -0.022487, -0.001642, 0.018878, 0.016226, -0.093906, -0.062001, 0.079791, 0.018691, -0.026994, -0.044417, 0.028471, -0.034602, 0.018453, 0.013181, 0.028573, 0.000564, -0.029507, 0.017295, 0.100490, 0.033778, 0.032526, -0.043108, -0.005879, 0.019914, 0.069823, 0.045651, -0.043909, -0.084197, -0.075082, 0.063814, 0.136192, 0.039456, -0.025616, -0.094911, -0.025712, 0.078814, 0.015805, -0.027144, -0.001772, 0.019518, -0.018831, 0.024736, 0.030024, -0.009034, -0.079155, 0.001387, 0.077113, 0.018182, 0.085846, 0.023235, -0.001624, -0.038543, -0.029694, -0.013321, -0.011984, -0.041417, -0.052955, -0.062286, -0.039540, -0.035439, 0.031458, -0.016830, -0.037740, 0.007760, -0.046927, 0.068909, 0.031954, 0.022450, 0.016778, 0.057170, 0.031334, -0.026904, 0.032285, -0.086499, 0.049442, -0.025776, 0.041947, 0.014796, 0.103733, 0.038304, -0.056024, 0.014361, -0.026878, -0.094989, 0.025501, 0.009378, 0.093294, 0.063181, 0.033297, -0.015201, -0.003869, -0.055935, 0.020723, 0.025818, -0.022921, -0.000000, -0.010653, 0.129689, 0.030609, 0.030462, -0.053411, -0.028085, 0.057514, 0.068021, 0.001161, 0.103016, -0.047227, 0.024457, 0.004266, 0.050552, -0.104741, -0.043312, -0.015165, 0.041318, -0.027314, -0.075381, -0.018162, 0.042265, 0.067154, 0.183458, -0.011718, 0.001603, -0.026024, -0.018132, 0.044318, -0.032880, -0.036607, -0.066345, 0.063527, 0.007501, -0.041349, 0.007712, 0.075474, 0.002190, 0.071324, 0.028218, 0.019739, -0.011738, 0.041960, 0.049253, -0.028218, -0.059343, 0.044374, 0.094557, 0.066676, -0.005918, 0.006189, 0.047701, -0.043416, 0.070322, -0.030032, 0.106954, 0.012104, -0.013252, -0.094811, 0.016224, -0.015670, 0.069436, 0.024932, -0.004096, 0.032147, -0.027968, -0.002878, -0.029401, 0.059939, -0.030086, 0.004599, 0.008175, 0.020827, -0.113825, -0.039389, 0.011588, 0.126836, -0.028797, 0.011774, 0.023288, -0.024346, 0.035337, -0.039744, 0.036119, -0.052572, 0.007353, 0.016592, -0.057592, -0.014443, 0.008554, -0.094883, 0.068149, 0.006567, -0.026670, -0.036047, -0.000000, -0.019271, 0.008226, -0.022392, 0.055903, 0.033852, 0.036149, 0.027081, -0.001010, 0.022333, 0.003031, 0.085192, 0.000058, -0.073833, -0.064642, -0.066789, 0.009138, -0.040001, 0.043335, -0.038247, -0.029304, 0.093296, 0.024919, 0.064752, -0.027779, -0.066041, 0.018830, -0.014930, 0.007578, -0.015661, 0.018572, -0.001633, 0.003035, 0.102700, -0.051724, -0.008423, 0.013748, 0.035383, 0.006802, 0.045426, 0.038929, -0.006581, -0.061207, 0.005523, -0.000075, -0.027119, -0.052334, -0.147584, -0.051388, 0.019943, -0.139801, 0.067782, 0.012773, -0.038402, 0.047678, 0.012908, 0.040616, -0.078071, -0.014389, -0.050957, 0.036420, 0.087920, -0.101054, -0.033772, 0.070251]

=== CHUNK hdfc_elss_tax_saver::10::0 ===
source_url: https://groww.in/mutual-funds/hdfc-elss-tax-saver-fund-direct-plan-growth
scheme: HDFC ELSS Tax Saver Fund - Direct Plan - Growth
category: elss
plan_variant: direct_growth
section: Tax implication
fact_type: general
authority: page_text
is_atomic: true
char_len: 189
source_fetched_at: 2026-09-28T13:12:28+00:00
content_hash: 5611a80d32673e91f717935f5b19079262391dec24ce690985075f3fcfa5d62b
---
Tax implication
If you redeem within one year, returns are taxed at 20%. If you redeem after one year, returns exceeding Rs 1.25 lakh in a financial year are taxed at 12.5%.
Check past data

embedding_dim: 384
embedding: [-0.021293, -0.029618, -0.029164, -0.020686, 0.007865, 0.031351, 0.077463, 0.045174, 0.007372, 0.005640, 0.081646, 0.015228, -0.063622, -0.017473, 0.016313, 0.001828, -0.045190, -0.026675, -0.024896, -0.023217, 0.133668, -0.047354, -0.083839, -0.030598, 0.100436, -0.071269, 0.006991, -0.010719, -0.022929, -0.007546, 0.079517, 0.013517, -0.053781, -0.046699, -0.006254, 0.001344, 0.017834, -0.052281, 0.011954, -0.032596, -0.070139, 0.030819, -0.039534, -0.044342, 0.056719, -0.046024, 0.021537, 0.065701, -0.024696, 0.104064, 0.015200, 0.112822, -0.015413, 0.046768, -0.034638, -0.098776, -0.041891, 0.088827, -0.008977, -0.107298, -0.040424, -0.033142, -0.002342, -0.026288, -0.029963, 0.009688, 0.001268, -0.078983, -0.027861, -0.031208, -0.048035, -0.086374, -0.011282, -0.061664, -0.042518, -0.066473, -0.004634, 0.081750, -0.049440, -0.059968, 0.068254, 0.050196, -0.018107, -0.095018, -0.002654, -0.003166, 0.016030, 0.039706, 0.020233, 0.038886, 0.108699, 0.040624, 0.039597, 0.053127, -0.034198, -0.032001, -0.007554, -0.005717, 0.072884, 0.032588, -0.030250, 0.077013, -0.064975, -0.022713, 0.002324, -0.017640, 0.008925, 0.033233, 0.027169, -0.059967, 0.007153, 0.064172, -0.003755, 0.034190, -0.025650, 0.062943, -0.080156, -0.010297, -0.031215, -0.038284, 0.067196, 0.011888, -0.006346, -0.036941, -0.039930, -0.120648, 0.042212, 0.000000, -0.020238, 0.027777, -0.039329, -0.111008, -0.034780, -0.003563, 0.061803, 0.053902, -0.018683, 0.003246, -0.029215, -0.033677, 0.033966, -0.037847, 0.013568, 0.058465, -0.038864, 0.001002, 0.079696, 0.040854, 0.024525, -0.069208, 0.039846, -0.008841, -0.030122, 0.066505, -0.042209, -0.025294, -0.046788, 0.006528, 0.059432, 0.044113, 0.064673, -0.088061, -0.030352, 0.083503, 0.121745, -0.011376, 0.020569, 0.009415, 0.008768, 0.055603, 0.047116, 0.003187, -0.075435, -0.071342, 0.017550, 0.009059, -0.002331, 0.075029, -0.043472, 0.004976, -0.003554, -0.030751, -0.036213, -0.008279, -0.015402, -0.002504, 0.014128, 0.013193, 0.035759, -0.114957, 0.006013, -0.025553, -0.076273, -0.020563, 0.114185, -0.023476, -0.004393, -0.008964, -0.013451, -0.039267, 0.028322, -0.024834, 0.054498, 0.046471, 0.051418, 0.014725, 0.079855, 0.058701, -0.041400, -0.041259, -0.127045, -0.058539, 0.019024, 0.084364, 0.045958, -0.055814, 0.014164, 0.017189, 0.084246, -0.043183, 0.019030, -0.059784, 0.077038, -0.000000, 0.012884, 0.038061, -0.046591, 0.012924, -0.061836, 0.050738, 0.041184, 0.112577, -0.102743, 0.119315, 0.010066, 0.019587, 0.048024, 0.043589, 0.033227, 0.029276, -0.002561, 0.056565, 0.006658, -0.036390, 0.018941, 0.070115, 0.070108, 0.080014, -0.009033, 0.057293, -0.064474, 0.031730, 0.000943, -0.022417, 0.087807, -0.016583, -0.049089, -0.046116, 0.039774, -0.025954, 0.035249, -0.072573, 0.049559, 0.050413, -0.021289, 0.019652, -0.016027, -0.048293, 0.074582, -0.078746, -0.021841, 0.086979, 0.089826, -0.074831, 0.133321, 0.025061, 0.021868, -0.053689, -0.023565, 0.071354, -0.033608, -0.008467, -0.068980, -0.035584, -0.014388, -0.026630, -0.012467, 0.088631, -0.012177, -0.091242, 0.100720, -0.025076, 0.127626, -0.054826, 0.021718, -0.092248, 0.008686, -0.021731, -0.016255, 0.047875, -0.042310, 0.031951, 0.081336, 0.012405, -0.028473, 0.024465, 0.031792, 0.021054, 0.016268, -0.131021, 0.031101, -0.050575, 0.007064, -0.002989, -0.002212, -0.005745, 0.013139, -0.013912, 0.050361, -0.000000, 0.019655, -0.012887, 0.016966, 0.052333, -0.013431, 0.055323, -0.024061, -0.015475, -0.091137, -0.046937, 0.053584, -0.038050, -0.085768, -0.046070, -0.073212, 0.023797, -0.042179, 0.018935, -0.001624, -0.000395, 0.090757, 0.032901, 0.024004, -0.026810, -0.048629, -0.015871, 0.060661, 0.085777, 0.018935, -0.042972, 0.007981, -0.007860, 0.013515, -0.006823, -0.038305, -0.060724, 0.039416, 0.018832, 0.009068, 0.009975, 0.026480, -0.118794, 0.002081, -0.020582, -0.125413, -0.015303, -0.087785, -0.043000, -0.027583, -0.120019, 0.027206, 0.021592, -0.079217, -0.030573, -0.048461, 0.014117, -0.088094, 0.075344, -0.005184, -0.036566, 0.050354, -0.007202, -0.077486, -0.024317]

=== CHUNK hdfc_elss_tax_saver::11::0 ===
source_url: https://groww.in/mutual-funds/hdfc-elss-tax-saver-fund-direct-plan-growth
scheme: HDFC ELSS Tax Saver Fund - Direct Plan - Growth
category: elss
plan_variant: direct_growth
section: AK Amar Kalkundrikar Dec 2025 - Present View details
fact_type: general
authority: page_text
is_atomic: true
char_len: 469
source_fetched_at: 2026-09-28T13:12:28+00:00
content_hash: 5611a80d32673e91f717935f5b19079262391dec24ce690985075f3fcfa5d62b
---
AK Amar Kalkundrikar Dec 2025 - Present View details
AK
Amar Kalkundrikar
Dec 2025
- Present
View details
Education
Mr. Kalkundrikar has done B.Com, CA, CFA, and MBA from Columbia Business School.
Experience
Prior to joining HDFC Asset Management Company Limited, he has worked with Nippon India Mutual Fund, and HDFC AMC. He worked with multiple roles at HDFC MF.
Also manages these schemes
HDFC ELSS Tax Saver Fund Direct Plan Growth
HDFC Multi Cap Fund Direct Growth

embedding_dim: 384
embedding: [0.003466, -0.040417, -0.078361, -0.027987, 0.055509, 0.101906, 0.036336, 0.020796, -0.016397, 0.049685, -0.045662, -0.061180, -0.043505, -0.068285, -0.002240, -0.017207, -0.044155, -0.013773, 0.015039, -0.066957, -0.024380, -0.054324, -0.025878, -0.032208, 0.049046, -0.032421, 0.018422, -0.002560, -0.041218, -0.056479, 0.060725, 0.023947, 0.005366, 0.012739, 0.031453, 0.056968, -0.148873, 0.054211, -0.016701, -0.068256, 0.032683, -0.054152, -0.013428, -0.106688, 0.027411, -0.056231, -0.028992, 0.006380, -0.006637, 0.080826, -0.053393, -0.012947, 0.007660, -0.053223, 0.049784, 0.047292, -0.030073, 0.003658, 0.063176, -0.022072, -0.037343, -0.043398, 0.057294, -0.027515, 0.063650, -0.034999, 0.003685, 0.027784, -0.002297, -0.015665, -0.027874, -0.107966, -0.068426, -0.016480, -0.039219, -0.018045, -0.003219, 0.081879, 0.071785, -0.066239, -0.037351, 0.043840, -0.002626, 0.000505, -0.074546, 0.004135, 0.049180, -0.061795, 0.006171, -0.020029, 0.121926, 0.046782, 0.061264, 0.014712, -0.099587, -0.038683, -0.062172, 0.000637, -0.048175, -0.000979, 0.035541, 0.048786, -0.044858, -0.065379, -0.076597, -0.066658, 0.036976, 0.026650, 0.029662, -0.007564, -0.022458, 0.071548, -0.063326, -0.028994, 0.047986, -0.024398, -0.060584, -0.112231, 0.018799, -0.014386, 0.035388, -0.008620, 0.004734, -0.068004, -0.005145, -0.056410, -0.020333, 0.000000, -0.063454, 0.055686, 0.042213, -0.029739, -0.016403, -0.065407, 0.043409, 0.021837, -0.028895, 0.020633, 0.006361, 0.081257, -0.022098, -0.045094, -0.080979, -0.058285, -0.025169, 0.073265, 0.011950, 0.049623, 0.033507, 0.053182, 0.057470, -0.049177, 0.088516, 0.001572, 0.054080, -0.039456, 0.043380, 0.079228, 0.029353, 0.005167, -0.105835, -0.041512, -0.065262, -0.018059, -0.075449, -0.038392, -0.110012, -0.015845, -0.042321, 0.003634, 0.001650, -0.000149, -0.026202, 0.021592, 0.116406, 0.068392, 0.036366, 0.009163, -0.049645, -0.081817, 0.054993, -0.017141, 0.108151, 0.062020, -0.055712, -0.064510, 0.031412, 0.035692, -0.001120, -0.045012, -0.123966, 0.028248, -0.069588, -0.001715, 0.063450, -0.029367, 0.040147, -0.068747, 0.062113, -0.028537, 0.065182, 0.071905, -0.039342, -0.024732, -0.043239, 0.142807, -0.037015, 0.036986, -0.017530, 0.066852, 0.043756, -0.045778, 0.044994, 0.028570, 0.030238, -0.009613, 0.014946, 0.006711, -0.007527, -0.061109, 0.039925, 0.086276, -0.014070, -0.000000, 0.038602, -0.016726, -0.036880, 0.011401, 0.057081, 0.041079, 0.062271, 0.035223, 0.014565, 0.034982, 0.118303, 0.032045, -0.021135, -0.015261, -0.024083, -0.074784, 0.094795, -0.025351, -0.067532, -0.050667, 0.032608, -0.009896, 0.007958, 0.081831, -0.058360, 0.042068, -0.011317, 0.052998, -0.078970, 0.052940, 0.031175, -0.034314, -0.093050, 0.029739, -0.043144, -0.129953, 0.010392, 0.023504, -0.044565, 0.054909, 0.028475, 0.057382, 0.029430, -0.049104, 0.035121, -0.078354, 0.035739, -0.006478, 0.104060, -0.017835, -0.009643, -0.041525, 0.020048, -0.019643, -0.056798, 0.100196, 0.099962, 0.032650, 0.022327, 0.045615, 0.021805, 0.021076, 0.084342, 0.097220, 0.021214, -0.005717, 0.028672, -0.062434, -0.004215, -0.074004, 0.029646, -0.104043, 0.022364, 0.036976, 0.030911, 0.053261, -0.007697, -0.013771, 0.026999, -0.045215, 0.043594, 0.000027, -0.050801, 0.086155, -0.022703, -0.063702, -0.005755, -0.175297, 0.065388, -0.040780, -0.069208, -0.065123, 0.021997, 0.054350, -0.034327, -0.000000, 0.010482, -0.012273, -0.024247, -0.036075, 0.004014, -0.044064, -0.105202, -0.003381, 0.023357, 0.007216, 0.041033, 0.018252, -0.033562, 0.001368, 0.017922, -0.020192, 0.008444, 0.086677, -0.008608, -0.024377, 0.099587, 0.008317, 0.040621, -0.006631, 0.065551, 0.048067, 0.010926, 0.037951, 0.057202, 0.027455, -0.002419, 0.048047, 0.051707, 0.038382, 0.013655, 0.056546, 0.030395, 0.007054, 0.019622, 0.100398, -0.032335, -0.036230, 0.048083, -0.060118, -0.057576, 0.028349, -0.065943, -0.026352, -0.006838, -0.079572, -0.058851, -0.027472, 0.001909, 0.006888, 0.033339, -0.038438, -0.024207, -0.042111, 0.015382, -0.012586, 0.083128, -0.096728, -0.039011, 0.074880]

=== CHUNK hdfc_elss_tax_saver::12::0 ===
source_url: https://groww.in/mutual-funds/hdfc-elss-tax-saver-fund-direct-plan-growth
scheme: HDFC ELSS Tax Saver Fund - Direct Plan - Growth
category: elss
plan_variant: direct_growth
section: DM Dhruv Muchhal Jun 2023 - Present View details
fact_type: general
authority: page_text
is_atomic: false
char_len: 1159
source_fetched_at: 2026-09-28T13:12:28+00:00
content_hash: 5611a80d32673e91f717935f5b19079262391dec24ce690985075f3fcfa5d62b
---
DM Dhruv Muchhal Jun 2023 - Present View details
DM
Dhruv Muchhal
Jun 2023
- Present
View details
Education
Mr. Dhruv has done B.Com, CA and CFA
Experience
Prior to joining HDFC MF,he has worked with Motilal Oswal Financial Services Ltd., Goldman Sachs, CRISIL Global Research & Analytics and Deloitte Haskins & Sells
Also manages these schemes
HDFC Flexi Cap Direct Plan Growth
HDFC Value Fund Direct Plan Growth
HDFC Ultra Short to Short Term Fund Direct Growth
HDFC Focused Fund Direct Growth
HDFC Floating Interest Rates Fund Direct Plan Growth
HDFC Balanced Advantage Fund Direct Growth
HDFC Dynamic Term Fund Direct Plan Growth
HDFC Medium Term Fund Direct Growth
HDFC Medium to Long Term Fund Direct Growth
HDFC Infrastructure Fund Direct Growth
HDFC Corporate Bond Fund Direct Plan Growth
HDFC Conservative Hybrid Fund Direct Growth
HDFC Mid Cap Fund Direct Growth
HDFC Equity Savings Direct Plan Growth
HDFC Multi Asset Allocation Fund Direct Growth
HDFC Aggressive Hybrid Fund Direct Plan Growth
HDFC Short Term Fund Direct Plan Growth
HDFC ELSS Tax Saver Fund Direct Plan Growth
HDFC Large Cap Fund Direct Growth
HDFC Credit Risk Fund Direct Growth

embedding_dim: 384
embedding: [0.003806, -0.068160, -0.034056, 0.001224, 0.029630, -0.017315, -0.062087, -0.007960, -0.051752, -0.009853, 0.006740, -0.040348, -0.048299, -0.012718, 0.022232, -0.010758, 0.005012, 0.016494, -0.011508, -0.035504, -0.003591, -0.033096, 0.019770, -0.043868, -0.042542, 0.016940, -0.003214, 0.068793, -0.068310, -0.118284, 0.036831, 0.119026, 0.023243, 0.027951, 0.031645, 0.094195, -0.054163, 0.059718, 0.009584, -0.071780, -0.032755, -0.059150, 0.039960, -0.009152, 0.049422, -0.035327, -0.040280, -0.003539, 0.017000, 0.031626, -0.093275, -0.001728, 0.038790, 0.000545, 0.009015, -0.016892, -0.014039, 0.019238, -0.010080, -0.016389, -0.091596, 0.033608, -0.001959, 0.034352, -0.036733, -0.060525, -0.014159, 0.017522, -0.038464, -0.001073, -0.017232, -0.102781, -0.056270, 0.007689, -0.026860, -0.029307, -0.007097, -0.012858, 0.081165, -0.050043, 0.003223, 0.038803, 0.013470, 0.035951, -0.039381, -0.041275, 0.000777, -0.036988, 0.024197, -0.092065, 0.078552, 0.046053, -0.011196, 0.044687, -0.062722, -0.071154, -0.003883, -0.009982, -0.073595, 0.006352, 0.029719, -0.002109, -0.039014, -0.026260, -0.084646, -0.058241, 0.068868, 0.098218, 0.034356, -0.000493, -0.019385, 0.091715, -0.005675, -0.064313, 0.032571, -0.087350, -0.086285, -0.059282, 0.032609, 0.019404, -0.044942, 0.063711, -0.021598, -0.012109, -0.083483, -0.004518, -0.055128, 0.000000, -0.015794, 0.044551, 0.025867, 0.020572, -0.085142, -0.015034, 0.102045, 0.015031, -0.090686, 0.063725, 0.005988, 0.064168, -0.039186, 0.060124, -0.026526, -0.090183, 0.003511, 0.030079, -0.011157, 0.025584, 0.034467, 0.058307, 0.084649, -0.044384, 0.134729, -0.044422, 0.079440, 0.009683, 0.042570, 0.063977, -0.020876, -0.053394, -0.087267, -0.088360, -0.063797, 0.079264, -0.102153, -0.088496, -0.069574, -0.094170, -0.037429, 0.012407, -0.028716, -0.072955, -0.081903, 0.055372, 0.084991, 0.067450, -0.030964, -0.021358, -0.026552, -0.043495, -0.032511, -0.012333, 0.008859, 0.093451, -0.021686, -0.030619, -0.004151, 0.036968, -0.108772, -0.037425, -0.153811, 0.048894, -0.077390, 0.007141, 0.014261, -0.033539, 0.089525, 0.018870, 0.023636, -0.004305, 0.015839, 0.062876, 0.004719, -0.067262, 0.018715, 0.085835, 0.017371, 0.013405, 0.041102, 0.095401, 0.100029, -0.041764, 0.106874, 0.021134, 0.068109, -0.003151, -0.061114, 0.050117, -0.025027, -0.100365, 0.117146, 0.015549, -0.017737, -0.000000, -0.030113, -0.006819, 0.022648, -0.005533, 0.039034, 0.016559, -0.021645, -0.018630, 0.080963, -0.030366, 0.015273, 0.038043, -0.008062, -0.055259, -0.074318, -0.069245, -0.031677, -0.018863, 0.011811, -0.004304, 0.013034, 0.049879, -0.021892, 0.052746, -0.048986, 0.012803, -0.007354, 0.081802, -0.004495, 0.073082, 0.004227, -0.062075, -0.130049, 0.076277, -0.018476, -0.056814, -0.035666, 0.035517, -0.027133, 0.083889, -0.007628, -0.017249, 0.054252, -0.074869, 0.011105, -0.065202, -0.025180, -0.038190, 0.033398, -0.008718, -0.084287, 0.007601, -0.040889, 0.001040, -0.005836, -0.012416, 0.074460, -0.013121, -0.041210, -0.023092, -0.027557, 0.068413, 0.042048, 0.083241, 0.061706, -0.029415, -0.055795, -0.108025, -0.032829, -0.065517, -0.016608, -0.007408, 0.004931, -0.017594, 0.027538, -0.003458, -0.068967, -0.026308, 0.000698, 0.060592, 0.092599, -0.027942, -0.021399, 0.090664, -0.026688, -0.019566, 0.057092, -0.066091, 0.016080, 0.012915, 0.002859, -0.087226, 0.020772, -0.007994, 0.007205, -0.000000, -0.027638, -0.000560, 0.009259, -0.003186, 0.020054, -0.031611, -0.016753, 0.029713, 0.033381, -0.007373, 0.153112, 0.030976, -0.064130, -0.046147, -0.000846, -0.043954, -0.033886, 0.057118, -0.028560, -0.004713, 0.046906, -0.000977, -0.013028, 0.089728, 0.081262, -0.013449, 0.010928, -0.037928, 0.034518, 0.059666, 0.018182, -0.023960, 0.031782, -0.034960, 0.074572, 0.056623, 0.020316, 0.033217, 0.048053, 0.099914, 0.002501, -0.011715, 0.033268, 0.002256, -0.027876, 0.008748, -0.134824, -0.009178, 0.035305, -0.121610, -0.000953, 0.006808, 0.057384, -0.016813, -0.001312, 0.050191, -0.017851, 0.027400, -0.021887, -0.019059, 0.131449, -0.086202, -0.010481, 0.073964]

=== CHUNK hdfc_elss_tax_saver::12::1 ===
source_url: https://groww.in/mutual-funds/hdfc-elss-tax-saver-fund-direct-plan-growth
scheme: HDFC ELSS Tax Saver Fund - Direct Plan - Growth
category: elss
plan_variant: direct_growth
section: DM Dhruv Muchhal Jun 2023 - Present View details
fact_type: general
authority: page_text
is_atomic: false
char_len: 1000
source_fetched_at: 2026-09-28T13:12:28+00:00
content_hash: 5611a80d32673e91f717935f5b19079262391dec24ce690985075f3fcfa5d62b
---
DM Dhruv Muchhal Jun 2023 - Present View details
HDFC ELSS Tax Saver Fund Direct Plan Growth
HDFC Large Cap Fund Direct Growth
HDFC Credit Risk Fund Direct Growth
HDFC Banking and PSU Debt Fund Direct Growth
HDFC Arbitrage Fund Direct Growth
HDFC Large & Mid Cap Fund Direct Growth
HDFC Small Cap Fund Direct Growth
HDFC Ultra Short Term Fund Direct Growth
HDFC Liquid Direct Plan Growth
HDFC Overnight Fund Direct Growth
HDFC Money Market Fund Direct Growth
HDFC Housing Opportunities Fund Direct Growth
HDFC Banking & Financial Services Fund Direct Growth
HDFC Multi Cap Fund Direct Growth
HDFC Business Cycle Fund Direct Growth
HDFC Long Term Fund Direct Growth
HDFC MNC Fund Direct Growth
HDFC Defence Fund Direct Growth
HDFC Consumption Fund Direct Growth
HDFC Transportation and Logistics Fund Direct Growth
HDFC Technology Fund Direct Growth
HDFC Pharma And Healthcare Fund Direct Growth
HDFC Manufacturing Fund Direct Growth
HDFC Children's Fund Direct Plan
HDFC Innovation Fund Direct Growth

embedding_dim: 384
embedding: [0.026302, -0.083034, -0.002436, -0.000939, 0.080854, 0.060179, -0.032119, 0.009490, -0.084466, 0.006044, -0.006720, -0.078565, -0.022102, -0.012344, 0.013668, -0.057203, -0.009133, -0.016230, 0.025906, -0.063388, 0.030946, -0.032564, 0.027736, -0.017045, -0.042525, 0.056652, -0.030005, 0.034954, -0.101719, -0.074855, 0.016426, 0.110376, 0.053938, 0.030820, 0.003630, 0.071984, 0.000341, 0.056247, 0.028497, -0.043885, -0.035573, -0.071860, 0.015385, -0.038101, 0.097746, -0.033163, -0.067512, -0.018133, 0.065612, 0.011559, -0.024845, 0.007628, 0.011713, 0.007397, 0.009097, -0.022039, -0.064762, -0.036441, -0.019069, 0.008924, -0.105454, 0.015353, 0.001088, -0.007671, -0.041748, -0.041851, 0.004436, 0.069177, -0.040274, 0.027317, -0.033742, -0.047808, -0.044215, 0.080092, -0.037672, -0.034627, 0.005971, 0.009059, 0.054600, -0.036965, -0.051513, 0.018862, 0.027148, 0.005934, -0.070955, 0.035817, 0.017066, -0.053829, 0.014308, -0.077882, 0.040727, -0.008769, 0.048313, 0.107315, -0.059996, -0.037291, -0.079032, -0.073558, -0.041800, -0.034447, 0.045216, -0.002407, 0.021262, -0.044569, -0.068546, -0.022462, 0.028301, 0.050870, 0.055159, -0.013221, -0.039100, 0.068698, -0.015982, -0.052920, -0.030227, -0.059656, -0.033659, -0.121004, 0.022819, 0.070182, 0.005538, 0.017627, -0.012983, -0.017802, -0.064323, 0.018217, -0.058045, 0.000000, -0.031747, -0.002705, 0.068541, 0.053367, -0.064246, -0.035427, 0.062694, 0.007054, -0.060241, 0.099612, -0.028614, 0.061753, -0.036809, 0.021977, 0.038723, -0.057625, -0.030310, 0.048261, 0.001438, 0.055222, -0.013353, 0.078284, 0.118240, -0.057107, 0.163558, -0.040400, 0.018857, -0.023520, 0.035590, 0.040669, -0.020646, -0.050206, -0.109065, -0.100930, -0.093671, 0.038180, -0.046689, -0.067336, -0.053320, -0.040738, -0.008167, -0.022146, -0.021015, -0.007254, -0.031128, 0.041167, 0.123071, 0.008139, -0.061494, -0.029340, -0.038077, -0.043541, 0.002601, -0.042612, 0.014086, 0.070824, -0.026354, -0.001054, 0.026498, 0.022123, -0.080799, -0.063018, -0.092922, 0.072773, -0.068838, 0.006726, 0.042925, -0.002127, 0.060578, -0.007579, 0.036857, -0.061418, -0.025004, 0.062091, 0.039671, 0.006287, -0.026154, 0.065038, -0.004137, 0.020040, -0.004499, 0.060819, 0.030472, 0.001367, 0.146946, 0.042189, 0.094796, -0.055672, -0.055514, 0.009207, -0.090678, -0.061149, 0.157153, -0.008222, -0.027750, -0.000000, 0.029650, 0.024445, -0.004405, 0.010417, 0.052777, 0.002807, 0.003558, -0.043811, 0.098694, 0.019428, -0.026414, 0.055836, 0.024040, -0.038941, -0.069230, -0.086464, -0.003569, -0.001289, -0.018628, -0.012843, -0.021397, 0.011787, -0.060621, 0.075371, -0.041075, 0.036171, -0.052743, 0.051769, 0.013567, 0.011127, -0.002072, -0.061455, -0.046601, 0.109541, -0.006872, -0.073615, 0.006834, -0.026605, -0.016743, 0.064613, 0.018962, -0.042906, 0.033889, -0.038608, 0.003804, -0.105945, -0.025650, -0.051689, 0.026354, 0.002919, -0.031090, 0.035023, -0.088964, 0.009006, -0.018229, -0.000684, 0.054254, -0.014654, -0.031180, -0.006145, -0.032131, 0.041855, 0.000950, 0.075180, 0.039726, -0.079612, -0.041629, -0.101068, -0.060177, -0.051305, -0.010276, 0.008582, -0.045439, 0.032332, -0.011060, 0.006605, 0.009999, 0.012632, 0.046378, 0.056880, 0.075094, -0.081428, -0.039176, 0.086358, -0.043967, -0.036345, 0.084713, -0.106969, 0.021860, 0.035605, -0.008418, -0.072253, 0.025403, -0.011222, 0.012654, -0.000000, 0.021861, 0.002449, 0.019696, 0.042483, 0.003435, -0.063337, -0.039052, 0.029834, 0.018479, -0.000264, 0.092296, 0.073788, -0.007725, -0.070823, -0.005414, -0.043218, -0.077377, 0.096755, -0.038885, 0.006770, 0.066972, 0.016067, -0.029425, 0.071765, 0.045236, -0.075241, 0.046429, -0.068260, 0.011170, 0.059348, 0.044025, -0.072485, -0.006908, -0.046084, 0.068705, 0.046684, -0.017025, 0.004185, 0.030334, 0.026831, -0.023944, -0.051622, 0.028734, -0.024118, -0.046651, -0.015449, -0.141547, -0.022068, 0.027731, -0.150937, 0.000732, 0.050967, 0.023394, -0.034689, 0.025788, 0.105387, -0.036250, 0.016397, 0.015484, 0.001640, 0.098072, -0.065260, -0.005994, 0.071616]

=== CHUNK hdfc_elss_tax_saver::13::0 ===
source_url: https://groww.in/mutual-funds/hdfc-elss-tax-saver-fund-direct-plan-growth
scheme: HDFC ELSS Tax Saver Fund - Direct Plan - Growth
category: elss
plan_variant: direct_growth
section: About HDFC ELSS Tax Saver Fund Direct Plan Growth
fact_type: general
authority: page_text
is_atomic: true
char_len: 603
source_fetched_at: 2026-09-28T13:12:28+00:00
content_hash: 5611a80d32673e91f717935f5b19079262391dec24ce690985075f3fcfa5d62b
---
About HDFC ELSS Tax Saver Fund Direct Plan Growth
About
HDFC ELSS Tax Saver Fund Direct Plan Growth
HDFC ELSS Tax Saver Fund Direct Plan Growth is a Equity Mutual Fund Scheme launched by HDFC Mutual Fund. This scheme was made available to investors on 10 Dec 1999. Amar Kalkundrikar is the Current Fund Manager of HDFC ELSS Tax Saver Fund Direct Plan Growth fund. The fund currently has an Asset Under Management(AUM) of Cr and the Latest as of 25 Sep 2026 is .
The HDFC ELSS Tax Saver Fund Direct Plan Growth is rated Very High risk. Minimum SIP Investment is set to . Minimum Lumpsum Investment is .
;

embedding_dim: 384
embedding: [0.036516, -0.049275, -0.103082, -0.025630, 0.122286, 0.066756, 0.039011, 0.033778, -0.032948, 0.040003, 0.000259, -0.038216, -0.032030, -0.082693, -0.035872, -0.037290, -0.053326, -0.074033, 0.024974, -0.012886, 0.033536, -0.064179, -0.009699, 0.041591, 0.067851, -0.057717, 0.024470, 0.052665, -0.013174, -0.028027, 0.105455, 0.046096, 0.015348, -0.057453, -0.015265, 0.074488, -0.085103, 0.016474, -0.041931, -0.038833, 0.027445, -0.046006, -0.001353, -0.077366, 0.003675, -0.040058, -0.054179, 0.017125, -0.025538, 0.008447, 0.008810, -0.012389, -0.009714, -0.036028, 0.008645, -0.001891, -0.054387, 0.047903, 0.038942, -0.011288, -0.055803, -0.039843, 0.092563, -0.044769, -0.010149, -0.013444, -0.005471, 0.021434, 0.018925, 0.008672, -0.030501, -0.090638, -0.068012, -0.055547, -0.024010, 0.011770, 0.016496, 0.069039, 0.031671, -0.082201, -0.040224, 0.061614, 0.070081, -0.005011, -0.042979, 0.009049, 0.064417, -0.117068, 0.009647, -0.038123, 0.077186, 0.054950, 0.008175, 0.035080, -0.088367, -0.036713, -0.062310, -0.075468, -0.051183, -0.019027, 0.046646, 0.075041, -0.014074, -0.068353, -0.016194, -0.043103, 0.026147, 0.057063, 0.030757, -0.011764, -0.001896, 0.072803, 0.011788, -0.027192, -0.018275, 0.021742, -0.094089, -0.130348, 0.054034, -0.009943, 0.053896, -0.017738, 0.018630, -0.087085, 0.010341, -0.038644, -0.035827, 0.000000, -0.063207, 0.037955, -0.005991, -0.052606, -0.050528, -0.082578, 0.076079, 0.045748, -0.056949, -0.020874, 0.006066, 0.040562, -0.003540, 0.021416, -0.049105, -0.134707, -0.008530, 0.089076, -0.010078, -0.010450, 0.028077, 0.064120, 0.057910, -0.114683, 0.110894, 0.002332, 0.035618, -0.030865, 0.035685, 0.076375, 0.017877, 0.039473, -0.059903, -0.049588, -0.037228, 0.019800, -0.017285, -0.034081, -0.063911, -0.027783, 0.013710, 0.052861, 0.070804, -0.017773, -0.030757, -0.024185, 0.079054, 0.049737, 0.036134, 0.033500, -0.008884, -0.125091, 0.039305, 0.002433, 0.078261, 0.023048, -0.106077, -0.049966, 0.011064, 0.007901, 0.037861, -0.057012, -0.118499, 0.034417, -0.038639, 0.033732, 0.060968, -0.093021, 0.032291, -0.072004, 0.016921, 0.024084, 0.049959, 0.032937, 0.015694, -0.045787, -0.007577, 0.118530, -0.014693, 0.057810, -0.005802, 0.049963, 0.034756, -0.079292, 0.039648, -0.024828, 0.032450, 0.077842, -0.024535, -0.039952, 0.031466, -0.059733, 0.078246, 0.038409, -0.025844, -0.000000, 0.021475, -0.000506, 0.013641, 0.056687, 0.024954, 0.054838, 0.085859, 0.040296, 0.039310, 0.029598, 0.116586, 0.005108, 0.009894, -0.061041, -0.008043, -0.094583, 0.034502, -0.061596, -0.049422, -0.055778, 0.030941, 0.006144, 0.032302, 0.069401, -0.031628, 0.017726, -0.043741, 0.053364, -0.065620, 0.045897, -0.002846, -0.009857, -0.105264, 0.032490, -0.013337, -0.111632, -0.011468, 0.018514, -0.067826, 0.035969, 0.032227, 0.018222, 0.025634, -0.064274, 0.046611, -0.038359, 0.018362, 0.032473, 0.076845, 0.024311, -0.027986, -0.075841, 0.030395, 0.019161, -0.037719, 0.060965, 0.059317, 0.068215, -0.064864, 0.035300, 0.061211, 0.052146, 0.011466, 0.078757, 0.003019, 0.011419, -0.045601, -0.073315, 0.019914, -0.057310, 0.063245, -0.011358, 0.027739, 0.030061, 0.013583, 0.011030, 0.022062, -0.052002, 0.025445, -0.004447, 0.056333, 0.038042, -0.029699, 0.093474, -0.024403, -0.052502, -0.039543, -0.134652, 0.008019, -0.017885, -0.067187, -0.069010, 0.047767, 0.069508, -0.008888, -0.000000, 0.008062, 0.028325, -0.010833, -0.017662, -0.016367, -0.061027, -0.038520, -0.039468, -0.000692, -0.012198, 0.067030, 0.057773, -0.036924, -0.038697, -0.009842, -0.074059, 0.043536, 0.116246, -0.024525, -0.015946, 0.104296, 0.003714, 0.007519, 0.024914, 0.077191, 0.030992, 0.051070, 0.022086, 0.034817, 0.002841, 0.019834, 0.022497, 0.038928, 0.070341, -0.050858, 0.106916, -0.014637, 0.056873, 0.053511, 0.088152, 0.023980, -0.065853, 0.018866, -0.100806, -0.064246, 0.072460, -0.037375, -0.059501, -0.008759, -0.081438, -0.020881, -0.016565, -0.001997, -0.020087, 0.019656, -0.043007, -0.056224, -0.019520, 0.051247, -0.054109, 0.045228, -0.051559, 0.013635, 0.114717]

=== CHUNK hdfc_elss_tax_saver::14::0 ===
source_url: https://groww.in/mutual-funds/hdfc-elss-tax-saver-fund-direct-plan-growth
scheme: HDFC ELSS Tax Saver Fund - Direct Plan - Growth
category: elss
plan_variant: direct_growth
section: Investment Objective
fact_type: general
authority: page_text
is_atomic: true
char_len: 239
source_fetched_at: 2026-09-28T13:12:28+00:00
content_hash: 5611a80d32673e91f717935f5b19079262391dec24ce690985075f3fcfa5d62b
---
Investment Objective
The scheme seeks to generate capital appreciation / income from a portfolio, comprising predominantly of equity & equity related instruments.
Fund benchmark
NIFTY 500 Total Return Index
Scheme Information Document(SID)

embedding_dim: 384
embedding: [0.040223, 0.032834, -0.115498, -0.016212, -0.012561, 0.006740, 0.032566, 0.010664, -0.016061, 0.037876, -0.110555, -0.064361, 0.039375, -0.040942, -0.057418, 0.000398, 0.005140, -0.018054, 0.010925, 0.024954, 0.035909, 0.050736, -0.008425, -0.051229, 0.012264, 0.033057, 0.079258, 0.010711, 0.008146, 0.012449, 0.053588, 0.042243, 0.029741, -0.066778, -0.077224, 0.112847, -0.047471, -0.005947, -0.042687, 0.022942, -0.024027, 0.001667, 0.036332, -0.062413, 0.052669, -0.026287, -0.046840, 0.016745, -0.011423, 0.016370, -0.072396, -0.010509, -0.068286, 0.042711, -0.046832, -0.001292, -0.064073, -0.014664, 0.028577, -0.072693, 0.038447, 0.014211, 0.067836, 0.030872, 0.108841, -0.036195, -0.055858, -0.050748, -0.052487, -0.068475, 0.010125, -0.048072, -0.063228, -0.077985, -0.030868, 0.072833, 0.066879, 0.006561, 0.036621, -0.067501, 0.026109, 0.124833, 0.063957, -0.004077, 0.041151, 0.021317, 0.047085, 0.006905, 0.017668, 0.005540, 0.042769, -0.020535, -0.017370, -0.012786, -0.021104, -0.064260, -0.081407, -0.048840, -0.021936, 0.086920, 0.029502, -0.013828, -0.063239, -0.052671, -0.086704, -0.062430, 0.076146, -0.015343, 0.000015, -0.028611, -0.057813, 0.094388, -0.019571, -0.053650, -0.018190, 0.068017, -0.045266, 0.018389, 0.071323, 0.069687, 0.030295, -0.057037, -0.008484, 0.018723, -0.056759, 0.007120, -0.013532, 0.000000, -0.101518, 0.029856, 0.076464, -0.025408, -0.101462, -0.051680, 0.028500, -0.060669, -0.048209, -0.040715, 0.033585, 0.144241, 0.001921, 0.036568, 0.055695, -0.034173, -0.038028, 0.150289, 0.082504, -0.024006, 0.047352, 0.013954, 0.020087, -0.023826, 0.062350, 0.060780, -0.000965, -0.039623, -0.067013, 0.040480, 0.068431, 0.028048, -0.031943, -0.104439, -0.040485, 0.047541, 0.027735, -0.030643, 0.010384, -0.013143, -0.053146, 0.026124, 0.036088, -0.047229, -0.137083, 0.073283, 0.027708, 0.076722, 0.062634, 0.054384, -0.037803, -0.053691, -0.047318, -0.015195, 0.025760, -0.035309, -0.060313, -0.019094, -0.027119, -0.024669, 0.023255, -0.121609, -0.073063, -0.041268, -0.099957, 0.021560, 0.073132, 0.007463, 0.104323, 0.041362, -0.082019, 0.069882, 0.014650, -0.012377, -0.012325, -0.050364, 0.017189, 0.072205, 0.010434, 0.046543, -0.017412, 0.052637, -0.054618, -0.093488, 0.066061, 0.032623, 0.027067, 0.020627, -0.076445, -0.078026, 0.030934, 0.008649, -0.032071, -0.015302, -0.002915, -0.000000, 0.033605, -0.034015, -0.053677, 0.008538, 0.030289, -0.014185, 0.019379, -0.005407, -0.051427, 0.068266, 0.026458, -0.045063, 0.038169, 0.040002, -0.048945, -0.069028, -0.027455, -0.030381, 0.038434, -0.081289, 0.078036, 0.033072, 0.025962, -0.025550, -0.030704, 0.067918, -0.093493, 0.045868, -0.023008, 0.004323, 0.000078, -0.027850, -0.098865, 0.030267, -0.009249, 0.023022, 0.039687, -0.069288, -0.053071, 0.060130, 0.023031, 0.076544, 0.052690, 0.023344, 0.003946, -0.022755, 0.041493, 0.071325, 0.136898, -0.061550, 0.019479, 0.014757, 0.026703, 0.034718, -0.072842, 0.040643, -0.004968, -0.032493, -0.004863, 0.009669, 0.004754, 0.088143, -0.061234, 0.099318, -0.031084, -0.016660, 0.032193, -0.063013, -0.036800, -0.027443, 0.022402, -0.036017, 0.110280, -0.006022, -0.063229, 0.064078, 0.084249, -0.043650, 0.011038, 0.019948, 0.014936, 0.056410, 0.033822, 0.059809, 0.008320, -0.002711, 0.022107, -0.034607, -0.020744, 0.054914, -0.061983, 0.037409, 0.036319, 0.063270, 0.013024, -0.000000, -0.042446, -0.066282, -0.018296, 0.012510, -0.056363, -0.026180, -0.008900, -0.079111, -0.031405, -0.054857, 0.090513, 0.006778, -0.110928, 0.050110, -0.038704, -0.045396, -0.003774, 0.050601, 0.012891, -0.016238, 0.043603, 0.018128, 0.069128, -0.095679, 0.004064, 0.019888, 0.081443, -0.003076, 0.056870, 0.005119, -0.070358, 0.057844, 0.062001, -0.003897, -0.030776, 0.087102, 0.016787, 0.101978, 0.015340, 0.040972, -0.000841, -0.020867, 0.044537, -0.063910, -0.015639, 0.064192, -0.091565, -0.043512, 0.041880, -0.111332, -0.074819, -0.036296, -0.040836, 0.011265, -0.022233, 0.035851, -0.070904, -0.016515, -0.003100, -0.008551, 0.027795, -0.011252, -0.010913, -0.013133]

=== CHUNK hdfc_elss_tax_saver::15::0 ===
source_url: https://groww.in/mutual-funds/hdfc-elss-tax-saver-fund-direct-plan-growth
scheme: HDFC ELSS Tax Saver Fund - Direct Plan - Growth
category: elss
plan_variant: direct_growth
section: Fund house
fact_type: general
authority: page_text
is_atomic: false
char_len: 1195
source_fetched_at: 2026-09-28T13:12:28+00:00
content_hash: 5611a80d32673e91f717935f5b19079262391dec24ce690985075f3fcfa5d62b
---
Fund house
HDFC Mutual Fund
Rank (total assets)
#2 in India
Total AUM
₹9,86,236.84 Cr
Date of Incorporation
10 Dec 1999
Phone
022 – 66316333
E-mail
[email protected]
Website
http://www.hdfcfund.com
Launch Date
10 Dec 1999
Address
"HDFC House", 2nd Floor, H. T. Parekh Marg, 165-166, BackbayReclamation, Churchgate Mumbai 400020
Custodian
Deutsche Bank
Registrar & Transfer Agent
Cams
Email
[email protected]
Website
www.camsonline.com
Address
7th Floor, Tower II, Rayala Towers, 158, Anna Salai,
Home
>
Mutual Funds
>
HDFC Mutual Fund
>
HDFC ELSS Tax Saver Fund Direct Plan Growth
Vaishnavi Tech Park, South Tower, 3rd Floor
Sarjapur Main Road, Bellandur, Bengaluru – 560103
Karnataka
Contact Us
Download the App
GROWW
About Us
Pricing
Blog
Media & Press
Careers
Help & Support
Trust & Safety
Investor Relations
PRODUCTS
Stocks
F&O
MTF
ETF
IPO
Mutual Funds
Commodities
Groww Terminal
915 Terminal
Stock Screens
Algo Trading
Groww Charts
Groww Digest
Demat Account
Groww AMC
PMS
Bonds
Credit
© 2016-
2026
Groww. All rights reserved.
Version:
8.0.3
Share Market
Indices
F&O
Mutual Funds
ETFs
Funds By Groww
Calculators
IPO
Miscellaneous
Top Gainers Stocks
52 Weeks High Stocks
Tata Motors
NHPC
ITC

embedding_dim: 384
embedding: [0.042910, -0.118722, -0.126673, 0.054928, 0.070338, 0.062662, -0.038954, 0.052387, -0.063842, -0.049293, -0.045356, -0.092594, -0.047718, -0.049070, -0.005591, -0.026579, 0.040527, -0.093743, 0.052219, 0.000849, -0.036499, -0.057975, 0.011325, -0.032862, 0.092770, 0.012049, -0.054785, 0.048370, -0.068883, -0.073239, 0.066949, 0.056912, -0.009830, 0.042268, 0.060419, 0.053784, -0.025599, -0.006765, 0.028222, -0.064263, 0.013522, -0.036391, -0.013925, -0.055027, 0.086508, -0.022725, -0.030169, 0.044841, 0.038164, 0.000395, 0.003035, 0.023864, 0.051901, 0.009482, 0.032195, 0.059048, 0.040206, -0.049360, 0.080597, -0.001186, 0.013128, -0.001439, 0.035340, -0.023810, 0.061191, -0.084087, -0.035868, 0.052854, 0.046280, -0.047597, 0.026518, -0.049015, -0.062983, -0.034996, -0.019169, 0.018724, 0.005809, 0.029873, 0.051529, -0.072709, -0.032528, -0.003490, 0.101112, 0.098677, -0.062376, 0.034378, 0.085112, -0.022722, -0.021524, -0.036295, 0.090768, 0.060359, -0.015740, 0.041586, -0.008568, -0.074700, -0.028429, -0.040680, -0.057190, -0.008389, 0.034010, 0.000549, -0.024339, -0.059646, -0.040112, -0.045045, 0.027864, 0.100771, 0.066562, -0.049402, -0.044983, 0.046177, -0.070221, -0.002184, -0.049291, -0.013922, -0.026811, -0.110401, -0.024587, -0.053508, 0.020861, 0.025512, -0.046726, -0.051161, -0.037569, -0.082254, -0.047771, 0.000000, 0.008468, 0.102970, -0.006310, -0.086471, 0.001108, -0.027499, 0.017140, 0.017559, -0.023298, 0.064145, -0.017035, 0.007060, -0.052270, -0.038348, -0.048852, -0.098299, 0.019526, 0.026034, -0.019512, -0.003260, 0.019439, 0.039307, 0.031308, -0.047013, 0.067886, -0.025637, 0.026948, 0.009306, 0.012310, 0.056263, 0.022733, -0.019613, -0.041891, -0.031437, -0.061239, -0.030865, -0.002066, -0.060998, -0.124668, -0.026335, 0.015026, 0.081665, -0.039170, -0.036415, 0.019090, 0.046274, 0.125590, 0.031359, 0.049580, 0.002645, -0.141877, -0.039648, -0.046752, 0.018170, 0.058431, 0.018212, 0.011911, -0.043599, 0.058682, 0.016097, -0.042609, -0.065791, -0.126340, 0.031587, -0.075342, 0.029257, 0.050271, 0.002346, 0.023816, 0.021090, 0.023593, -0.041871, 0.095995, 0.032430, 0.008531, -0.021364, -0.080410, 0.102455, 0.018068, 0.027562, 0.025337, 0.037917, 0.067682, -0.005783, 0.106065, 0.006585, 0.042674, -0.008948, -0.066686, -0.016354, -0.042941, -0.051206, 0.080884, -0.019100, -0.034963, -0.000000, 0.014693, -0.009154, -0.023147, -0.009729, 0.005410, 0.063927, 0.023576, 0.022880, 0.073528, 0.044505, 0.070978, 0.045260, 0.003069, -0.061190, -0.049082, -0.021875, 0.010044, -0.047551, -0.029891, -0.023273, 0.053074, 0.000389, -0.069331, 0.078703, -0.030589, 0.078728, 0.004045, 0.051425, -0.011256, 0.050194, -0.003458, -0.042048, -0.106398, 0.085178, -0.014486, -0.046762, 0.059117, 0.078626, -0.038845, 0.085582, 0.001304, 0.036795, 0.014559, -0.042685, 0.035598, -0.062448, -0.006920, -0.032466, 0.069123, 0.000924, -0.026611, -0.044132, 0.026383, 0.014921, -0.061611, 0.029014, 0.083630, 0.114926, -0.069391, -0.031765, 0.039397, 0.094278, 0.038260, 0.138403, -0.005967, 0.007701, -0.014256, -0.040132, 0.038206, -0.092231, -0.028400, -0.046638, 0.058350, 0.004170, -0.018318, 0.016969, 0.005624, -0.009683, 0.047473, 0.034777, 0.110811, 0.035443, -0.004739, 0.023590, 0.008153, -0.033457, 0.034522, -0.048070, 0.020791, -0.023733, -0.010789, -0.042468, 0.010416, 0.009831, -0.008836, -0.000000, 0.008340, -0.004731, 0.003745, -0.010769, -0.004884, -0.164779, 0.037998, 0.038872, 0.006137, -0.017551, 0.044515, 0.038063, -0.054870, -0.064142, -0.011842, -0.093929, -0.059787, 0.033170, -0.002376, 0.012855, 0.093017, 0.001897, 0.061862, 0.012555, 0.023523, -0.023410, -0.000025, -0.093103, 0.040507, 0.040464, 0.012589, 0.036358, 0.015217, -0.004098, -0.005504, 0.094715, 0.056316, -0.017731, 0.042192, 0.075968, -0.000141, -0.097481, 0.015724, -0.048289, -0.011175, 0.004851, -0.075111, -0.024420, 0.076013, -0.148454, -0.013925, -0.005414, -0.001322, -0.033365, -0.022236, 0.068448, -0.075582, 0.004625, 0.016728, 0.004287, 0.075335, -0.118527, -0.014403, 0.039343]

=== CHUNK hdfc_elss_tax_saver::15::1 ===
source_url: https://groww.in/mutual-funds/hdfc-elss-tax-saver-fund-direct-plan-growth
scheme: HDFC ELSS Tax Saver Fund - Direct Plan - Growth
category: elss
plan_variant: direct_growth
section: Fund house
fact_type: general
authority: page_text
is_atomic: false
char_len: 1194
source_fetched_at: 2026-09-28T13:12:28+00:00
content_hash: 5611a80d32673e91f717935f5b19079262391dec24ce690985075f3fcfa5d62b
---
Fund house
Share Market
Indices
F&O
Mutual Funds
ETFs
Funds By Groww
Calculators
IPO
Miscellaneous
Top Gainers Stocks
52 Weeks High Stocks
Tata Motors
NHPC
ITC
Wipro
BSE
NTPC
Top Losers Stocks
52 Weeks Low Stocks
IREDA
State Bank of India
Adani Power
CDSL
Cochin Shipyard
SJVN
Most Traded Stocks
Stocks Market Calender
Tata Steel
Tata Power
Bharat Heavy Electricals
Indian Oil Corporation
HUDCO
SAIL
Stocks Feed
Suzlon Energy
Zomato (Eternal)
Yes Bank
Infosys
NBCC
IRCTC
Share Market Live Update
FII DII Activity
IRFC
Bharat Electronics
HDFC Bank
Vedanta
Reliance Power
Jaiprakash Power Ventures
Stocks Sectors
NIFTY 50
NIFTY Midcap 100
NIFTY 100
US Tech 100
NIFTY Realty
Nikkei index
SENSEX
NIFTY Smallcap 100
NIFTY Auto
Dow Jones Futures
NIFTY PSU Bank
NIFTY FMCG
NIFTY BANK
NIFTY MIDCAP 150
KOSPI Index
Dow Jones Index
Gift Nifty
BSE BANKEX
India VIX
NIFTY Pharma
HANG SENG Index
BSE 100
FTSE 100 Index
S&P 500
NIFTY NEXT 50
NIFTY Metal
DAX Index
NIFTY Fin Service
CAC Index
Nifty Pvt Bank
NIFTY Bank Options
SBI Options
Bajaj Finance Options
Axis Bank Options
Hindustan Unilever Options
NIFTY Bank Futures
Finnifty Futures
ITC Futures
ICICI Bank Futures
Biocon Futures
Indusind Bank Futures

embedding_dim: 384
embedding: [0.034827, -0.097565, -0.040286, 0.030172, 0.050945, 0.007712, 0.068910, -0.008066, -0.051270, -0.041567, -0.060280, -0.013153, -0.010064, -0.030976, -0.012314, -0.037277, 0.047819, -0.051412, 0.020706, 0.007330, -0.011038, -0.043357, -0.018373, -0.075197, 0.010854, -0.001670, -0.052615, 0.026403, -0.099767, -0.071165, -0.076306, 0.107053, -0.017270, 0.022189, -0.043878, 0.003794, -0.006052, 0.075665, 0.100357, -0.053629, -0.057790, -0.100709, 0.003438, -0.033279, 0.054612, -0.044853, -0.052055, -0.022695, 0.075279, -0.028221, -0.076274, 0.016815, 0.027733, 0.069944, -0.034123, -0.031485, -0.092717, -0.067509, 0.039345, 0.011728, -0.021465, 0.050388, 0.031826, 0.015733, 0.048741, -0.001146, -0.076015, 0.053671, -0.018141, 0.015318, 0.018149, -0.038507, -0.091154, 0.000452, -0.027570, -0.000183, 0.010680, 0.021265, 0.033839, -0.025064, -0.041610, -0.020645, 0.053268, 0.022471, -0.086296, 0.016846, 0.015440, 0.000834, -0.046904, -0.023152, 0.035520, 0.051622, 0.017793, 0.010362, 0.028502, -0.029661, -0.078952, -0.012767, -0.083404, -0.003719, 0.044333, 0.048967, -0.008428, -0.025439, -0.133999, -0.024997, 0.032014, 0.032153, 0.063336, -0.034285, -0.040597, 0.070710, -0.075850, -0.083889, -0.140730, -0.038989, -0.095333, 0.009874, 0.060483, 0.052351, -0.002776, 0.074971, -0.064354, 0.018674, -0.013763, 0.084510, -0.027163, 0.000000, -0.075804, 0.054560, 0.078253, -0.045559, -0.068433, -0.033079, 0.042590, -0.053434, -0.097432, 0.026652, -0.017128, 0.078156, -0.043839, -0.024685, 0.059708, -0.120346, 0.003857, -0.015351, -0.020527, -0.071186, 0.065086, 0.056898, 0.064549, -0.047361, 0.064397, -0.104888, -0.024337, -0.021653, -0.031900, 0.060491, -0.000905, -0.030274, -0.054497, -0.056495, -0.069366, -0.042160, 0.045970, -0.010522, -0.034882, -0.072021, -0.026591, 0.029017, -0.011436, -0.012408, -0.040542, 0.089152, 0.037246, 0.053979, -0.014302, 0.004812, -0.088207, -0.031912, -0.047972, 0.058485, 0.011940, 0.064137, 0.026264, -0.014760, 0.039503, 0.012661, -0.079734, -0.000133, -0.048612, -0.063128, -0.049000, 0.057785, 0.069642, 0.011665, -0.033240, 0.117253, 0.010561, -0.058027, 0.056766, 0.032544, 0.102736, 0.038079, -0.034770, -0.022563, 0.043143, -0.004759, 0.005645, -0.047982, -0.017505, -0.017755, 0.124050, 0.005415, 0.051469, -0.039520, -0.029605, -0.003237, -0.048895, -0.019883, 0.068147, -0.069310, -0.117564, -0.000000, -0.006789, -0.006486, 0.015162, 0.074411, 0.033987, -0.050936, 0.038358, -0.028797, 0.069760, 0.044810, 0.034516, 0.036803, -0.019660, -0.008097, -0.053040, -0.033410, 0.024462, 0.018193, -0.005793, 0.005387, -0.019826, -0.003186, -0.020683, 0.063110, -0.007172, 0.041602, -0.043908, 0.075478, -0.003466, 0.020747, -0.031868, -0.054417, -0.014482, 0.096889, -0.035179, 0.004871, 0.026278, -0.032749, -0.010612, 0.037575, -0.029700, -0.006874, -0.012609, 0.008949, -0.041359, -0.108060, -0.090638, -0.010402, 0.004579, -0.002070, -0.012209, 0.060918, -0.052888, 0.002449, -0.044842, 0.040582, 0.013920, 0.024674, -0.093744, -0.015815, 0.030761, 0.067087, 0.033526, 0.101766, 0.092137, -0.085225, -0.071168, 0.017217, -0.063109, -0.073600, 0.031655, -0.020228, -0.065618, -0.009752, 0.001564, 0.043772, 0.064106, -0.039098, 0.054894, 0.023907, 0.048806, 0.000099, -0.040580, 0.044527, -0.004744, 0.056245, 0.027573, -0.017022, 0.078644, 0.017320, 0.033555, -0.087023, 0.039046, 0.020103, -0.016457, -0.000000, -0.027280, -0.039432, 0.018933, 0.044908, 0.030097, -0.044198, 0.008772, 0.021193, -0.002656, -0.021620, 0.117771, 0.013505, -0.074946, -0.027471, 0.003691, -0.090697, -0.038370, 0.082975, -0.025450, -0.069698, 0.062138, 0.039198, 0.010567, 0.069363, 0.021519, -0.058771, -0.017483, -0.135685, 0.012362, 0.070546, -0.031914, -0.061422, 0.017599, -0.074920, 0.052189, 0.084910, 0.000377, -0.013388, -0.015164, 0.045735, -0.055641, -0.049453, 0.032150, -0.031841, -0.062170, -0.025030, -0.064481, -0.002055, 0.067766, -0.135671, 0.006803, -0.025798, -0.008080, 0.002470, -0.004068, 0.055670, -0.128103, 0.079775, -0.008346, -0.056706, 0.115163, -0.027694, 0.037650, 0.046662]

=== CHUNK hdfc_elss_tax_saver::15::2 ===
source_url: https://groww.in/mutual-funds/hdfc-elss-tax-saver-fund-direct-plan-growth
scheme: HDFC ELSS Tax Saver Fund - Direct Plan - Growth
category: elss
plan_variant: direct_growth
section: Fund house
fact_type: general
authority: page_text
is_atomic: false
char_len: 1192
source_fetched_at: 2026-09-28T13:12:28+00:00
content_hash: 5611a80d32673e91f717935f5b19079262391dec24ce690985075f3fcfa5d62b
---
Fund house
Axis Bank Options
Hindustan Unilever Options
NIFTY Bank Futures
Finnifty Futures
ITC Futures
ICICI Bank Futures
Biocon Futures
Indusind Bank Futures
Crude Oil Mini Future Price
Gold Petal Future Price
Silver Micro Future Price
Nickel Future Price
Natural Gas Mini MCX Option Chain
Copper MCX Option Chain
NIFTY 50 Options
HDFC Bank Options
Wipro Options
DLF Options
REC Options
Yes Bank Futures
Zomato Futures
Ashok Leyland Futures
HDFC Bank Futures
UPL Futures
Adani Enterprises Futures
Gold Future Price
Natural Gas Future Price
Zinc Future Price
Gold MCX Option Chain
Gold Mini MCX Option Chain
Commodities Expiry Calendar
Bse Sensex Options
Tata Steel Options
NTPC Options
Bajaj Auto Options
Indusind Bank Options
Tata Motors Futures
Infosys Futures
Asian Paints Futures
Lupin Futures
Cipla Futures
IDFC First Bank Futures
Gold Mini Future Price
Natural Gas Mini Future Price
Copper Future Price
Crude Oil MCX Option Chain
Silver MCX Option Chain
Finnifty Options
Infosys Options
Asian Paints Options
Coal India Options
Ashok Leyland Options
Tata Steel Futures
BSE Sensex Futures
Wipro Futures
DLF Futures
Bajaj Finance Futures
Piramal Enterprises Futures
Gold Ten Future Price

embedding_dim: 384
embedding: [0.023471, -0.105941, -0.031476, 0.046155, 0.008699, 0.012374, -0.030316, -0.021280, -0.022854, -0.020882, -0.074312, -0.017855, -0.103583, 0.002778, 0.029570, -0.018237, 0.029709, -0.005750, -0.020958, -0.011551, -0.000653, -0.042541, -0.038089, -0.042206, -0.009957, -0.005014, -0.023733, 0.030007, -0.128984, -0.061925, -0.006169, 0.099892, -0.040090, 0.012105, 0.010109, 0.013123, -0.075798, 0.104625, 0.120049, -0.071136, -0.081150, -0.059550, 0.031803, -0.047057, 0.046011, -0.042180, -0.037000, -0.090802, 0.065994, -0.018783, 0.008369, 0.003997, 0.044071, -0.038202, 0.004744, -0.000634, -0.100814, -0.060566, 0.046405, -0.075949, -0.059851, 0.040376, -0.000553, -0.006334, -0.050489, -0.026229, -0.050898, 0.115470, -0.015193, -0.027417, 0.007804, -0.029128, -0.080287, -0.014776, -0.032642, 0.042335, 0.079088, -0.010863, 0.026655, -0.046344, -0.022325, -0.015397, 0.040520, -0.041791, -0.102691, 0.032006, 0.090011, 0.037061, 0.033185, -0.036147, 0.014150, 0.002661, 0.023942, 0.042228, 0.025091, -0.024767, -0.035925, -0.018301, -0.026390, -0.024598, 0.078529, 0.017818, -0.000336, 0.003527, -0.092638, -0.089983, 0.048321, 0.032640, 0.039551, -0.059688, -0.043601, 0.061181, -0.035453, -0.112067, -0.113728, -0.036923, -0.072642, -0.061951, 0.049989, 0.060193, -0.012610, 0.060803, -0.036589, 0.029896, -0.030817, 0.057106, 0.008634, 0.000000, -0.074451, 0.016917, 0.050580, -0.086183, -0.005852, -0.047139, 0.010305, -0.063170, -0.050872, 0.046006, 0.040728, 0.019195, -0.068942, 0.028549, -0.055671, -0.091316, 0.020510, -0.087840, 0.012321, -0.023686, -0.031110, 0.083933, 0.042094, -0.046864, 0.019281, -0.052348, 0.025367, -0.054840, -0.024419, 0.058939, -0.004806, -0.026502, -0.058486, -0.051619, -0.008626, 0.057096, 0.010663, -0.023252, -0.063575, -0.054649, -0.003070, 0.010981, -0.075973, -0.007717, -0.029594, 0.010050, 0.093793, 0.024021, -0.035120, -0.022487, -0.113261, 0.023084, -0.092269, 0.022136, 0.026245, -0.029884, 0.031549, -0.043670, 0.041000, 0.019566, -0.110870, -0.005953, -0.101551, 0.011425, -0.041658, 0.050989, 0.048213, -0.052937, -0.050307, 0.092172, 0.041783, -0.057875, 0.073588, -0.014731, 0.067149, 0.019536, -0.000099, -0.003238, 0.050791, -0.029387, -0.020476, -0.031807, -0.013512, 0.061564, 0.165337, 0.022411, -0.009140, -0.007974, 0.012327, -0.025764, -0.058569, -0.060814, 0.050444, -0.045587, -0.051821, -0.000000, 0.034134, 0.047521, 0.027192, 0.055682, 0.032403, 0.003792, 0.023747, -0.046968, 0.114688, 0.074696, -0.053092, 0.039421, 0.008807, -0.029519, -0.057995, -0.079906, -0.037748, 0.007355, 0.012247, 0.002632, -0.037038, -0.000923, -0.075822, 0.061620, -0.052380, 0.044834, -0.017623, 0.066749, -0.013882, -0.046250, -0.057448, -0.066756, -0.031726, 0.050462, -0.038015, -0.023734, 0.100131, 0.040428, -0.049678, 0.063660, -0.042753, -0.046365, -0.010269, -0.025443, -0.040463, -0.104938, -0.096767, -0.029435, 0.095516, 0.023875, -0.070294, 0.089358, -0.069992, -0.022695, 0.011353, -0.013821, 0.035641, 0.009946, -0.023623, 0.023329, -0.009540, 0.047797, 0.100935, 0.039640, 0.119863, -0.083664, -0.126420, -0.030518, -0.027095, 0.008369, -0.019276, -0.018289, -0.054878, -0.014750, 0.058277, 0.004765, 0.027857, -0.034681, 0.109262, 0.043923, 0.080709, -0.034940, -0.023062, 0.068006, 0.025878, -0.022110, -0.022173, 0.030456, 0.045918, 0.022081, 0.017690, -0.116324, 0.060472, 0.030144, -0.043428, -0.000000, -0.027494, 0.006243, 0.002366, 0.066481, -0.001644, -0.002983, 0.037728, 0.029390, 0.022014, 0.030139, 0.110168, 0.027438, -0.049915, -0.040615, -0.023977, -0.015843, -0.062805, 0.014805, 0.003694, -0.057351, 0.037449, 0.010693, -0.004457, 0.029081, 0.005123, -0.048389, 0.024658, -0.007134, -0.004616, 0.033153, -0.037678, -0.073511, 0.054845, -0.056002, 0.081098, 0.043664, -0.029779, 0.016944, 0.012929, 0.031177, -0.048714, -0.060920, -0.000022, -0.028024, -0.027823, -0.016155, -0.082961, -0.035689, 0.025919, -0.118582, 0.005695, -0.009161, 0.022000, 0.000229, -0.000324, 0.096266, -0.101543, -0.001632, 0.007929, -0.031747, 0.071656, -0.092351, -0.054855, 0.008987]

=== CHUNK hdfc_elss_tax_saver::15::3 ===
source_url: https://groww.in/mutual-funds/hdfc-elss-tax-saver-fund-direct-plan-growth
scheme: HDFC ELSS Tax Saver Fund - Direct Plan - Growth
category: elss
plan_variant: direct_growth
section: Fund house
fact_type: general
authority: page_text
is_atomic: false
char_len: 1196
source_fetched_at: 2026-09-28T13:12:28+00:00
content_hash: 5611a80d32673e91f717935f5b19079262391dec24ce690985075f3fcfa5d62b
---
Fund house
Tata Steel Futures
BSE Sensex Futures
Wipro Futures
DLF Futures
Bajaj Finance Futures
Piramal Enterprises Futures
Gold Ten Future Price
Silver Future Price
Aluminium Future Price
Crude Oil Mini MCX Option Chain
Silver Mini MCX Option Chain
Tata Motors Options
ITC Options
ICICI Bank Options
Adani Enterprises Options
NIFTY 50 Futures
Coal India Futures
Axis Bank Futures
Vedanta Futures
Reliance Industries Futures
Hindustan Copper Futures
Crude Oil Future Price
Gold Guinea Future Price
Silver Mini Future Price
Electricity Future Price
Natural Gas MCX Option Chain
Zinc MCX Option Chain
MF Screener
Debt Mutual Funds
Best Multicap Mutual funds
Best Contra Mutual funds
Best Conservative Hybrid Mutual funds
SBI Contra Fund
Nippon India Nifty 500 Momentum 50 Index Fund
HDFC Balanced Advantage Fund
Quant Mid Cap Fund
Bank of India Small Cap Fund
Quant Multi Asset Fund
Nippon India
TATA
Bandhan
Edelweiss
HSBC
Union
Quantum
Shriram
Compare Mutual Funds
Best Debt Mutual funds
Best Large Cap Mutual funds
Best Value Oriented Mutual funds
Parag Parikh Flexi Cap Fund
HDFC Mid Cap Opportunities Fund
Motilal Oswal Nifty India Defence Index Fund
ICICI Prudential India Opportunities Fund

embedding_dim: 384
embedding: [0.030749, -0.077317, -0.008076, 0.034817, 0.032393, 0.010673, 0.004489, 0.008971, -0.002970, -0.024446, -0.104115, -0.053158, -0.054713, -0.007620, 0.009459, -0.036336, 0.023116, -0.033927, 0.027993, 0.006244, -0.010844, -0.042408, -0.003333, -0.060092, -0.000721, 0.022992, -0.022335, 0.001398, -0.111829, -0.039863, -0.016678, 0.087085, -0.035783, -0.003371, -0.043653, 0.022967, -0.058379, 0.086201, 0.098812, -0.045361, -0.103424, -0.032927, 0.045361, -0.064217, 0.042535, -0.056281, -0.028252, -0.054473, 0.072425, -0.028303, -0.048921, -0.016513, 0.014627, -0.008804, -0.011639, -0.007431, -0.120731, -0.063918, 0.031912, -0.052732, -0.056464, -0.003014, 0.017716, 0.008605, -0.003169, -0.016144, -0.044458, 0.104972, -0.001481, -0.030585, 0.013695, -0.003956, -0.093030, 0.000003, -0.024847, 0.038563, 0.076692, 0.025539, 0.032481, -0.043687, -0.032515, 0.010520, 0.055258, -0.012916, -0.080441, 0.033363, 0.060645, 0.070293, 0.039959, -0.005776, 0.027221, 0.024431, -0.004788, 0.058357, 0.039031, -0.008210, -0.054268, -0.081766, -0.069920, -0.018178, 0.099733, 0.000039, -0.010065, -0.005562, -0.074867, -0.075905, 0.055576, -0.015509, 0.040581, -0.030778, -0.029216, 0.085253, -0.068808, -0.103061, -0.110033, -0.029209, -0.083948, -0.045403, 0.062825, 0.062743, -0.017996, 0.056231, -0.037319, 0.008115, -0.003980, 0.057005, -0.021235, 0.000000, -0.072072, 0.023929, 0.038942, -0.011028, -0.064480, -0.016561, 0.069362, -0.073707, -0.073152, -0.005040, 0.015947, 0.045969, -0.082148, 0.015493, -0.006746, -0.103106, 0.021034, -0.026502, 0.001699, -0.025586, 0.018995, 0.103333, 0.082227, -0.077881, 0.056487, -0.090250, 0.049335, -0.056676, -0.050125, 0.048537, -0.006559, -0.036274, -0.046346, -0.098362, -0.007894, 0.049986, -0.025260, -0.023719, -0.080391, -0.063861, 0.005215, 0.021524, -0.049584, -0.007210, -0.026129, -0.016023, 0.065890, 0.047011, -0.044814, -0.045830, -0.104768, -0.019281, -0.063859, -0.009476, 0.014661, 0.018959, 0.008951, -0.022041, -0.011956, 0.032999, -0.080706, -0.062495, -0.118537, 0.021741, -0.042550, 0.077785, 0.040970, -0.010668, -0.007439, 0.087123, 0.021020, -0.055868, 0.096322, 0.035502, 0.043414, 0.020367, 0.021760, 0.046896, 0.043227, 0.002475, 0.005570, -0.002005, -0.029229, 0.035010, 0.116458, 0.013845, 0.043043, -0.007025, 0.014328, 0.020566, -0.032293, -0.048219, 0.044181, -0.016705, -0.049663, -0.000000, 0.017424, 0.040326, 0.068711, 0.055542, 0.038051, -0.029720, 0.034527, -0.019727, 0.092185, 0.045865, -0.016443, 0.023148, -0.014443, -0.021162, -0.079511, -0.075306, -0.019966, -0.020337, 0.027684, -0.040200, -0.064468, 0.008915, -0.051038, 0.025253, -0.039020, 0.043517, -0.044783, 0.063558, -0.078566, -0.013805, -0.030409, -0.029168, -0.023510, 0.075743, -0.012731, -0.046072, 0.039366, -0.013366, -0.000888, 0.073515, -0.028160, 0.005912, 0.027220, -0.039820, -0.008755, -0.126649, -0.085589, -0.029049, 0.087704, 0.007271, -0.065178, 0.027011, -0.073853, -0.017126, 0.015274, -0.036137, -0.005808, 0.029200, 0.020561, 0.002295, 0.028063, 0.067513, 0.039866, 0.087807, 0.055625, -0.049140, -0.129269, -0.040552, -0.067451, 0.018623, -0.047451, 0.012842, -0.006275, 0.001375, 0.043708, 0.025760, 0.023309, -0.016193, 0.080552, 0.044190, 0.097393, -0.001876, -0.069958, 0.080266, 0.027836, 0.049457, -0.004817, -0.012871, 0.062545, -0.005002, 0.011287, -0.092961, 0.076288, 0.036868, -0.032031, -0.000000, -0.035887, -0.034836, -0.015718, 0.068261, -0.033966, -0.012065, -0.005307, -0.043728, 0.050886, -0.024397, 0.117064, 0.034906, -0.055879, -0.072155, -0.042964, -0.065880, -0.098095, 0.044964, 0.003309, -0.063574, 0.048033, 0.032986, 0.010353, 0.051147, 0.045505, -0.049477, 0.006539, -0.032445, -0.006531, 0.099684, -0.016770, -0.086374, 0.053885, -0.101734, 0.056266, 0.096583, -0.006750, 0.031457, 0.034100, 0.075593, -0.022567, -0.056854, 0.025297, -0.045435, -0.033937, -0.049802, -0.104067, 0.019147, 0.014695, -0.150322, 0.011481, -0.007345, 0.012581, 0.035884, -0.014293, 0.095818, -0.087611, 0.024557, -0.033701, -0.052511, 0.057175, -0.100659, -0.016833, 0.062689]

=== CHUNK hdfc_elss_tax_saver::15::4 ===
source_url: https://groww.in/mutual-funds/hdfc-elss-tax-saver-fund-direct-plan-growth
scheme: HDFC ELSS Tax Saver Fund - Direct Plan - Growth
category: elss
plan_variant: direct_growth
section: Fund house
fact_type: general
authority: page_text
is_atomic: false
char_len: 1199
source_fetched_at: 2026-09-28T13:12:28+00:00
content_hash: 5611a80d32673e91f717935f5b19079262391dec24ce690985075f3fcfa5d62b
---
Fund house
Parag Parikh Flexi Cap Fund
HDFC Mid Cap Opportunities Fund
Motilal Oswal Nifty India Defence Index Fund
ICICI Prudential India Opportunities Fund
Kotak Small Cap Fund
Canara Robeco Bluechip Equity Fund
GrowwMF
Motilal Oswal
Aditya Birla
Axis
Bank of India
Bajaj Finserv
Helios
ITI
Trust
MF Knowledge Centre
Best Equity Mutual funds
Best Small Cap Mutual funds
Best Arbitrage Mutual funds
Motilal Oswal Midcap Fund
SBI Small Cap Fund
HDFC Small Cap Fund
Kotak Multicap Fund
ICICI Prudential Infrastructure Fund
Bandhan Nifty Alpha 50 Index Fund
SBI
Quant
Mirae Asset
DSP
Baroda BNP Paribas
Mahindra Manulife
Sundaram
Samco
Taurus
Mutual Fund Houses
Best Hybrid Mutual funds
Best ELSS Mutual funds
Best Dividend Yield Mutual funds
Nippon India Small Cap Fund
HDFC Flexi Cap Fund
Tata Small Cap Fund
Tata Ethical Fund
Mirae Asset ELSS Tax Saver Fund
Quant Infrastructure Fund
HDFC
PPFAS
UTI
Kotak Mahindra
Zerodha
Invesco
Navi
PGIM
Mutual Funds Categories
Best MidCap Mutual funds
Best Sectoral Mutual funds
Best Aggressive Hybrid Mutual funds
Quant Small Cap Fund
SBI Magnum Children's Benefit Fund
UTI Nifty 50 Index Fund
JM Flexicap Fund
HSBC Small Cap Fund
Franklin India Multi Cap Fund

embedding_dim: 384
embedding: [0.098578, -0.088360, -0.055595, 0.013018, 0.086361, 0.002088, 0.048250, 0.031050, 0.023756, 0.023962, -0.020849, -0.065524, -0.050222, -0.000925, 0.018088, -0.066438, 0.004660, -0.046436, 0.055964, 0.016575, -0.005667, -0.096651, 0.002170, -0.071416, 0.021746, -0.001683, -0.004666, 0.018978, -0.084518, -0.090604, -0.006798, 0.058049, 0.043080, -0.035065, -0.027358, 0.071883, -0.013084, 0.082551, 0.083157, -0.009914, -0.117285, -0.041484, 0.034822, -0.072675, 0.038935, -0.036144, -0.029869, 0.022196, 0.046738, 0.002401, -0.054805, 0.035382, -0.003844, -0.012487, -0.048141, 0.013800, -0.136880, -0.037443, -0.004706, 0.019457, -0.057590, 0.038832, 0.049242, 0.020686, 0.021844, 0.002762, -0.055627, 0.066317, 0.009586, 0.028158, 0.037085, -0.051930, -0.111246, -0.022307, -0.030677, 0.009534, 0.006515, 0.039258, 0.023193, -0.003586, -0.057733, -0.008604, 0.067559, 0.025076, -0.068200, 0.005736, 0.007987, 0.013400, -0.002974, 0.009650, 0.032094, 0.091980, 0.007041, 0.049469, 0.054212, -0.032009, -0.059131, -0.094053, -0.063649, 0.009217, 0.045238, -0.020560, 0.014702, -0.050072, -0.025934, -0.053993, 0.073809, -0.009460, 0.057854, -0.007591, -0.026228, 0.084630, -0.087463, -0.063040, -0.071700, -0.022491, -0.065526, -0.032259, 0.061309, 0.037825, -0.030919, 0.057288, -0.014226, -0.043994, 0.009714, 0.065216, -0.050202, 0.000000, -0.083365, 0.072884, 0.031834, -0.010387, -0.138225, -0.017802, 0.081867, -0.065375, -0.119108, -0.000240, 0.050899, 0.041414, -0.037962, -0.017942, 0.046767, -0.090865, 0.047774, 0.042006, -0.043914, -0.047700, 0.015453, 0.086736, 0.100415, -0.072662, 0.093501, -0.079425, 0.021556, -0.010379, 0.021507, 0.043355, 0.030417, -0.010126, -0.048826, -0.077652, -0.031967, 0.004775, -0.061473, -0.062170, -0.110174, -0.041023, 0.010297, 0.024113, -0.002382, -0.031762, -0.032684, 0.050600, 0.036203, 0.082096, -0.015194, -0.047692, -0.073211, -0.022268, -0.070148, -0.000441, 0.006140, 0.045197, -0.051401, 0.032179, -0.031261, 0.031802, -0.066772, -0.087337, -0.075784, -0.007575, -0.019658, 0.069955, 0.064805, -0.017643, 0.015092, 0.041911, -0.011174, -0.033039, 0.028219, 0.079296, 0.040099, -0.002756, -0.002127, 0.095662, 0.036120, 0.034684, 0.018697, 0.017794, -0.006186, -0.006747, 0.067715, 0.018147, 0.079694, 0.008996, -0.017087, 0.017562, 0.001447, -0.021716, 0.022862, -0.058080, -0.043787, -0.000000, 0.006428, -0.024690, 0.052813, 0.064868, 0.002340, 0.005716, 0.024283, -0.028356, 0.063005, 0.005614, -0.021431, 0.023221, -0.044191, -0.042785, -0.128787, -0.047170, 0.025505, -0.054010, 0.053130, -0.001658, -0.015733, 0.008908, 0.024630, 0.016346, 0.019505, 0.009161, -0.079142, 0.039023, -0.068685, 0.020723, -0.010924, -0.022963, -0.038367, 0.064930, -0.002935, -0.057084, -0.011596, -0.022536, -0.004217, 0.085228, -0.022439, -0.005190, 0.049016, -0.074760, -0.016244, -0.136205, -0.055594, 0.004979, 0.009338, -0.021477, -0.080002, -0.020106, -0.034588, -0.062408, -0.014822, 0.000521, -0.013136, 0.028284, -0.048939, -0.028638, 0.003458, 0.072146, -0.030709, 0.146666, 0.049743, -0.062221, -0.070042, -0.080973, -0.095022, -0.064842, -0.030059, -0.040444, 0.033737, 0.050239, 0.043823, 0.054774, 0.011681, -0.012566, 0.061094, -0.011131, 0.053425, -0.010379, -0.063820, 0.061687, 0.042200, 0.052513, 0.018187, -0.073034, 0.067167, 0.001591, 0.032809, -0.050467, 0.083896, 0.074854, -0.000720, -0.000000, 0.015945, -0.033212, -0.005250, 0.030408, -0.008805, -0.025245, -0.044282, -0.054013, 0.011469, -0.017684, 0.050410, 0.072896, -0.045905, -0.081476, -0.059213, -0.059804, -0.045300, 0.036068, 0.006143, -0.029464, 0.032016, 0.029991, 0.001459, 0.058277, 0.063297, -0.027175, -0.015557, -0.091800, -0.002534, 0.088354, 0.041520, -0.069607, 0.028136, -0.100916, 0.048427, 0.128548, 0.006889, 0.024659, 0.029326, 0.115936, 0.019281, -0.064494, 0.046061, -0.088079, -0.052715, -0.002789, -0.103340, 0.006303, 0.034070, -0.142625, -0.034390, -0.007816, -0.012136, 0.017828, -0.011802, 0.095365, -0.013175, 0.049561, -0.008646, -0.033123, 0.058959, -0.058656, -0.006100, 0.058628]

=== CHUNK hdfc_elss_tax_saver::15::5 ===
source_url: https://groww.in/mutual-funds/hdfc-elss-tax-saver-fund-direct-plan-growth
scheme: HDFC ELSS Tax Saver Fund - Direct Plan - Growth
category: elss
plan_variant: direct_growth
section: Fund house
fact_type: general
authority: page_text
is_atomic: false
char_len: 1195
source_fetched_at: 2026-09-28T13:12:28+00:00
content_hash: 5611a80d32673e91f717935f5b19079262391dec24ce690985075f3fcfa5d62b
---
Fund house
Quant Small Cap Fund
SBI Magnum Children's Benefit Fund
UTI Nifty 50 Index Fund
JM Flexicap Fund
HSBC Small Cap Fund
Franklin India Multi Cap Fund
ICICI Prudential
LIC
Canara Robeco
Whiteoak
Franklin Templeton
NJ
JM
360 One
International
Silver
Midcap
Liquid
Debt
Index
Bank Nifty
Nifty IT
Equity
Nifty 50
Nifty Metal
Nifty Auto
Commodity
Nifty Next 50
Healthcare
Groww
Gold
Sensex
Defence
Groww Arbitrage Fund
Groww ELSS Tax Saver Fund
Groww Banking & Financial Services Fund
Groww Gold ETF FOF
Groww Gold ETF
Groww Short Duration Fund
Groww Aggressive Hybrid Fund
Groww Nifty Smallcap 250 Index Fund
Groww Multicap Fund
Groww Nifty India Defence ETF
Groww Liquid Fund
Groww Dynamic Bond Fund
Groww Nifty Non Cyclical Consumer Index Fund
Groww Nifty India Railways PSU Index Fund
Groww Nifty India Railways ETF
Groww Large Cap Fund
Groww Overnight Fund
Groww Nifty EV & New Age Automotive ETF FoF
Groww Nifty 200 ETF FoF
Groww Value Fund
Groww Nifty Total Market Index Fund
Groww Nifty India Defence ETF FoF
Groww Silver ETF
SIP Calculator
Brokerage Calculator
RD Calculator
HRA Calculator
Home Loan EMI Calculator
Lumpsum Calculator
Margin Calculator
FD Calculator
Salary Calculator

embedding_dim: 384
embedding: [0.051713, -0.077529, -0.036914, 0.041034, 0.131220, 0.004552, 0.081761, 0.025447, -0.024852, -0.011812, -0.049803, -0.057360, -0.039325, -0.022175, -0.047777, -0.039185, -0.031570, -0.006632, -0.071172, 0.027989, 0.015842, -0.039558, -0.029020, -0.028575, -0.014274, 0.067523, -0.046104, -0.000997, -0.082138, -0.088286, -0.025209, 0.060597, 0.068577, 0.000753, -0.008034, 0.059298, 0.011269, 0.131394, 0.043571, -0.060007, -0.059315, -0.096793, 0.030397, -0.032350, 0.047133, -0.042225, -0.049961, -0.031632, 0.060631, 0.023707, -0.042741, 0.027166, 0.028700, 0.040166, -0.022396, 0.046752, -0.134846, -0.110163, -0.012674, 0.015724, -0.054534, 0.047199, 0.006744, 0.048110, 0.033852, 0.037261, -0.042702, 0.022410, -0.067931, 0.001466, 0.043823, -0.035056, -0.116459, 0.027664, 0.007369, 0.056305, 0.023471, 0.001816, 0.049215, -0.010824, -0.051903, -0.006833, 0.064479, -0.001883, -0.087477, -0.027117, 0.056923, -0.050784, -0.000983, -0.045350, 0.032469, 0.068727, 0.037219, 0.053213, 0.010709, -0.053151, -0.045175, -0.071344, -0.084623, 0.050143, 0.037154, 0.023862, 0.020602, -0.036373, -0.105334, -0.077185, 0.016566, 0.033370, 0.033646, -0.036627, -0.002061, 0.086243, -0.062789, -0.055819, -0.050716, -0.026963, -0.092116, -0.042123, 0.065998, 0.030066, -0.000803, 0.073932, -0.074357, 0.021732, -0.053191, 0.044272, -0.045486, 0.000000, -0.100245, 0.031247, 0.074254, -0.027311, -0.090000, -0.022471, 0.051189, -0.029470, -0.118176, 0.021947, 0.055227, 0.106268, -0.005775, -0.025969, 0.023418, -0.111165, -0.035642, 0.032864, -0.016082, 0.006475, 0.008132, 0.083251, 0.069496, -0.057473, 0.028048, -0.074806, -0.026300, -0.029558, 0.028208, 0.056531, -0.024708, 0.022985, -0.023871, -0.082201, -0.069671, 0.011064, 0.001392, -0.046876, -0.054173, -0.039009, -0.009004, 0.022722, 0.031838, -0.005929, -0.063075, 0.060026, 0.087368, 0.041513, -0.088068, 0.015116, -0.042390, -0.013717, -0.061580, 0.016116, -0.002337, 0.047265, -0.039947, 0.036517, 0.019430, -0.038522, -0.047903, -0.007423, -0.086412, -0.001757, -0.037951, 0.101900, 0.009578, -0.011909, 0.045741, 0.094653, 0.017883, -0.020313, 0.039763, 0.075661, 0.068232, 0.013341, 0.016330, 0.031234, 0.047191, -0.021359, -0.015992, 0.008165, -0.024840, 0.001134, 0.109416, -0.005060, 0.044985, -0.006064, 0.003344, -0.048033, -0.042785, -0.068043, 0.053801, -0.090792, -0.122692, -0.000000, 0.023951, -0.046588, 0.042301, 0.080274, 0.019553, -0.041308, 0.002683, -0.038661, 0.069632, 0.043720, 0.032373, 0.013656, -0.055238, -0.004786, -0.050071, -0.061371, 0.056933, 0.004831, 0.000626, -0.006531, -0.013644, 0.059429, -0.049607, 0.066268, -0.021830, 0.036499, -0.044028, 0.055417, -0.037899, -0.013156, -0.056564, -0.014994, -0.020429, 0.038090, -0.032093, -0.000395, -0.015777, -0.037318, -0.017012, 0.056631, -0.046754, -0.031159, 0.008339, -0.012086, -0.022624, -0.142300, -0.048756, 0.006706, 0.036093, 0.060683, -0.054960, 0.040608, -0.048657, -0.020088, -0.040297, 0.007332, 0.088402, -0.038088, -0.052813, -0.014936, -0.026110, 0.082197, -0.006522, 0.047153, 0.112675, -0.122879, -0.110765, -0.067003, -0.105219, -0.018895, -0.010911, -0.058398, -0.010507, 0.003820, 0.036216, 0.018490, 0.062640, -0.003451, 0.038380, 0.002866, 0.009404, -0.025239, 0.001899, 0.060752, -0.020213, 0.019515, 0.034982, -0.042699, 0.038129, 0.031493, 0.019332, -0.074735, 0.031401, 0.020718, -0.016691, -0.000000, -0.016995, 0.028686, -0.022215, 0.074151, 0.024850, -0.019818, -0.012658, -0.036619, -0.005879, -0.029867, 0.097285, 0.083151, -0.060915, -0.045283, -0.016647, -0.074451, -0.044236, 0.043578, -0.040212, -0.034256, 0.031890, 0.035899, 0.008941, 0.050667, 0.009952, -0.089906, 0.049084, -0.035875, -0.016630, 0.034547, -0.005128, -0.047217, -0.001298, -0.070312, 0.062172, 0.085104, -0.020891, 0.010635, 0.009411, 0.063399, -0.054127, -0.023361, 0.004259, -0.014558, -0.053429, -0.007451, -0.129781, 0.031974, 0.070809, -0.147208, -0.035894, -0.007416, -0.000823, -0.016423, -0.006826, 0.079119, -0.049686, 0.079619, -0.033668, -0.004558, 0.110696, -0.073087, 0.001654, 0.040685]

=== CHUNK hdfc_elss_tax_saver::15::6 ===
source_url: https://groww.in/mutual-funds/hdfc-elss-tax-saver-fund-direct-plan-growth
scheme: HDFC ELSS Tax Saver Fund - Direct Plan - Growth
category: elss
plan_variant: direct_growth
section: Fund house
fact_type: general
authority: page_text
is_atomic: false
char_len: 1200
source_fetched_at: 2026-09-28T13:12:28+00:00
content_hash: 5611a80d32673e91f717935f5b19079262391dec24ce690985075f3fcfa5d62b
---
Fund house
Brokerage Calculator
RD Calculator
HRA Calculator
Home Loan EMI Calculator
Lumpsum Calculator
Margin Calculator
FD Calculator
Salary Calculator
ROI Calculator
SWP Calculator
Stock Average Calculator
EPF Calculator
TDS Calculator
MF Calculator
SSY Calculator
Income Tax Calculator
EMI Calculator
Step-Up SIP Calculator
PPF Calculator
GST Calculator
Car Loan EMI Calculator
What is IPO?
How to Apply for an IPO
Open IPOs
What is Grey Market Premium?
Upcoming IPOs
Mainboard IPOs
Closed IPOs
SME IPOs
IPO Subscription Status
IPO Allotment Status
NFO
Pricing
Trust & Safety
Groww Digest
Intraday
Blog
Investor Relations
Invest in Gold
Corporate Bonds
Media & Press
Gold Rates
Invest in Silver
HUF Demat Account
Careers
Silver Rates
Sitemap
About Us
Help & Support
Glossary
NRI Demat Account
Show More
Others:
NSE
BSE
MCX
Terms and Conditions
Policies and Procedures
Regulatory & Other Info
Privacy Policy
Disclosure
SMART ODR
Download Forms
Information Security Practices
Investor Charter and Grievance
Bug Bounty
Groww Pay - Terms of use
Groww Pay - Privacy policy
Groww IFSC
Mutual Funds
:
A
B
C
D
E
F
G
H
I
J
K
L
M
N
O
P
Q
R
S
T
U
V
W
X
Y
Z
Others
Stocks
:
A
B
C
D
E
F
G
H
I
J
K
L
M
N
O
P
Q

embedding_dim: 384
embedding: [0.052271, -0.093321, 0.046854, -0.002182, 0.036956, 0.006682, 0.016271, 0.036888, -0.029742, 0.023828, -0.012199, -0.027457, -0.091483, -0.043229, 0.028552, -0.037473, 0.024915, -0.035280, -0.065816, -0.047654, 0.030477, -0.026378, -0.103236, -0.065053, 0.032791, -0.074037, 0.041367, 0.045034, -0.053526, -0.002249, -0.085346, 0.036701, 0.115045, 0.022695, -0.044231, -0.065798, 0.038320, 0.007124, -0.017116, -0.026044, 0.035134, -0.136763, -0.004916, -0.028270, 0.009156, 0.016204, -0.007806, 0.033921, 0.105212, -0.073833, -0.043877, 0.032774, 0.002399, 0.014258, -0.006061, -0.030800, -0.008031, -0.029491, 0.012391, -0.062694, -0.094632, 0.004058, 0.007646, 0.091894, 0.057152, 0.031984, -0.031399, 0.053398, -0.027507, 0.006308, -0.071891, -0.025337, -0.067805, -0.013859, -0.047370, 0.059490, -0.021367, 0.081102, 0.132635, -0.115483, 0.020799, -0.009561, -0.005621, 0.027611, -0.062071, 0.064364, 0.029708, 0.020026, 0.032031, 0.007092, 0.076394, 0.044057, -0.002102, -0.066566, 0.004397, 0.009952, -0.031472, -0.085653, -0.057309, -0.016052, -0.020640, 0.014303, -0.091500, -0.049978, -0.014924, 0.033856, 0.034081, 0.014306, 0.063470, 0.014301, -0.031678, -0.005138, -0.012337, -0.076748, -0.053266, 0.001095, -0.001599, 0.033703, 0.098300, 0.010113, -0.072993, 0.018669, -0.053228, -0.028105, 0.013765, 0.025062, -0.029243, 0.000000, -0.099701, 0.078771, 0.018910, -0.019914, -0.057846, 0.001427, 0.056863, 0.038598, -0.074295, 0.024440, 0.051281, 0.003025, -0.022490, 0.021271, 0.036676, -0.009271, 0.029170, 0.083376, -0.004235, 0.056801, 0.027632, -0.028519, 0.054144, -0.031498, 0.074335, 0.062218, -0.020652, -0.025533, -0.019866, 0.019082, 0.071096, 0.047690, -0.022865, -0.033363, -0.075806, -0.058439, 0.022501, -0.053235, -0.013022, -0.054941, -0.093641, -0.025209, -0.066457, -0.017831, -0.044010, -0.025523, -0.011218, -0.014205, 0.131703, 0.059969, -0.096447, 0.007630, -0.026524, -0.021774, 0.022883, -0.033422, -0.001185, -0.058215, -0.015698, -0.052345, -0.091199, 0.015599, -0.081967, -0.072680, -0.116622, 0.048111, -0.059893, -0.026819, 0.021962, 0.097473, 0.044995, -0.049273, 0.058187, 0.034365, 0.053700, -0.004546, 0.007055, -0.005649, 0.031371, 0.027378, -0.005325, 0.079775, 0.046901, 0.051915, 0.092454, 0.003067, 0.068047, 0.074602, 0.020347, 0.023138, 0.009088, -0.031863, -0.070191, 0.037952, -0.037289, -0.000000, -0.009417, 0.044647, -0.037350, 0.011423, -0.007771, -0.005813, -0.000076, -0.074219, 0.160639, -0.050992, -0.048969, 0.034090, 0.057687, -0.044243, -0.073929, -0.092756, -0.107446, -0.035520, 0.019945, 0.003294, -0.024121, -0.014828, 0.006112, 0.031147, 0.068591, -0.062813, -0.039433, 0.122699, -0.026254, -0.011764, -0.012366, -0.043376, -0.050469, 0.047625, -0.005896, -0.003099, 0.083605, 0.074190, -0.021210, 0.022023, 0.023934, -0.068682, 0.044474, -0.033919, -0.025352, -0.025722, -0.039909, 0.039576, -0.005523, 0.018683, 0.015790, 0.029923, -0.016161, 0.077842, -0.000887, 0.070809, 0.076437, 0.013853, -0.112343, 0.049108, -0.018355, 0.026483, 0.037914, 0.116388, -0.013807, -0.101084, -0.010399, -0.061091, -0.049263, -0.123048, -0.015143, -0.035710, 0.032672, -0.010900, 0.013117, 0.042775, 0.064746, -0.030506, -0.014263, 0.044607, -0.020378, 0.086042, -0.075969, -0.025691, -0.006558, 0.046681, 0.062201, -0.034228, 0.043454, 0.006238, -0.115752, -0.023871, -0.055267, 0.055353, -0.026305, -0.000000, -0.009438, 0.010986, 0.077879, 0.000401, 0.032021, -0.055715, 0.019905, -0.037337, -0.026181, -0.020797, 0.074673, 0.016597, -0.048102, -0.081225, 0.006828, -0.039503, -0.041187, 0.025177, -0.040585, 0.023266, 0.017110, -0.065787, -0.007311, 0.037103, 0.008116, -0.023302, 0.002363, -0.051568, -0.079988, 0.064214, 0.010761, -0.020960, 0.054194, -0.035622, 0.042958, 0.097628, -0.054335, 0.038288, 0.043865, 0.035414, -0.054194, -0.105710, 0.002519, -0.075877, 0.047571, 0.033342, -0.129731, -0.019707, 0.013264, -0.119974, 0.041240, -0.025764, -0.013948, -0.037850, 0.027056, -0.002331, -0.006849, 0.001308, 0.067631, 0.025310, 0.108204, -0.033982, -0.076600, -0.021072]

=== CHUNK hdfc_elss_tax_saver::15::7 ===
source_url: https://groww.in/mutual-funds/hdfc-elss-tax-saver-fund-direct-plan-growth
scheme: HDFC ELSS Tax Saver Fund - Direct Plan - Growth
category: elss
plan_variant: direct_growth
section: Fund house
fact_type: general
authority: page_text
is_atomic: false
char_len: 163
source_fetched_at: 2026-09-28T13:12:28+00:00
content_hash: 5611a80d32673e91f717935f5b19079262391dec24ce690985075f3fcfa5d62b
---
Fund house
Groww IFSC
Mutual Funds
:
A
B
C
D
E
F
G
H
I
J
K
L
M
N
O
P
Q
R
S
T
U
V
W
X
Y
Z
Others
Stocks
:
A
B
C
D
E
F
G
H
I
J
K
L
M
N
O
P
Q
R
S
T
U
V
W
X
Y
Z
Others

embedding_dim: 384
embedding: [0.004490, -0.038058, -0.056507, -0.028956, 0.103748, 0.048657, 0.059508, -0.033759, -0.055364, 0.065655, -0.005863, -0.005644, -0.045154, 0.027858, -0.059091, 0.034246, -0.027776, -0.054798, -0.051668, 0.017413, 0.008593, -0.108309, -0.000466, 0.035553, 0.053263, 0.001849, 0.027504, 0.089550, -0.009203, -0.099062, -0.003632, 0.037905, 0.011977, 0.001675, 0.002520, 0.057220, -0.008331, -0.003079, -0.035678, 0.042249, -0.012004, -0.011143, 0.043759, 0.060026, -0.010657, 0.040603, -0.068855, 0.055451, -0.016327, -0.010649, 0.000361, -0.021309, -0.056401, 0.010899, -0.030651, 0.082224, -0.107154, -0.007752, 0.030043, -0.000039, 0.020751, -0.030236, 0.013266, -0.000003, 0.088316, 0.000782, -0.093108, 0.115409, -0.021960, 0.026158, -0.002661, -0.005631, -0.075003, -0.027929, -0.012788, 0.059541, 0.056649, -0.023891, 0.046932, -0.060650, -0.068762, 0.018898, 0.025422, -0.003962, -0.018186, 0.001083, -0.049201, -0.054212, 0.012269, 0.004735, 0.055093, -0.012459, -0.026156, 0.015080, -0.053863, -0.004987, -0.107108, -0.156422, -0.062161, 0.050149, 0.011973, -0.047656, 0.020951, -0.040744, -0.047606, -0.038107, 0.002595, 0.052041, 0.062883, 0.012377, -0.063668, 0.109279, -0.019741, 0.006667, -0.093860, 0.033076, -0.048299, -0.068633, 0.048016, -0.089108, 0.007404, 0.019331, -0.043391, -0.020237, -0.073958, -0.049307, -0.102510, 0.000000, -0.099660, 0.007653, -0.037120, 0.021305, -0.061154, -0.001832, 0.032013, -0.054603, -0.114110, -0.101897, 0.041353, 0.080248, -0.006311, 0.033757, 0.024955, -0.154899, 0.033751, 0.104435, -0.012909, -0.032227, 0.027608, 0.096781, -0.020705, -0.028747, 0.094379, -0.136893, 0.014906, -0.009281, 0.020677, 0.018931, 0.034303, -0.021125, -0.041050, -0.061552, -0.012239, 0.060612, -0.056774, 0.004399, -0.046064, -0.040666, 0.003760, 0.035269, -0.001938, -0.022262, -0.030485, 0.059528, 0.048611, 0.051761, -0.035848, -0.066352, 0.038304, -0.022721, -0.012460, -0.034696, 0.077630, -0.015888, -0.058637, -0.027289, 0.039803, -0.018346, -0.009858, 0.005473, -0.067727, 0.036841, -0.098446, 0.012050, 0.027341, -0.015391, 0.021217, 0.117220, -0.004743, 0.003274, 0.076615, 0.019358, -0.005892, -0.041129, -0.046833, 0.083122, -0.011274, -0.037790, -0.008644, 0.042998, -0.037690, 0.065451, 0.028531, -0.069320, 0.042265, -0.062999, -0.036219, -0.002780, 0.025766, -0.058625, 0.125201, -0.031677, -0.023657, -0.000000, -0.051439, 0.035613, 0.062927, 0.031428, -0.012997, 0.034985, 0.044451, -0.069196, 0.087964, 0.012315, 0.024301, 0.043201, -0.008347, -0.012818, -0.074808, -0.086900, 0.097784, -0.009762, 0.045228, -0.015853, 0.031912, 0.028912, 0.005629, 0.014359, 0.030185, -0.007648, -0.045243, 0.099771, -0.067127, 0.095312, -0.031707, -0.060336, -0.047989, 0.030896, 0.043149, -0.001589, -0.036651, -0.037758, -0.068285, 0.018844, 0.023287, -0.003460, 0.009971, -0.017564, -0.023969, -0.028477, -0.036008, -0.007615, 0.050897, 0.022869, -0.055716, 0.014958, -0.006046, -0.008653, -0.090695, 0.046690, 0.031631, 0.055676, -0.058980, 0.041001, -0.026676, -0.020108, 0.002556, 0.010855, -0.080282, -0.067605, -0.090482, -0.049573, 0.024865, -0.032966, 0.029324, 0.013696, -0.018059, 0.022885, -0.038212, 0.007790, 0.108808, 0.014128, -0.040919, 0.058939, -0.030785, 0.055030, 0.027234, 0.100119, -0.000972, 0.011736, 0.050852, -0.040879, -0.005912, 0.075104, -0.015700, -0.073851, 0.103139, 0.001031, 0.000420, -0.000000, -0.035973, -0.053416, 0.061753, 0.020113, -0.049978, -0.083726, 0.061730, -0.083145, 0.036129, 0.097252, 0.063767, 0.138584, -0.060536, 0.014024, -0.043957, -0.044498, -0.058061, 0.015980, -0.032462, 0.011551, 0.033360, 0.047109, 0.017169, 0.098982, 0.003478, -0.010486, 0.018089, -0.087814, 0.023364, 0.063515, 0.062633, 0.007120, -0.015045, 0.036569, -0.023158, 0.062113, -0.056541, 0.112558, -0.015368, 0.066736, 0.008817, -0.081664, 0.036531, 0.012705, -0.045453, -0.019575, -0.083101, -0.019217, -0.001444, -0.102326, -0.008243, -0.027396, -0.043797, -0.040881, 0.067039, 0.045540, -0.026968, 0.051576, -0.072734, -0.069099, 0.021786, -0.073661, 0.033366, 0.021212]

=== CHUNK hdfc_small_cap::0::0 ===
source_url: https://groww.in/mutual-funds/hdfc-small-cap-fund-direct-growth
scheme: HDFC Small Cap Fund - Direct Growth
category: small_cap
plan_variant: direct_growth
section: Scheme facts (as published on the scheme page)
fact_type: expense_ratio
authority: scheme_facts
is_atomic: true
char_len: 19
source_fetched_at: 2026-09-28T13:12:29+00:00
content_hash: 0b47a4d31b80633175b44ea6a6e68bb37378b6d6123d5450270883a5da5a0825
---
Expense ratio: 0.78

embedding_dim: 384
embedding: [0.066838, 0.048304, -0.068130, 0.093651, 0.056949, -0.048299, 0.008735, -0.002919, 0.004143, 0.011576, 0.030250, -0.068331, -0.044947, 0.067361, -0.088861, -0.061187, 0.024049, -0.086474, -0.031992, 0.083708, -0.060628, 0.000199, 0.071374, 0.022355, 0.127052, 0.024845, 0.005664, -0.011254, -0.021268, -0.044214, -0.031324, 0.018836, 0.035575, -0.042097, 0.073339, -0.033480, -0.017062, -0.028426, 0.013957, 0.018897, -0.086286, 0.036089, -0.061897, 0.012373, -0.035652, -0.030548, -0.055132, 0.053596, 0.057228, 0.102671, 0.042045, 0.043795, -0.035859, -0.036727, -0.004504, 0.008274, -0.044968, -0.069047, -0.032548, -0.039852, -0.042366, 0.010425, 0.027179, 0.026899, 0.052129, -0.025442, -0.018745, -0.010986, -0.149285, 0.016457, -0.048328, -0.032010, -0.050591, -0.055554, 0.045571, 0.026559, 0.058948, 0.053215, 0.066067, -0.008267, 0.015522, -0.019091, -0.007539, 0.041448, 0.041783, -0.049291, 0.098258, -0.007275, 0.027393, 0.003837, 0.029812, -0.020263, 0.000059, -0.015713, 0.066530, 0.050547, -0.043312, 0.021984, -0.011652, -0.011062, 0.054394, 0.028959, 0.058673, -0.015037, -0.039560, 0.047919, 0.105823, 0.088500, 0.072253, 0.019078, 0.004677, -0.018637, -0.000815, -0.010064, -0.037380, -0.040165, 0.007322, -0.022790, 0.074768, 0.066656, 0.095888, 0.066205, 0.031101, 0.033285, -0.098297, -0.076187, -0.100760, -0.000000, -0.027913, 0.013946, 0.045799, -0.072485, -0.066141, -0.013686, -0.028662, 0.035056, 0.000107, 0.016657, -0.076596, 0.072356, -0.061265, -0.069760, 0.057301, -0.041071, 0.001918, 0.096811, 0.070414, -0.053078, -0.056953, 0.027277, 0.001894, -0.020693, 0.020493, 0.006935, -0.053853, -0.038235, 0.007791, -0.034047, -0.024600, -0.003694, 0.052389, -0.089918, -0.054430, -0.015406, -0.024546, 0.062703, 0.031328, -0.001454, -0.120257, 0.015886, 0.006929, -0.070263, -0.008074, 0.014012, 0.162950, -0.003689, -0.017059, 0.023176, -0.072730, -0.009384, -0.099050, 0.030054, -0.032286, -0.041542, 0.063450, -0.021485, -0.026550, 0.009675, 0.018331, 0.039388, -0.018598, -0.110855, -0.059738, -0.021834, -0.008663, -0.011618, -0.038545, 0.028893, -0.051649, -0.032080, 0.028332, 0.038056, 0.000302, 0.034394, -0.014082, -0.033759, -0.001408, -0.011539, -0.115341, 0.025231, 0.023412, -0.025288, -0.070019, -0.023868, 0.093548, 0.072253, -0.017359, 0.015671, 0.068957, -0.015078, -0.023545, -0.046405, 0.028027, 0.000000, -0.021386, 0.081738, 0.032024, -0.008330, -0.048335, -0.010454, 0.039766, 0.013301, 0.027583, 0.034417, -0.033193, 0.063108, -0.008302, 0.000579, 0.042414, -0.028589, 0.004706, 0.029089, -0.019544, -0.041025, -0.018213, 0.084023, 0.088988, 0.035008, -0.062836, 0.006042, -0.035084, -0.004183, 0.013153, 0.002386, -0.043513, -0.048376, 0.016063, 0.051838, 0.015554, -0.079410, -0.106215, 0.038994, 0.078259, -0.062537, 0.113672, -0.013299, 0.021178, -0.010899, 0.100057, -0.090678, 0.042318, -0.111661, 0.056904, -0.053632, -0.001479, -0.020734, 0.015637, 0.004530, -0.070511, 0.116632, 0.011270, -0.005838, 0.012984, -0.011649, 0.041881, 0.107796, -0.034470, 0.022967, -0.027586, 0.021644, 0.026540, -0.005621, 0.062993, -0.034492, -0.000626, -0.008008, 0.023929, -0.008511, 0.021496, 0.010205, 0.026142, 0.038330, 0.083650, -0.019763, -0.005216, 0.031617, -0.027070, -0.064381, -0.069913, -0.067238, 0.040028, -0.031603, -0.060374, 0.088984, -0.034107, -0.019538, 0.012749, 0.066235, -0.027825, -0.000000, -0.029046, -0.037639, 0.043333, 0.022524, 0.022028, -0.056049, 0.006006, 0.030333, 0.003608, 0.145025, 0.035940, -0.048500, -0.083906, 0.056352, -0.072662, -0.066231, -0.014990, 0.067810, 0.002839, -0.107834, 0.033556, 0.048569, -0.047335, -0.029444, -0.014603, 0.022576, -0.004600, 0.103875, -0.035187, -0.099090, 0.039700, 0.044160, -0.033177, -0.034779, -0.023444, -0.047499, 0.015930, 0.063857, 0.049792, 0.088516, -0.026499, -0.034775, 0.013052, -0.047738, 0.019374, 0.038439, -0.121562, -0.031665, 0.021331, -0.078073, 0.093450, 0.044062, -0.006567, 0.030195, -0.005263, -0.023309, -0.032317, 0.079388, -0.144729, 0.016392, 0.076770, -0.095301, -0.078326, -0.009432]

=== CHUNK hdfc_small_cap::0::1 ===
source_url: https://groww.in/mutual-funds/hdfc-small-cap-fund-direct-growth
scheme: HDFC Small Cap Fund - Direct Growth
category: small_cap
plan_variant: direct_growth
section: Scheme facts (as published on the scheme page)
fact_type: min_sip
authority: scheme_facts
is_atomic: true
char_len: 33
source_fetched_at: 2026-09-28T13:12:29+00:00
content_hash: 0b47a4d31b80633175b44ea6a6e68bb37378b6d6123d5450270883a5da5a0825
---
Minimum SIP investment (INR): 100

embedding_dim: 384
embedding: [0.012420, 0.012419, -0.076923, -0.078337, -0.053845, -0.041673, 0.074123, 0.099117, -0.019099, 0.022071, 0.002682, -0.074821, -0.012166, 0.053409, 0.002645, -0.023399, -0.000506, -0.134584, -0.022794, -0.032756, -0.003955, -0.034597, -0.023358, -0.012040, 0.063991, -0.030309, 0.005399, 0.023407, 0.069211, -0.008106, 0.094992, 0.140051, 0.132594, -0.064973, 0.032989, 0.015124, -0.022769, -0.001898, 0.012862, 0.003799, 0.019550, -0.038790, -0.033508, 0.003622, -0.017958, -0.054509, -0.052303, 0.112657, 0.041281, 0.023188, -0.010896, 0.040377, 0.018734, -0.044861, -0.088010, -0.049145, -0.032116, 0.050735, -0.012346, 0.040777, -0.007352, 0.011618, 0.015335, 0.001205, -0.029614, -0.005234, -0.015027, 0.026846, -0.060801, 0.010772, 0.033882, -0.081613, -0.071931, -0.046943, -0.018447, -0.012605, 0.040830, 0.050298, -0.013989, 0.029422, 0.030457, -0.032065, -0.039564, -0.051824, -0.026479, -0.051261, 0.024718, -0.049088, 0.064415, -0.000729, -0.012545, 0.055153, -0.017523, 0.018331, -0.007170, 0.045707, -0.054825, -0.055490, -0.024606, 0.024618, 0.002318, -0.007832, -0.046932, -0.078582, -0.003050, -0.063895, 0.069915, -0.030456, 0.066004, 0.040248, -0.053037, 0.060230, 0.115622, -0.013317, -0.017498, 0.000695, -0.038913, -0.032906, 0.171405, 0.033169, -0.039993, 0.045296, -0.005972, -0.019986, -0.052370, -0.008734, -0.037126, -0.000000, -0.074182, 0.015643, -0.029556, 0.010435, -0.072248, -0.003794, 0.074883, 0.011714, -0.087436, -0.111475, 0.014997, -0.053960, -0.019010, 0.031965, 0.045684, -0.076320, 0.036410, 0.082647, 0.005251, -0.040675, -0.042656, -0.058369, -0.019135, -0.008152, 0.126193, 0.040951, -0.025517, -0.110456, 0.144180, 0.014332, 0.093015, 0.043311, -0.025294, -0.001048, -0.070511, 0.047198, 0.012313, 0.009386, -0.039320, -0.030237, -0.100695, 0.078824, 0.009361, -0.015707, -0.038751, 0.052068, 0.030232, 0.031261, -0.067954, 0.006349, -0.056622, -0.002670, -0.138497, 0.068878, -0.000993, -0.058800, -0.025592, -0.029248, -0.030232, -0.044570, -0.045086, -0.046206, -0.095706, 0.048432, -0.014981, 0.019366, -0.016780, -0.042457, 0.046862, 0.046435, -0.058616, 0.004824, 0.043763, -0.019808, 0.000085, 0.037553, 0.059985, 0.023676, 0.020623, 0.054344, -0.035769, 0.043854, 0.028257, 0.030351, 0.054422, 0.015025, 0.091257, 0.019844, -0.019315, 0.038134, -0.016083, -0.021419, -0.021138, 0.020629, 0.052310, 0.000000, -0.026296, 0.050223, 0.090223, 0.038191, 0.021296, 0.020431, 0.108456, 0.033162, 0.096206, -0.050304, -0.054998, 0.031845, 0.093990, 0.026059, -0.085583, -0.032184, 0.001776, -0.003994, 0.039672, -0.008929, 0.031642, 0.015034, 0.056771, 0.102298, -0.033726, 0.026359, -0.087007, -0.011489, -0.039424, -0.018098, -0.039510, -0.002640, -0.069137, 0.027678, -0.051856, -0.050925, 0.025678, 0.008672, -0.027901, 0.049577, 0.098699, -0.027893, -0.002991, -0.060228, 0.023994, -0.093209, 0.030234, -0.070709, -0.023387, -0.111237, -0.009221, -0.035114, 0.052728, 0.114019, 0.015095, -0.000409, 0.063439, -0.025622, 0.002180, -0.021891, 0.033528, 0.071475, -0.036193, 0.053206, -0.040345, -0.030645, 0.026472, -0.019352, 0.068435, -0.124198, 0.023858, -0.008133, 0.083129, 0.045041, 0.000911, 0.021023, -0.037327, -0.061242, 0.042920, 0.009734, -0.130399, 0.144943, -0.044815, -0.004038, 0.086356, -0.029639, 0.075127, -0.104998, 0.023064, 0.023091, -0.080698, 0.045310, 0.070234, -0.019248, -0.024310, -0.000000, -0.032549, -0.032068, 0.018901, 0.049451, 0.021276, -0.053609, -0.002934, -0.011749, -0.022286, 0.043285, 0.092127, -0.011750, -0.046791, 0.036518, 0.000354, -0.053610, 0.025472, 0.035647, -0.030315, -0.058541, 0.030106, 0.080071, 0.015802, -0.011379, -0.027113, 0.028088, 0.058340, 0.024818, 0.017675, -0.016353, -0.018799, 0.045367, 0.031968, 0.039030, -0.062758, 0.025101, 0.011650, 0.025673, -0.039294, 0.048734, 0.001294, -0.118237, -0.060417, -0.061784, -0.001478, 0.047482, -0.099589, -0.016583, 0.009507, -0.053837, 0.086810, 0.070663, 0.029030, 0.043641, 0.046379, -0.002497, -0.047465, 0.036658, -0.054368, -0.035514, 0.004614, -0.002532, -0.035236, 0.027412]

=== CHUNK hdfc_small_cap::0::2 ===
source_url: https://groww.in/mutual-funds/hdfc-small-cap-fund-direct-growth
scheme: HDFC Small Cap Fund - Direct Growth
category: small_cap
plan_variant: direct_growth
section: Scheme facts (as published on the scheme page)
fact_type: min_sip
authority: scheme_facts
is_atomic: true
char_len: 36
source_fetched_at: 2026-09-28T13:12:29+00:00
content_hash: 0b47a4d31b80633175b44ea6a6e68bb37378b6d6123d5450270883a5da5a0825
---
Minimum investment amount (INR): 100

embedding_dim: 384
embedding: [0.023288, 0.081843, -0.083341, -0.063197, -0.047368, -0.032730, 0.042486, 0.120752, -0.011189, 0.087699, 0.013019, -0.102417, 0.033227, 0.034616, -0.047254, 0.003731, -0.002616, -0.043451, -0.054622, 0.001509, -0.018711, -0.024368, -0.065146, -0.008219, 0.062994, -0.062933, 0.022192, 0.046868, 0.056295, 0.020798, 0.047832, 0.061380, 0.072469, -0.005813, 0.009043, 0.031018, -0.031418, -0.014285, 0.008465, -0.002810, -0.011685, 0.016762, 0.006086, -0.007259, -0.007845, -0.010393, -0.036728, 0.054695, 0.051140, 0.014459, -0.031054, 0.091321, -0.007498, -0.031755, -0.122606, -0.061485, -0.024445, 0.004687, -0.022903, 0.000909, 0.019990, -0.011417, 0.074557, -0.033869, -0.008603, -0.021775, -0.007389, 0.003241, -0.114165, 0.031944, 0.063545, -0.039779, -0.151659, -0.016376, -0.034131, -0.033389, 0.006264, 0.101282, 0.001401, -0.005493, 0.043124, -0.009317, -0.038001, -0.058963, -0.033184, -0.040545, 0.081757, -0.009313, 0.104137, 0.067865, 0.045950, 0.041752, -0.028599, 0.039063, -0.003992, 0.006791, -0.015441, 0.020705, -0.042975, 0.021252, 0.031393, -0.077787, 0.030301, -0.041639, -0.033560, -0.051521, 0.093515, -0.037918, 0.012153, -0.003468, -0.032785, 0.031731, 0.079765, -0.029433, 0.004722, -0.011579, 0.006950, -0.022300, 0.111570, 0.029945, 0.037708, 0.019188, -0.030487, -0.009043, -0.040228, -0.059003, -0.027742, -0.000000, -0.069387, 0.009747, 0.007137, -0.014227, -0.056733, -0.006213, 0.072842, 0.046231, -0.103769, -0.077193, 0.033191, -0.015475, -0.032725, 0.017713, 0.009697, -0.061993, 0.061312, 0.050230, 0.046832, -0.067766, -0.049977, -0.072110, -0.017131, 0.000581, 0.032789, 0.055744, -0.031060, -0.102643, 0.047275, -0.014648, 0.116128, 0.033700, 0.010402, -0.056620, -0.035852, 0.014140, 0.040394, 0.034543, -0.017743, -0.009066, -0.048467, 0.072220, -0.003107, 0.022657, 0.008401, 0.078068, 0.149207, 0.093604, -0.093811, 0.019621, -0.047951, -0.020391, -0.136663, 0.036181, -0.029468, -0.007138, -0.032185, -0.047363, -0.071970, -0.043859, -0.043701, -0.022164, -0.043366, 0.086574, -0.052661, 0.020311, 0.024632, -0.023941, -0.006106, 0.094754, -0.081973, -0.044440, 0.068797, -0.035809, 0.057269, 0.019595, 0.053071, -0.006358, 0.010158, -0.026185, -0.025068, 0.019783, -0.004948, 0.055263, -0.018630, 0.032932, 0.093099, 0.073945, -0.000118, -0.038293, 0.011249, -0.059590, -0.031975, 0.021637, 0.058809, 0.000000, -0.029466, 0.011056, 0.109047, 0.042255, 0.015577, 0.061090, 0.082857, 0.033777, 0.113790, 0.016959, 0.009456, -0.025935, 0.049283, -0.002345, -0.081426, -0.048662, -0.021686, -0.003945, 0.028715, -0.003236, 0.055811, 0.021832, 0.053518, 0.111054, -0.022309, 0.030226, -0.042972, 0.026362, -0.051136, -0.010082, -0.072224, -0.009985, 0.007094, 0.008292, -0.078363, -0.076153, 0.047909, -0.056618, -0.047318, 0.061880, 0.084957, 0.023265, 0.029099, 0.004666, -0.011224, -0.090503, 0.045935, -0.044510, 0.033970, -0.074509, -0.039472, -0.063689, 0.041180, 0.051034, 0.011032, 0.071415, 0.009157, 0.000864, -0.003225, 0.021460, -0.041315, 0.053375, -0.026319, 0.067404, -0.061622, -0.017902, -0.009982, -0.010634, 0.036898, -0.100990, 0.039886, 0.024480, 0.100841, -0.031805, -0.000622, 0.024023, 0.031694, -0.076064, 0.076869, 0.034487, -0.104138, 0.097937, -0.042044, -0.044103, 0.030258, -0.006813, -0.023423, -0.014569, -0.011961, 0.038147, -0.073361, 0.099543, 0.138066, -0.035518, -0.101349, -0.000000, -0.057624, -0.047403, 0.016915, 0.008957, 0.028276, -0.030762, 0.040054, -0.007804, -0.033198, 0.073042, 0.080118, -0.025863, -0.102575, 0.023726, -0.024395, -0.054066, 0.006359, -0.006704, -0.009661, -0.043026, 0.054823, 0.078775, 0.041633, -0.057720, 0.010018, -0.021478, 0.064785, 0.039992, -0.028587, 0.018452, -0.022686, 0.016004, 0.036569, 0.031878, -0.057553, 0.008843, 0.037530, 0.055641, -0.013333, -0.033150, -0.033819, -0.106769, -0.021373, -0.065399, -0.024295, 0.069416, -0.105679, -0.066938, 0.038785, -0.102580, 0.086176, 0.017165, -0.013405, 0.043738, -0.021515, 0.043331, -0.030559, 0.055560, -0.117127, -0.057126, -0.014062, -0.011421, -0.022296, -0.009102]

=== CHUNK hdfc_small_cap::0::3 ===
source_url: https://groww.in/mutual-funds/hdfc-small-cap-fund-direct-growth
scheme: HDFC Small Cap Fund - Direct Growth
category: small_cap
plan_variant: direct_growth
section: Scheme facts (as published on the scheme page)
fact_type: exit_load
authority: scheme_facts
is_atomic: true
char_len: 52
source_fetched_at: 2026-09-28T13:12:29+00:00
content_hash: 0b47a4d31b80633175b44ea6a6e68bb37378b6d6123d5450270883a5da5a0825
---
Exit load: Exit load of 1% if redeemed within 1 year

embedding_dim: 384
embedding: [-0.042116, 0.055231, -0.008113, -0.002252, -0.023798, -0.007494, 0.019943, 0.023828, 0.017841, 0.025845, 0.037750, -0.047476, -0.023414, -0.023357, -0.002293, 0.068024, -0.072754, -0.013975, -0.011653, -0.040655, 0.006443, -0.069327, -0.095702, 0.023275, 0.005310, 0.011070, -0.025466, -0.006858, -0.012246, 0.011761, 0.057384, 0.001542, 0.006846, -0.081500, 0.064548, 0.036291, -0.140340, -0.041781, -0.010476, -0.021069, -0.044697, 0.022197, -0.019685, 0.033340, -0.000389, -0.001985, -0.058096, 0.103245, -0.001977, 0.114667, 0.084998, 0.027310, 0.016746, 0.060572, -0.048510, -0.020331, 0.085648, -0.001330, -0.065209, -0.017500, 0.011454, 0.019183, -0.038083, -0.049787, -0.023075, 0.039064, 0.039298, -0.030539, -0.040943, 0.020433, -0.028458, -0.112055, -0.062189, -0.020077, 0.005219, 0.013836, 0.061838, 0.012735, -0.014714, -0.037358, 0.002906, 0.013478, 0.018431, -0.070693, 0.008280, 0.011542, 0.005755, 0.018208, 0.084224, -0.017824, -0.004745, 0.159759, 0.072580, 0.025269, 0.008399, 0.006172, -0.092033, -0.019174, -0.015168, 0.048318, -0.028275, 0.019891, 0.029710, -0.057439, 0.044987, -0.087506, -0.016519, 0.014433, 0.028304, -0.019390, 0.004933, -0.025341, 0.135707, -0.021199, 0.047148, 0.026606, -0.032418, 0.093897, 0.011159, -0.001165, 0.135118, 0.054795, -0.053643, -0.005844, -0.011578, -0.051299, 0.110377, 0.000000, -0.026028, -0.112046, -0.039870, -0.002526, -0.062803, -0.036332, 0.031435, 0.075718, -0.038492, -0.005559, 0.009565, -0.035971, -0.041422, -0.037828, 0.014229, 0.006423, 0.017809, 0.003217, 0.114706, -0.033048, 0.002704, -0.148697, 0.017715, -0.016938, 0.061195, 0.029003, -0.020164, -0.046511, -0.019277, -0.029050, 0.108560, 0.015000, 0.002106, -0.099728, 0.002121, 0.017184, 0.085477, 0.041516, 0.046256, -0.018253, -0.069875, 0.020676, 0.029639, 0.040280, -0.024084, -0.172291, 0.070581, -0.021940, -0.031715, 0.083505, 0.012163, -0.049082, -0.033428, 0.015927, -0.071651, -0.022198, -0.063850, 0.006090, 0.017796, -0.043978, 0.054682, -0.074326, -0.025803, -0.022719, -0.112976, -0.013232, 0.043789, -0.013050, -0.136013, 0.069944, 0.009038, -0.059035, 0.063963, -0.105233, 0.003344, -0.019187, 0.088883, 0.059991, 0.069978, 0.006779, 0.044389, -0.035341, -0.020943, 0.010037, 0.059358, 0.036898, 0.104712, -0.117666, -0.075420, 0.012614, 0.005978, -0.059551, 0.012453, 0.020924, 0.077453, -0.000000, -0.018330, 0.007834, -0.035214, 0.012265, 0.015316, -0.005586, -0.025614, 0.102594, -0.026355, 0.073836, 0.036551, 0.022922, 0.017342, 0.104416, -0.013984, 0.021835, 0.014150, 0.010627, -0.051208, 0.031162, 0.022491, 0.010710, -0.072291, 0.042377, -0.039423, 0.007759, -0.100677, -0.000139, -0.065572, -0.032171, -0.061316, -0.061821, -0.015076, 0.017180, -0.000819, -0.006178, 0.021432, -0.002020, -0.009711, 0.110385, 0.058913, -0.016264, -0.063994, -0.017235, 0.017352, -0.033326, 0.047116, 0.026522, 0.058254, -0.017227, 0.014749, -0.005488, 0.043691, 0.069623, -0.043365, 0.051585, 0.062077, -0.022124, -0.031899, -0.021219, -0.046139, -0.025490, 0.082912, -0.014420, 0.000609, -0.088758, 0.037202, 0.057058, 0.037177, -0.000508, 0.079088, 0.074475, 0.044999, -0.051138, -0.040137, -0.002092, -0.031404, -0.081206, -0.010180, 0.016048, -0.024112, 0.026388, -0.031059, 0.077049, -0.033884, -0.008147, 0.013621, -0.056553, -0.018867, 0.058468, -0.006358, -0.011581, 0.024637, -0.011707, -0.007906, -0.000000, 0.032175, 0.058693, 0.115389, -0.017632, 0.104408, 0.028013, 0.038637, 0.006554, -0.070931, -0.008249, 0.105502, 0.023723, -0.044856, -0.036208, -0.126932, 0.045050, -0.033077, 0.019553, 0.018457, -0.017458, -0.036034, 0.050572, -0.019878, -0.055659, -0.057653, -0.043578, 0.099573, 0.088744, 0.032029, -0.084770, -0.013822, 0.013464, 0.050268, -0.061760, -0.085494, 0.047556, 0.005621, 0.004547, -0.024206, -0.002709, 0.019034, 0.080411, 0.008944, -0.007881, -0.075958, -0.011057, -0.051541, 0.008862, 0.038419, -0.071627, 0.026487, -0.042518, -0.054891, 0.098414, 0.034758, -0.081313, -0.030156, 0.052092, -0.072361, 0.056619, 0.015437, -0.014109, -0.052238, -0.038020]

=== CHUNK hdfc_small_cap::0::4 ===
source_url: https://groww.in/mutual-funds/hdfc-small-cap-fund-direct-growth
scheme: HDFC Small Cap Fund - Direct Growth
category: small_cap
plan_variant: direct_growth
section: Scheme facts (as published on the scheme page)
fact_type: riskometer
authority: scheme_facts
is_atomic: true
char_len: 38
source_fetched_at: 2026-09-28T13:12:29+00:00
content_hash: 0b47a4d31b80633175b44ea6a6e68bb37378b6d6123d5450270883a5da5a0825
---
Riskometer: Moderately High Riskometer

embedding_dim: 384
embedding: [0.062479, -0.047748, -0.047255, 0.051496, 0.075983, -0.004706, 0.047255, 0.080835, 0.001502, -0.011343, 0.028055, -0.059235, -0.005001, 0.011713, -0.081822, -0.041089, 0.022203, -0.058821, -0.002530, 0.039930, -0.110492, 0.022486, 0.020397, 0.045585, -0.011518, -0.063489, -0.022515, 0.096324, -0.028898, -0.001692, 0.007034, 0.030531, 0.026391, -0.037527, -0.030192, 0.004187, -0.012872, -0.020178, -0.002059, 0.033522, 0.017476, -0.044733, 0.052921, 0.079955, -0.037348, 0.013539, -0.008099, -0.047246, -0.002369, 0.015022, -0.060279, -0.068237, 0.036121, -0.101102, 0.015244, 0.007031, -0.103923, -0.074408, -0.016744, -0.026813, 0.045924, 0.009316, -0.072211, 0.035564, 0.009963, 0.022114, -0.013019, 0.062809, 0.070418, -0.009839, -0.014304, 0.017829, -0.052047, 0.030420, 0.002354, -0.020640, 0.019192, -0.042578, 0.081444, -0.040492, 0.027636, -0.046376, 0.060936, 0.016715, 0.050477, 0.012650, 0.052439, 0.017958, -0.005693, -0.008845, 0.024465, -0.053627, -0.028219, 0.082540, 0.007285, 0.071748, -0.055085, -0.122557, -0.072275, 0.060210, -0.021271, -0.010726, -0.068174, 0.082141, -0.028360, -0.084657, 0.028352, 0.004694, 0.046273, 0.018560, 0.006986, 0.072194, 0.002374, -0.044905, -0.011129, -0.026610, -0.105183, 0.014343, -0.001069, 0.086462, 0.015203, -0.002222, 0.008289, 0.012207, 0.032021, 0.075064, 0.001135, -0.000000, 0.068081, 0.025977, 0.008456, 0.024652, -0.020685, 0.022188, -0.058871, -0.025234, 0.021311, 0.006988, -0.006664, 0.072285, -0.067575, 0.036020, 0.053541, -0.022317, -0.026647, 0.096291, -0.055600, -0.068767, -0.095986, -0.086626, -0.011639, -0.048899, 0.001283, 0.040004, 0.050503, 0.049965, 0.041494, 0.022205, -0.033609, 0.010477, -0.039362, -0.124167, -0.003478, 0.032702, -0.144155, 0.027709, -0.015524, 0.002869, -0.015737, 0.044067, 0.041469, 0.047855, 0.079744, 0.020201, -0.059050, -0.074286, -0.026709, 0.001561, -0.103199, -0.038082, -0.005908, 0.014141, -0.100923, 0.051144, 0.030724, -0.009660, -0.092446, -0.008209, -0.063585, 0.076516, -0.032020, -0.109735, 0.013308, 0.081442, -0.013391, -0.025852, -0.015772, 0.074682, -0.035565, 0.003737, 0.043191, -0.074586, -0.067519, 0.044895, -0.055230, 0.022757, 0.025103, -0.050128, -0.070768, -0.020766, 0.095998, 0.036049, 0.005805, 0.022322, -0.031708, -0.038701, -0.089171, 0.092420, 0.010890, 0.009558, 0.053428, -0.002146, -0.121266, -0.000000, -0.152181, 0.005864, 0.007892, 0.092883, 0.008072, -0.031529, 0.013613, 0.061271, 0.041764, 0.065884, -0.019663, -0.001554, 0.072458, -0.018914, 0.018627, 0.057892, -0.022988, 0.037012, -0.069015, -0.068418, -0.004415, 0.022391, -0.069129, 0.026181, -0.024036, 0.033388, 0.005668, -0.008043, -0.037677, -0.066079, -0.108716, 0.014859, 0.077882, 0.027804, -0.035726, 0.019899, 0.109575, -0.125610, -0.072416, 0.000101, 0.039762, 0.084332, -0.024212, -0.101202, 0.000317, 0.068864, 0.098978, -0.025282, 0.034832, 0.057975, -0.009397, 0.004769, -0.023531, 0.088261, -0.010720, -0.038770, -0.058588, -0.024813, -0.017147, 0.083119, -0.012462, 0.057043, -0.084208, 0.086579, 0.034670, 0.036449, -0.026430, -0.057657, 0.023449, 0.018617, 0.021171, 0.014008, 0.008569, -0.061901, -0.016428, -0.091659, -0.001499, 0.060407, -0.025585, -0.009114, 0.051681, -0.010045, 0.016790, 0.061476, 0.081567, 0.034654, 0.005596, -0.068474, -0.000071, 0.068304, -0.048447, 0.076684, -0.048349, -0.035199, -0.001429, -0.000000, 0.039884, 0.051595, 0.019286, -0.003793, 0.060883, 0.016838, -0.038788, 0.033271, -0.039480, 0.020533, 0.074984, 0.016862, -0.021654, -0.083042, 0.019382, -0.071792, -0.012123, 0.103434, -0.051583, 0.018229, 0.099395, 0.042938, 0.017399, -0.070404, 0.049570, -0.004734, 0.029467, 0.111537, 0.027113, 0.005774, -0.028709, -0.025153, 0.016043, 0.011517, -0.028029, 0.057255, -0.010120, -0.005850, 0.037233, 0.100088, -0.008583, -0.074994, -0.020872, 0.089369, 0.033434, -0.021381, -0.015868, -0.007525, 0.099120, -0.021482, -0.017570, -0.031843, 0.060002, 0.062206, -0.029058, 0.006216, 0.012473, -0.005987, -0.107494, 0.026428, 0.084463, -0.077347, -0.088905, 0.035602]

=== CHUNK hdfc_small_cap::0::5 ===
source_url: https://groww.in/mutual-funds/hdfc-small-cap-fund-direct-growth
scheme: HDFC Small Cap Fund - Direct Growth
category: small_cap
plan_variant: direct_growth
section: Scheme facts (as published on the scheme page)
fact_type: benchmark
authority: scheme_facts
is_atomic: true
char_len: 31
source_fetched_at: 2026-09-28T13:12:29+00:00
content_hash: 0b47a4d31b80633175b44ea6a6e68bb37378b6d6123d5450270883a5da5a0825
---
Benchmark: BSE 250 SmallCap TRI

embedding_dim: 384
embedding: [-0.054045, -0.008241, -0.011527, 0.005107, 0.022167, -0.063343, 0.015265, 0.075853, -0.099299, 0.030654, -0.048139, -0.081381, -0.025182, -0.006148, -0.080676, -0.037656, 0.033690, 0.002319, 0.024319, -0.050221, -0.097289, -0.023600, 0.017983, -0.004031, 0.039598, -0.021914, -0.023595, 0.025858, 0.012283, -0.109293, 0.026825, 0.018169, -0.004819, -0.044992, -0.042906, 0.003790, 0.027533, -0.060075, 0.010441, -0.044051, -0.015059, 0.056637, 0.056827, -0.016890, 0.069553, -0.010446, -0.019245, 0.018106, 0.032299, -0.049827, -0.012755, -0.047741, -0.009240, 0.002842, -0.055697, 0.007245, -0.017251, -0.097725, 0.052945, 0.026918, 0.047697, -0.086189, -0.017322, 0.040609, 0.089589, 0.089072, 0.027994, -0.084025, -0.004505, -0.063021, -0.081964, 0.022242, -0.125868, 0.061434, -0.000368, 0.035350, 0.015269, -0.000825, -0.011471, 0.034424, -0.055685, -0.066725, -0.036257, -0.010605, 0.054152, -0.052579, -0.009525, 0.039808, -0.006627, -0.035396, 0.047850, 0.107142, -0.070845, -0.003833, -0.065875, 0.011407, 0.007897, 0.002618, -0.002847, 0.069571, 0.047998, 0.068829, -0.049605, -0.026554, 0.005924, -0.007471, 0.154759, 0.013074, 0.038808, 0.009353, 0.046708, 0.077151, -0.030369, -0.016992, 0.015813, 0.049955, -0.033268, -0.004260, 0.056938, -0.001169, -0.075362, 0.035680, -0.041962, -0.057545, -0.023044, 0.075409, -0.021339, 0.000000, -0.015274, 0.120799, 0.020772, 0.021985, -0.046096, 0.025172, -0.031472, -0.034562, -0.107691, 0.036325, -0.048026, 0.022885, -0.023776, -0.011312, 0.093067, -0.046790, 0.033883, 0.033091, -0.043497, -0.029872, 0.007090, -0.042216, 0.002080, -0.002815, 0.132484, 0.118837, 0.031090, -0.012281, 0.054187, 0.061498, -0.052643, 0.000172, -0.036847, 0.012875, 0.005364, -0.045056, -0.076006, -0.046218, -0.055195, -0.002194, 0.004322, 0.080540, -0.050335, -0.075691, -0.029118, -0.061416, -0.013524, 0.079548, 0.027664, -0.015368, -0.048694, 0.041644, -0.088861, 0.080376, 0.024461, 0.061523, 0.077452, 0.024008, 0.034859, 0.150102, 0.063164, 0.044529, -0.042026, -0.004973, -0.012667, 0.108577, -0.033630, -0.048482, -0.028438, 0.001397, 0.008001, -0.030350, 0.113716, 0.015016, 0.112225, -0.020175, 0.082892, -0.028861, -0.039901, -0.061724, -0.061332, 0.001120, 0.020207, 0.012091, -0.049239, -0.125980, 0.010624, 0.005341, -0.046685, -0.003987, -0.040231, -0.029824, -0.041490, -0.017617, -0.091337, -0.000000, 0.017007, -0.004118, 0.051986, 0.022184, -0.001938, -0.066972, 0.028961, -0.023146, 0.051445, 0.009760, 0.051785, -0.031234, -0.009266, 0.012074, -0.002951, 0.037047, 0.019884, -0.120419, 0.061693, -0.047108, 0.099093, 0.079879, 0.070825, 0.056361, 0.006029, 0.045351, -0.023213, 0.015543, -0.032009, -0.056654, -0.070790, 0.050566, 0.013828, -0.007853, -0.047841, 0.013740, 0.077067, 0.049419, 0.061708, 0.045287, 0.025751, 0.030242, -0.040325, -0.029403, 0.034175, 0.001428, -0.059668, 0.003713, 0.002557, 0.048071, 0.024442, -0.008488, -0.003898, 0.075075, -0.020349, -0.075856, -0.027103, -0.030505, -0.038776, -0.052825, 0.025914, 0.012189, -0.060646, 0.064932, 0.020423, 0.014327, -0.047359, -0.056365, -0.026132, 0.031633, -0.046539, -0.038902, 0.074234, 0.027590, -0.075485, 0.019020, -0.014887, 0.016443, 0.057533, 0.000499, -0.066211, 0.078650, -0.018711, 0.063002, 0.075362, 0.052270, -0.013463, -0.006541, 0.028613, 0.026569, -0.050929, 0.084012, 0.061666, 0.020953, -0.015623, -0.000000, 0.019268, 0.026817, -0.024740, 0.062392, -0.001762, 0.066988, -0.067508, 0.030851, -0.045028, 0.021028, 0.047438, 0.000145, -0.063162, 0.025525, -0.005937, 0.058271, -0.064149, -0.024544, -0.024704, -0.044571, 0.076365, 0.086899, 0.089081, -0.018504, -0.063385, -0.048913, 0.055918, 0.044453, 0.040219, -0.065060, -0.044867, 0.031133, -0.001501, -0.029580, 0.040718, 0.089763, -0.043055, 0.132261, 0.018913, 0.105711, -0.055982, -0.002993, -0.075485, -0.050671, -0.006788, 0.005306, -0.114797, 0.034885, 0.099117, -0.018285, -0.023468, -0.089705, -0.046435, 0.031326, 0.010006, 0.072884, -0.028017, -0.061322, -0.028701, 0.002977, 0.037561, -0.128132, -0.067686, 0.045414]

=== CHUNK hdfc_small_cap::0::6 ===
source_url: https://groww.in/mutual-funds/hdfc-small-cap-fund-direct-growth
scheme: HDFC Small Cap Fund - Direct Growth
category: small_cap
plan_variant: direct_growth
section: Scheme facts (as published on the scheme page)
fact_type: benchmark
authority: scheme_facts
is_atomic: true
char_len: 52
source_fetched_at: 2026-09-28T13:12:29+00:00
content_hash: 0b47a4d31b80633175b44ea6a6e68bb37378b6d6123d5450270883a5da5a0825
---
Benchmark index: BSE 250 SmallCap Total Return Index

embedding_dim: 384
embedding: [0.046050, -0.025677, 0.017876, 0.089577, 0.054628, -0.011561, 0.003967, 0.062133, -0.024605, 0.038318, -0.098675, -0.051916, -0.040088, -0.039466, -0.138009, -0.036448, 0.018322, 0.022206, 0.023116, -0.024100, -0.055925, -0.005361, 0.057335, -0.051513, 0.061580, -0.010620, -0.058119, 0.028012, 0.011889, -0.073781, -0.008110, 0.019311, 0.014121, -0.039934, -0.073580, 0.016782, 0.046281, -0.051254, 0.051534, -0.038978, -0.010424, 0.093567, 0.014249, 0.004386, 0.065139, -0.003735, -0.016618, 0.006593, 0.035805, -0.039911, -0.046926, 0.035500, -0.049230, -0.009143, -0.050897, 0.016310, -0.072737, -0.130213, 0.074639, -0.004867, 0.067340, -0.075492, 0.002131, -0.000090, 0.104647, 0.030773, 0.021386, -0.094748, -0.035141, -0.068449, -0.017943, 0.023312, -0.121734, 0.063263, -0.024347, 0.040955, -0.018357, 0.014672, 0.012458, 0.077962, -0.031023, -0.056846, -0.017757, -0.023977, -0.002838, -0.079043, 0.028817, 0.008569, 0.042389, -0.017874, 0.062201, 0.062218, -0.083345, 0.010079, -0.002127, -0.016841, -0.006134, 0.044048, 0.018527, 0.064951, 0.030420, 0.046017, -0.034196, -0.048707, -0.006453, -0.001208, 0.126233, -0.030519, 0.006307, -0.026327, 0.043125, 0.082097, -0.043087, 0.017600, 0.008818, 0.032274, -0.008294, -0.019838, 0.060499, 0.024005, 0.014932, 0.114166, 0.023869, -0.060910, -0.001098, 0.083861, -0.034213, 0.000000, 0.010044, 0.059071, 0.065329, -0.071873, -0.047538, 0.031076, 0.017329, -0.006881, -0.064704, 0.031854, -0.056645, 0.046221, 0.032713, -0.078042, 0.070368, -0.009640, 0.038909, 0.073016, -0.027093, -0.028318, 0.013624, -0.027888, 0.066853, -0.036246, 0.062391, 0.025055, 0.012498, -0.028203, 0.054516, 0.048333, -0.016931, 0.032326, -0.004888, -0.051398, 0.026709, -0.005476, -0.018307, 0.025064, -0.049200, -0.010801, -0.017571, 0.059690, -0.070476, -0.088696, -0.069567, -0.065563, -0.011173, 0.023527, 0.030706, 0.036589, -0.090819, -0.005955, -0.063885, 0.071918, 0.029933, 0.052850, 0.078763, 0.063116, -0.008249, 0.108125, 0.014567, 0.046258, -0.024062, 0.011247, -0.029162, 0.073991, 0.034150, 0.045206, -0.007501, 0.035330, 0.057562, -0.014926, 0.096567, 0.005361, 0.070249, -0.045935, 0.059577, -0.013365, -0.033603, -0.107317, -0.015762, 0.006548, 0.022491, -0.025529, 0.004740, -0.053014, 0.007215, 0.038195, -0.030803, -0.049526, -0.054612, -0.014959, -0.060112, -0.041206, -0.073112, -0.000000, 0.000445, -0.041513, 0.056057, -0.009792, -0.031820, -0.049385, 0.034672, 0.008538, 0.013757, 0.068288, 0.027193, -0.044421, -0.007762, 0.025586, -0.002757, 0.034938, -0.003467, -0.078159, 0.074137, -0.066124, 0.038690, 0.098096, 0.080058, 0.084255, -0.040260, 0.044144, -0.003976, 0.043902, -0.065639, -0.105004, -0.026347, -0.011988, 0.006110, -0.032761, 0.002114, 0.023390, 0.025371, -0.052166, 0.052652, 0.089367, 0.015728, 0.031458, 0.024875, -0.058752, 0.067306, -0.024488, -0.091801, 0.006364, 0.037993, -0.024634, 0.009505, -0.007186, -0.032637, 0.063714, -0.044791, -0.070470, -0.047321, -0.017417, -0.041656, -0.037273, 0.020646, 0.010614, -0.072621, 0.077982, 0.038357, -0.015659, -0.028993, -0.150640, -0.013882, -0.000544, -0.037050, -0.078799, 0.090458, 0.037882, -0.036454, 0.099851, -0.003469, 0.049387, 0.040607, 0.046180, -0.048518, 0.097523, -0.001285, -0.000553, 0.025158, 0.028152, 0.008912, -0.023217, -0.042618, 0.074055, -0.046800, 0.006857, 0.060918, 0.023637, 0.034390, -0.000000, 0.001334, -0.023862, -0.001740, 0.087982, -0.043096, 0.039114, -0.068809, 0.041171, -0.079881, -0.011039, 0.037549, -0.035764, -0.086364, 0.085916, -0.025877, 0.013103, -0.090623, -0.040204, -0.032277, -0.067708, 0.029431, 0.097675, 0.124156, -0.057624, -0.023790, -0.004620, 0.022678, 0.054316, -0.009948, -0.074808, 0.026449, 0.025195, -0.010075, -0.008723, 0.003950, 0.058247, -0.030320, 0.083653, -0.002430, 0.091442, -0.029785, -0.023614, -0.005642, -0.044047, -0.010056, -0.005262, -0.100181, 0.097242, 0.123090, -0.095771, -0.029759, -0.139996, -0.073768, 0.011973, 0.017363, 0.069720, -0.041541, -0.029066, -0.012750, -0.012694, 0.046586, -0.121184, -0.084238, 0.021469]

=== CHUNK hdfc_small_cap::0::7 ===
source_url: https://groww.in/mutual-funds/hdfc-small-cap-fund-direct-growth
scheme: HDFC Small Cap Fund - Direct Growth
category: small_cap
plan_variant: direct_growth
section: Scheme facts (as published on the scheme page)
fact_type: expense_ratio
authority: scheme_facts
is_atomic: true
char_len: 82
source_fetched_at: 2026-09-28T13:12:29+00:00
content_hash: 0b47a4d31b80633175b44ea6a6e68bb37378b6d6123d5450270883a5da5a0825
---
Expense ratio (base, from scheme data): base expense ratio 0.63%, as on 2026-09-24

embedding_dim: 384
embedding: [0.083697, 0.025105, -0.044265, 0.050806, 0.062950, -0.036368, -0.051714, 0.071287, -0.002257, -0.006857, -0.012877, -0.085458, -0.039279, -0.000852, -0.047230, -0.002879, -0.050100, -0.047564, 0.011949, 0.075342, 0.046113, 0.008441, 0.012284, 0.024382, 0.139753, -0.026033, 0.039741, 0.074870, -0.015351, -0.003557, -0.013583, 0.093662, 0.040608, 0.004683, -0.021580, -0.070104, 0.006769, -0.015207, 0.045764, 0.032689, -0.049392, -0.003690, -0.008672, 0.015954, 0.007835, 0.021340, -0.066393, 0.078232, 0.010359, 0.142687, 0.027971, 0.024497, -0.014500, 0.023336, 0.038365, 0.030076, -0.075924, -0.040704, 0.001081, -0.017423, -0.034632, -0.004527, 0.011169, 0.015292, 0.038657, -0.018349, 0.014592, 0.003054, -0.065418, -0.011671, -0.046296, -0.030074, -0.061282, -0.061167, -0.010630, 0.063572, 0.071793, 0.022513, 0.044769, -0.070949, 0.035130, 0.039923, 0.015508, 0.004522, 0.038136, -0.076556, 0.132774, 0.010892, 0.024393, -0.000778, 0.092899, 0.001676, -0.067881, -0.013490, -0.008926, 0.018729, -0.044470, 0.012931, 0.015442, -0.004108, 0.010648, 0.034646, 0.001963, -0.009117, -0.082447, 0.042008, 0.049555, 0.089499, 0.021692, -0.037025, -0.054346, 0.005076, -0.113442, -0.011737, -0.028665, 0.012856, -0.052792, -0.019215, 0.010051, 0.025007, 0.105098, 0.091868, 0.002038, 0.070995, -0.129848, -0.112992, -0.080726, -0.000000, -0.033953, 0.036969, 0.049354, -0.079322, -0.095121, 0.003728, -0.060130, 0.063997, -0.042379, 0.049118, -0.044138, 0.017190, -0.007823, -0.075804, 0.079878, -0.083626, -0.018415, 0.118258, 0.053145, -0.013572, 0.017929, 0.045274, -0.019434, -0.024869, 0.053506, 0.010005, -0.001128, 0.001374, -0.010577, 0.002026, 0.005025, 0.013728, 0.081165, -0.093999, 0.004508, 0.021758, 0.041374, 0.044435, 0.003409, 0.009317, -0.009423, 0.020401, 0.035127, -0.034446, -0.008403, -0.027772, 0.084054, 0.003024, 0.092493, 0.025063, -0.109727, -0.030191, -0.055708, -0.021193, 0.005902, -0.062412, -0.056813, -0.015015, -0.016801, 0.006232, -0.009835, -0.016132, -0.045244, -0.084614, -0.097954, 0.003971, 0.012457, -0.061620, -0.011259, 0.071748, -0.042008, 0.059206, 0.017427, 0.110146, -0.058466, 0.005027, 0.026438, 0.014084, -0.009963, 0.052402, -0.072038, 0.031799, 0.035099, -0.056356, -0.031110, 0.000572, 0.089986, 0.039809, -0.026739, 0.025133, 0.060033, -0.046365, -0.036351, -0.019088, 0.038673, -0.000000, -0.010859, 0.141982, 0.000340, -0.004200, -0.049521, 0.016610, 0.129786, 0.030517, -0.005615, 0.028536, -0.010208, 0.034325, -0.046490, -0.054799, 0.046405, -0.085959, -0.021415, -0.043529, -0.028286, -0.038566, -0.024645, 0.114360, -0.039592, -0.003959, -0.037702, 0.046354, -0.057039, 0.013507, 0.009788, -0.010665, -0.061907, -0.082472, -0.005916, 0.028401, 0.002870, -0.028546, -0.123208, -0.001742, 0.036224, -0.020970, 0.060347, 0.020694, -0.038180, -0.025912, 0.066112, -0.045375, 0.064921, -0.014662, 0.120967, -0.085155, 0.050824, 0.025279, -0.049981, 0.004662, -0.018796, 0.058592, 0.010779, -0.026387, -0.047480, -0.046792, 0.090781, 0.044943, 0.026041, -0.033497, -0.012188, -0.042539, 0.021975, -0.006759, 0.046275, 0.013481, 0.005913, -0.000974, -0.000059, 0.050033, 0.008463, -0.039640, -0.037336, 0.040896, 0.055834, 0.016670, -0.042871, 0.033193, 0.028067, -0.016639, -0.024982, -0.064290, 0.024739, -0.013968, -0.075047, 0.097159, -0.127695, -0.045556, 0.009113, 0.069884, 0.012050, -0.000000, 0.053624, -0.053456, 0.035963, 0.018172, 0.034151, -0.060486, 0.029091, 0.013006, -0.041696, 0.078418, -0.019487, 0.012626, -0.068965, -0.029458, -0.047779, -0.014391, -0.070364, 0.031238, -0.011733, -0.108634, -0.019003, 0.068761, -0.082107, -0.059433, -0.027657, 0.053318, -0.034179, 0.175796, 0.005824, -0.035531, 0.031477, -0.043864, -0.026766, -0.053098, -0.025867, 0.042548, -0.000516, 0.062847, 0.046287, 0.036065, 0.024463, -0.102019, -0.025814, 0.015353, 0.020458, -0.063554, -0.092602, 0.002638, -0.009302, -0.068648, 0.087866, 0.036573, -0.093656, 0.056420, -0.001697, -0.031979, -0.037506, -0.029430, -0.145898, -0.017831, 0.056569, -0.077323, -0.034111, 0.003755]

=== CHUNK hdfc_small_cap::0::8 ===
source_url: https://groww.in/mutual-funds/hdfc-small-cap-fund-direct-growth
scheme: HDFC Small Cap Fund - Direct Growth
category: small_cap
plan_variant: direct_growth
section: Scheme facts (as published on the scheme page)
fact_type: exit_load
authority: scheme_facts
is_atomic: true
char_len: 485
source_fetched_at: 2026-09-28T13:12:29+00:00
content_hash: 0b47a4d31b80633175b44ea6a6e68bb37378b6d6123d5450270883a5da5a0825
---
Exit load note1: Exit load of 1% if redeemed within 1 year (as on 2015-05-08)
Exit load note2: Exit load of 2% if redeemed within 12 months, 1% if redeemed after 12 months but within 24 months and 0.50% if redeemed after 24 months but within 36 months (as on 2014-12-18)
Exit load note3: Exit load of 2% if redeemed within 12 months and 1% if redeemed after 12 months but before 18 months (as on 2014-07-01)
Exit load note4: Exit load of 1% if redeemed within 1 year (as on 2013-01-01)

embedding_dim: 384
embedding: [-0.021347, 0.054457, -0.021583, -0.031209, -0.018528, 0.013153, 0.003171, 0.056531, 0.038700, 0.036980, 0.066018, -0.030599, -0.044675, -0.026382, 0.034134, 0.074982, -0.064399, -0.061400, -0.016579, -0.024990, 0.041416, -0.061906, -0.083328, -0.028300, 0.039196, 0.035148, -0.070897, 0.013520, 0.014069, 0.025865, 0.044469, 0.026814, -0.000007, -0.076405, 0.060498, 0.010487, -0.117230, -0.054131, 0.001844, -0.014244, -0.068899, 0.027088, -0.026913, 0.022502, 0.045189, -0.002056, -0.081787, 0.077155, -0.013013, 0.100743, 0.047715, 0.018710, -0.040835, 0.068194, -0.058137, 0.007906, 0.029500, 0.028214, -0.016603, 0.000893, 0.053689, -0.000631, -0.055435, -0.044756, -0.039657, 0.044267, 0.039592, -0.046418, 0.011130, 0.021758, -0.081276, -0.072638, -0.049845, -0.031049, 0.023095, 0.009442, 0.076667, 0.005650, -0.031890, -0.111106, -0.019607, 0.014155, 0.027780, -0.048765, 0.012145, -0.031674, -0.020226, -0.036071, 0.065074, -0.001710, 0.077289, 0.145729, 0.020059, 0.018984, 0.030638, 0.000160, -0.076489, 0.007196, 0.044519, 0.029015, 0.015113, 0.010399, 0.004928, -0.000019, 0.048536, -0.049824, -0.004097, -0.011984, 0.017382, -0.035927, 0.025597, 0.005629, 0.144812, -0.012993, 0.037454, 0.022925, -0.033750, 0.097448, 0.032682, 0.075704, 0.109354, 0.058627, -0.063706, -0.043444, -0.058082, -0.006934, 0.053639, 0.000000, -0.010166, -0.100397, -0.053522, -0.009266, -0.029527, -0.026494, 0.038592, 0.082447, -0.037529, -0.018654, 0.011878, -0.080409, -0.034761, -0.048271, 0.013199, -0.008778, 0.041066, -0.039906, 0.125920, 0.011946, 0.033954, -0.152240, 0.025439, -0.010352, 0.076728, 0.070606, 0.024326, -0.055541, -0.028001, -0.016826, 0.024417, -0.021790, 0.016528, -0.092785, 0.046537, 0.021043, 0.045556, 0.002786, 0.032635, -0.061993, -0.022205, 0.072166, 0.040683, 0.021330, -0.016743, -0.129372, 0.046356, 0.009037, 0.048982, 0.091830, -0.063527, -0.065059, -0.000633, 0.023538, -0.051745, -0.022323, -0.106847, -0.038571, -0.048781, -0.023367, 0.022046, -0.041358, -0.034534, -0.013851, -0.110766, -0.019843, 0.015343, -0.047316, -0.142277, 0.033003, -0.029471, -0.039650, 0.080290, -0.064083, -0.005020, -0.045328, 0.075000, 0.040661, 0.026122, -0.023613, 0.001023, 0.023006, 0.004521, -0.000546, -0.004456, 0.019445, 0.100003, -0.174072, -0.031923, 0.016728, -0.032522, -0.042286, 0.001685, 0.022586, 0.036677, -0.000000, -0.026289, 0.056586, -0.067897, -0.014651, -0.018163, 0.056283, 0.024370, 0.107695, -0.005320, 0.081753, 0.053540, 0.026992, 0.015858, 0.038001, -0.011434, 0.030833, -0.001006, 0.002599, -0.012460, 0.031785, 0.010560, 0.021529, -0.030577, 0.054710, 0.024316, -0.017978, -0.080081, -0.020713, -0.084369, -0.047283, 0.010839, -0.077920, -0.022596, 0.023986, -0.028426, -0.019545, 0.026193, -0.008235, -0.003879, 0.124153, 0.123437, 0.002497, -0.011847, -0.010222, -0.005844, 0.004656, 0.079373, 0.043896, -0.008744, -0.060244, 0.006058, -0.048611, 0.029922, 0.049949, -0.051619, 0.050760, 0.099546, -0.050563, -0.094582, -0.055339, -0.018875, -0.013236, 0.083000, -0.038869, 0.007814, -0.072284, 0.023205, 0.055533, 0.026769, 0.043534, -0.000557, 0.018516, 0.020781, -0.070264, -0.054301, 0.026122, -0.088482, -0.103139, -0.044297, -0.029476, -0.021606, 0.034518, -0.033671, 0.085652, -0.069532, -0.022361, 0.014427, -0.002490, -0.044701, 0.069934, -0.004881, -0.020856, 0.071848, 0.025339, -0.002382, -0.000000, 0.017822, -0.004668, 0.072693, -0.056059, 0.064922, 0.018346, 0.027127, 0.025344, -0.024806, 0.000710, 0.104119, -0.001441, -0.095634, -0.103407, -0.095527, 0.061560, -0.021974, 0.001101, 0.011727, -0.042004, -0.017577, 0.020239, -0.025222, -0.037186, -0.018310, -0.032226, 0.080471, 0.113628, 0.010972, -0.052184, -0.000100, 0.032250, 0.057086, -0.086002, -0.083023, 0.043261, 0.044481, 0.002845, 0.006627, 0.056871, 0.002347, 0.097272, -0.023033, 0.013718, -0.031207, -0.054999, -0.054592, -0.003525, 0.066813, -0.052451, -0.041864, -0.035294, -0.071677, 0.079426, 0.052722, -0.055423, -0.024304, 0.073371, -0.061976, 0.039532, 0.008833, 0.023181, -0.043812, -0.034839]

=== CHUNK hdfc_small_cap::0::9 ===
source_url: https://groww.in/mutual-funds/hdfc-small-cap-fund-direct-growth
scheme: HDFC Small Cap Fund - Direct Growth
category: small_cap
plan_variant: direct_growth
section: Scheme facts (as published on the scheme page)
fact_type: general
authority: scheme_facts
is_atomic: true
char_len: 278
source_fetched_at: 2026-09-28T13:12:29+00:00
content_hash: 0b47a4d31b80633175b44ea6a6e68bb37378b6d6123d5450270883a5da5a0825
---
Scheme name: HDFC Small Cap Fund Direct Growth
Fund name: HDFC Small Cap Fund
Plan: Direct
Option: Growth
Asset management company: HDFC
Fund house: HDFC Mutual Fund
Stamp duty: 0.005% (from July 1st, 2020)
ISIN: INF179KA1RW5
RTA and custodian: RTA: Cams; Custodian: Citibank NA

embedding_dim: 384
embedding: [0.033530, -0.016622, -0.089351, 0.009077, 0.092467, 0.016695, 0.071037, 0.014156, -0.044300, 0.014061, 0.009055, -0.119225, -0.086558, -0.015915, -0.062355, -0.059053, -0.068026, -0.051479, 0.032621, -0.025647, -0.020286, -0.013213, -0.044647, 0.031170, 0.049392, -0.025475, 0.012229, 0.054560, -0.062220, -0.054278, 0.030706, 0.078373, 0.040784, -0.044185, 0.034407, 0.066093, -0.100112, 0.005547, 0.009288, -0.069515, 0.016017, -0.047093, 0.001702, -0.016862, 0.064420, -0.007309, -0.024483, 0.052670, 0.016232, 0.037092, -0.029399, -0.016055, -0.000339, 0.000719, 0.018698, 0.090847, -0.067794, -0.028253, 0.051773, 0.000677, -0.064515, -0.035253, 0.050028, -0.035390, 0.011805, 0.018415, 0.006309, 0.025158, 0.017136, -0.073280, -0.010422, -0.026603, -0.054859, -0.023511, -0.026700, 0.025963, 0.014537, 0.041714, 0.045122, -0.084628, -0.051331, 0.064541, 0.055764, 0.039070, -0.034215, 0.030285, 0.018515, -0.065560, 0.013944, -0.038005, 0.058977, 0.067901, 0.011085, 0.051463, -0.094023, -0.054453, -0.075865, -0.071963, -0.048811, 0.004775, 0.040648, 0.002144, -0.044934, -0.036696, -0.064722, -0.003962, 0.034485, 0.043058, 0.073487, 0.003717, -0.055563, 0.077954, -0.036936, -0.024653, -0.029222, 0.017086, -0.114859, -0.123532, 0.050290, -0.028924, 0.041460, -0.012554, -0.048013, -0.110629, -0.079406, -0.026603, -0.010724, 0.000000, -0.055452, 0.074936, 0.032145, -0.024956, -0.017172, -0.068076, 0.034163, -0.004507, -0.044976, 0.032459, -0.013427, 0.014663, -0.000423, -0.039811, -0.091011, -0.121615, 0.073520, 0.118485, -0.007835, 0.064354, 0.009683, 0.150164, 0.001852, -0.068876, 0.093714, 0.027277, 0.013195, -0.034850, 0.068784, 0.069630, 0.034689, -0.051337, -0.025136, -0.074078, 0.002478, -0.007398, 0.003577, -0.088589, -0.081668, 0.027788, 0.050658, 0.077168, 0.010041, 0.006490, -0.022895, 0.022911, 0.125611, 0.072390, 0.057063, 0.035379, -0.096655, -0.067755, -0.044233, -0.026518, 0.048851, 0.014952, -0.091412, 0.020717, 0.021712, -0.034679, -0.006698, -0.063834, -0.162887, 0.013850, -0.062589, 0.001399, 0.019793, -0.067985, 0.044451, -0.028194, 0.003650, 0.052190, 0.058436, 0.085043, 0.038897, -0.052201, 0.009357, 0.113817, -0.001164, 0.091847, -0.032788, 0.040701, -0.015973, 0.029592, 0.052619, 0.036394, 0.076666, 0.025272, -0.024211, -0.071514, -0.061114, -0.019942, 0.071779, -0.001616, -0.014836, -0.000000, 0.017670, -0.009687, 0.015887, 0.005610, 0.039887, 0.041448, 0.044731, 0.032437, 0.078481, 0.038642, 0.104797, 0.004755, -0.020475, -0.069970, 0.003907, -0.070294, 0.039051, -0.034339, -0.035629, -0.018754, 0.007551, -0.039440, -0.009847, 0.087461, 0.004501, 0.038686, 0.015638, 0.051183, -0.010195, 0.015043, -0.042925, -0.007858, -0.100236, 0.066488, -0.031199, -0.094747, 0.016636, 0.012918, -0.039387, 0.057277, 0.011510, 0.007153, 0.075618, 0.021292, -0.097476, -0.046552, 0.003063, 0.020604, 0.082048, 0.009732, -0.014211, -0.042574, -0.021365, -0.027707, -0.013375, 0.049902, 0.082253, 0.053899, 0.003708, 0.002925, 0.078962, 0.028444, -0.001436, 0.109886, 0.035511, -0.004105, -0.052250, -0.083113, 0.023246, -0.064436, 0.047551, -0.042241, 0.073614, 0.041976, -0.007677, -0.009536, 0.017264, -0.027562, 0.067825, 0.052228, 0.112338, -0.002987, -0.046866, 0.071695, -0.016683, -0.050536, 0.037349, -0.041912, -0.001567, 0.010578, -0.066834, -0.057423, 0.035956, 0.078311, -0.024601, -0.000000, 0.011948, -0.049191, 0.034147, -0.033605, 0.020516, -0.030644, -0.010156, -0.031056, 0.007199, 0.011362, 0.036419, 0.085234, -0.045884, -0.062357, -0.030136, -0.037995, -0.012141, 0.080972, -0.001440, 0.007995, 0.001963, 0.042065, -0.024175, -0.022420, 0.014089, -0.025169, 0.065986, 0.049101, 0.002518, -0.008539, 0.018315, 0.015191, 0.055754, -0.002131, -0.028106, 0.111011, -0.016112, 0.061244, 0.027899, 0.038793, -0.009874, -0.071047, 0.036469, -0.078660, -0.098869, -0.018701, -0.030007, -0.011938, 0.035562, -0.149351, -0.055480, -0.030926, -0.031301, -0.005684, -0.034784, 0.061838, -0.002565, -0.030610, -0.023478, -0.044937, 0.071940, -0.062567, -0.037269, 0.084298]

=== CHUNK hdfc_small_cap::1::0 ===
source_url: https://groww.in/mutual-funds/hdfc-small-cap-fund-direct-growth
scheme: HDFC Small Cap Fund - Direct Growth
category: small_cap
plan_variant: direct_growth
section: HDFC Small Cap Fund Direct Growth
fact_type: expense_ratio
authority: page_text
is_atomic: true
char_len: 142
source_fetched_at: 2026-09-28T13:12:29+00:00
content_hash: 0b47a4d31b80633175b44ea6a6e68bb37378b6d6123d5450270883a5da5a0825
---
HDFC Small Cap Fund Direct Growth
Equity
Small Cap
Very High Risk Min. for SIP
₹100
Fund size (AUM)
₹41,890.86 Cr
Expense ratio
0.78%
Rating
3

embedding_dim: 384
embedding: [0.114596, -0.017061, -0.102635, 0.048092, 0.111511, 0.026099, 0.043955, 0.094848, -0.036231, 0.047558, 0.031375, -0.105426, -0.107195, 0.017531, -0.058840, -0.051530, -0.043521, -0.077057, 0.006177, 0.018333, -0.036453, -0.022909, 0.005547, 0.039335, 0.051611, -0.034852, 0.017326, 0.071111, -0.029643, -0.046324, 0.053480, 0.080383, 0.120144, -0.069649, 0.035228, 0.059514, -0.054132, 0.005567, -0.016069, -0.088931, 0.026403, 0.004848, 0.025533, -0.034363, 0.010556, -0.018237, -0.039875, 0.062949, 0.020592, -0.021572, 0.039577, 0.015779, -0.025009, -0.062457, -0.021709, 0.034686, -0.039767, -0.044174, 0.024327, 0.013020, -0.052117, 0.008228, 0.021301, -0.007359, 0.033487, 0.013992, -0.012105, 0.021515, -0.006635, 0.044984, -0.030672, -0.101520, -0.072993, -0.029808, -0.003521, 0.023408, -0.017102, 0.043803, 0.029093, 0.047496, -0.061004, 0.003059, 0.050124, 0.035435, -0.008504, 0.027511, 0.056902, -0.139025, -0.058910, -0.069425, 0.080914, 0.095021, 0.041405, 0.076636, -0.010760, -0.050784, -0.024961, -0.079612, -0.042800, 0.007693, 0.052159, 0.071457, -0.043367, -0.048141, 0.033437, -0.003547, 0.064300, -0.004101, 0.049862, 0.019767, -0.010050, 0.083909, -0.036555, -0.036477, -0.009999, -0.019267, -0.056709, -0.132087, -0.008275, 0.027831, -0.034895, 0.022241, -0.016849, -0.099635, -0.026191, -0.049702, -0.011914, 0.000000, -0.000445, 0.044734, -0.053032, -0.067665, 0.002908, -0.032355, 0.074268, -0.026506, -0.026777, 0.000203, 0.029712, 0.013819, -0.018989, -0.047057, -0.027803, -0.090947, 0.033615, 0.096466, -0.011443, -0.023139, -0.074306, 0.070488, 0.052510, -0.088643, 0.119891, 0.020010, 0.020331, -0.044905, 0.088962, 0.061003, -0.030436, 0.016855, -0.056510, -0.070771, -0.100428, 0.018653, -0.034394, -0.035343, -0.054970, -0.004781, 0.007791, 0.076012, 0.039930, -0.034381, -0.021859, 0.009864, 0.085445, 0.049272, -0.039075, 0.042311, -0.102928, -0.091907, -0.042123, 0.050457, 0.063477, -0.019450, -0.044915, -0.008593, -0.000923, 0.007123, 0.009006, -0.042298, -0.151227, 0.042698, -0.028983, 0.079383, 0.033626, -0.058120, 0.014795, -0.052867, 0.038896, -0.015816, 0.071388, 0.057062, -0.001483, -0.010635, 0.041064, 0.099441, -0.002318, 0.040871, 0.008490, 0.068007, 0.045607, -0.006359, 0.034344, -0.034163, 0.033926, 0.048664, -0.053995, -0.007983, 0.003313, -0.040386, 0.107462, -0.002637, -0.050124, -0.000000, -0.018854, -0.041004, 0.017720, 0.047382, 0.003897, 0.054139, 0.029663, 0.033715, 0.046056, -0.002789, 0.010461, 0.040354, 0.025756, -0.055438, -0.043409, -0.033413, 0.017730, -0.015412, 0.037473, -0.031048, 0.061912, 0.030856, 0.052950, 0.081771, -0.020842, 0.024776, -0.038207, -0.004663, -0.073567, 0.012695, -0.021170, 0.022561, -0.069930, 0.081625, -0.043467, -0.088069, -0.010844, 0.025812, -0.002684, 0.054477, 0.001247, 0.000361, 0.029306, -0.159404, 0.002606, -0.070818, 0.036634, -0.028886, 0.053707, -0.010066, -0.016702, -0.089258, 0.056943, 0.059828, -0.085305, 0.062221, 0.089974, 0.031120, -0.006873, -0.012726, 0.059636, 0.080285, -0.017090, 0.056463, 0.008413, 0.028646, -0.062663, -0.066068, 0.005668, -0.061159, 0.041623, -0.009803, 0.116906, 0.072967, -0.003266, 0.033169, -0.034235, -0.014674, 0.083806, 0.048391, 0.046341, 0.077532, -0.031143, 0.077728, -0.010159, -0.044201, 0.038136, -0.153204, -0.038805, 0.057205, -0.065963, -0.029810, 0.045932, 0.059859, -0.002551, -0.000000, 0.022764, -0.019859, 0.040653, 0.005890, -0.028643, -0.033673, -0.057815, 0.002587, -0.000452, 0.063823, 0.045649, 0.035482, -0.071054, 0.004837, -0.084886, -0.083675, -0.014936, 0.055439, -0.018202, -0.049321, 0.049941, 0.043379, 0.051129, 0.010065, 0.028327, -0.013124, 0.058132, 0.066888, -0.017091, -0.041160, -0.001520, 0.035870, -0.001716, 0.066961, -0.058715, 0.062872, 0.002481, 0.003215, -0.033101, 0.091963, 0.025976, -0.100665, 0.009049, -0.082427, -0.054359, 0.015344, -0.063215, -0.005204, 0.032980, -0.089924, 0.053972, 0.008766, -0.012414, -0.009318, -0.010296, 0.011485, -0.034117, 0.033462, -0.014696, -0.029829, 0.026835, -0.037755, -0.040388, 0.056770]

=== CHUNK hdfc_small_cap::2::0 ===
source_url: https://groww.in/mutual-funds/hdfc-small-cap-fund-direct-growth
scheme: HDFC Small Cap Fund - Direct Growth
category: small_cap
plan_variant: direct_growth
section: Minimum investments
fact_type: min_sip
authority: page_text
is_atomic: true
char_len: 95
source_fetched_at: 2026-09-28T13:12:29+00:00
content_hash: 0b47a4d31b80633175b44ea6a6e68bb37378b6d6123d5450270883a5da5a0825
---
Minimum investments
Min. for 1st investment
₹100
Min. for 2nd investment
₹100
Min. for SIP
₹100

embedding_dim: 384
embedding: [0.051274, 0.046294, -0.092354, 0.002631, -0.071447, 0.015431, 0.046206, 0.109477, -0.001120, 0.005944, 0.020687, -0.082094, -0.026935, 0.044414, -0.000246, -0.055469, -0.018081, -0.086410, -0.018375, -0.010190, 0.082598, -0.054397, -0.014987, -0.046661, 0.086270, 0.012086, 0.041993, 0.068080, 0.038712, 0.012984, 0.076722, 0.070938, 0.078622, -0.046316, 0.005632, 0.009935, -0.018650, 0.019833, 0.037962, -0.073937, -0.044374, -0.049560, 0.019444, -0.058981, -0.001474, -0.028047, -0.037963, 0.105733, 0.036105, 0.013208, -0.015774, 0.023477, -0.064114, -0.031551, -0.053242, -0.038302, -0.056106, 0.013335, 0.012347, 0.026110, -0.010065, 0.008086, 0.000082, 0.057748, 0.048766, -0.025573, -0.025935, -0.004750, -0.020322, 0.058034, 0.013178, -0.077803, -0.106245, -0.091128, -0.056992, -0.017048, 0.060515, 0.071148, -0.025572, -0.033878, 0.013657, -0.018485, -0.007503, -0.002343, -0.022778, 0.010312, 0.002739, -0.001013, -0.017068, -0.058803, 0.097010, 0.105753, -0.025700, 0.058609, -0.024036, 0.003226, -0.017229, -0.026084, -0.046547, 0.037350, 0.011744, -0.056955, -0.012809, 0.023954, 0.010827, -0.054635, 0.080548, -0.063565, 0.017131, -0.008145, -0.065060, 0.099848, 0.036649, -0.047014, -0.043187, 0.074048, -0.046978, -0.028572, 0.096411, 0.053040, -0.025313, 0.040829, -0.027044, -0.061404, -0.057080, -0.057575, 0.000193, 0.000000, -0.059433, -0.008869, -0.052416, -0.012664, -0.059683, -0.000865, 0.074479, -0.030294, -0.047553, -0.088667, 0.022704, -0.071859, -0.027663, -0.003737, 0.013788, -0.067373, 0.053456, 0.088631, 0.052151, -0.043426, -0.027344, -0.080015, 0.041805, -0.022139, 0.103285, -0.010279, 0.041683, -0.114609, 0.074635, 0.042701, 0.094559, 0.022585, -0.105793, -0.018419, -0.055189, 0.075044, 0.051874, -0.004477, -0.040283, -0.011657, -0.062306, 0.050614, -0.021156, -0.063383, 0.010825, 0.054635, 0.049039, 0.101590, -0.033752, 0.015235, -0.084079, -0.012389, -0.084133, 0.006867, 0.030465, -0.033050, -0.029303, -0.083800, -0.069752, -0.005244, -0.031327, -0.082477, -0.119069, 0.017906, -0.075626, 0.077278, -0.016839, -0.019690, 0.056923, 0.049705, -0.072642, -0.047959, 0.120741, 0.007389, 0.057592, 0.051804, 0.068997, 0.059114, 0.008745, 0.083376, -0.008902, 0.060672, -0.019348, 0.007702, 0.044959, 0.012949, 0.048444, 0.007244, -0.042731, -0.002681, -0.073455, 0.000774, 0.038112, 0.059089, 0.027261, -0.000000, -0.033744, 0.026841, 0.056775, 0.060122, 0.023419, 0.031111, 0.093249, 0.032480, 0.062764, 0.067144, -0.053720, -0.001775, 0.042515, -0.069320, -0.095194, -0.041832, 0.038390, -0.025976, 0.046397, -0.018277, 0.048290, 0.068061, 0.001338, 0.036982, 0.015922, 0.048804, -0.047859, 0.017459, -0.095752, -0.046190, -0.035109, -0.028755, -0.089362, 0.031395, -0.057987, -0.032340, 0.019071, -0.044572, -0.022762, 0.102595, 0.105751, 0.029149, 0.037555, -0.063172, 0.017958, -0.075185, 0.060180, -0.044393, -0.030686, -0.109083, 0.002500, -0.031981, 0.024345, 0.033740, 0.016910, 0.031497, 0.031461, -0.020727, 0.036033, -0.013973, 0.031808, 0.065487, -0.028552, 0.097458, -0.035493, -0.018187, -0.001863, -0.010523, 0.053254, -0.109301, -0.020620, 0.022250, 0.085302, -0.017087, -0.052766, 0.025572, -0.046601, -0.047507, 0.069579, 0.028734, -0.041256, 0.113569, -0.042625, 0.024377, 0.031855, 0.003369, 0.013876, -0.083307, 0.036790, -0.025148, -0.087052, 0.051074, 0.082297, 0.053874, -0.000947, -0.000000, -0.014349, -0.062969, 0.022286, 0.011804, 0.037239, -0.025429, -0.041980, -0.007191, 0.047768, 0.024674, 0.064911, -0.016557, -0.037927, 0.021003, -0.116707, -0.067241, 0.008924, -0.017535, -0.024903, -0.061335, 0.080783, 0.029759, 0.057257, 0.037178, -0.019226, -0.032226, 0.082276, 0.013084, 0.029791, 0.033926, -0.087190, 0.042524, 0.040772, -0.001133, -0.083337, 0.011655, 0.056990, 0.047064, -0.039613, 0.032802, 0.005556, -0.146443, -0.021253, -0.059015, 0.000184, -0.011156, -0.026701, -0.002684, 0.037614, -0.083711, 0.054437, 0.011295, 0.027761, 0.011404, -0.030468, 0.037418, -0.068620, 0.042982, -0.069975, -0.034791, 0.018128, 0.008718, -0.054528, 0.009665]

=== CHUNK hdfc_small_cap::3::0 ===
source_url: https://groww.in/mutual-funds/hdfc-small-cap-fund-direct-growth
scheme: HDFC Small Cap Fund - Direct Growth
category: small_cap
plan_variant: direct_growth
section: Expense ratio
fact_type: expense_ratio
authority: page_text
is_atomic: true
char_len: 217
source_fetched_at: 2026-09-28T13:12:29+00:00
content_hash: 0b47a4d31b80633175b44ea6a6e68bb37378b6d6123d5450270883a5da5a0825
---
Expense ratio
A fee payable to a mutual fund house for managing your mutual fund investments. It is the total percentage of a company's fund assets used for administrative, management, advertising, and other expenses.

embedding_dim: 384
embedding: [0.055193, -0.068486, -0.106345, 0.042540, 0.148237, -0.007048, 0.068020, -0.014563, 0.039526, -0.009908, -0.043549, -0.021647, -0.010628, 0.070969, -0.071424, -0.096657, -0.023812, 0.041907, -0.007222, 0.058404, -0.016179, 0.029258, 0.079867, 0.056764, 0.067137, -0.037525, 0.032923, 0.006966, -0.082352, -0.005720, 0.045024, 0.003418, -0.022078, -0.069152, 0.002573, 0.056579, -0.057060, -0.016416, 0.043264, 0.014168, -0.049402, 0.053230, -0.017254, -0.014502, -0.062990, 0.066649, -0.074997, 0.023776, 0.010187, 0.091902, 0.045802, 0.047271, -0.077918, -0.011914, -0.010183, 0.015286, -0.069464, -0.042120, -0.026206, -0.054500, -0.048764, -0.068036, 0.035174, 0.027259, 0.023174, -0.000693, 0.019109, 0.089804, -0.041101, -0.041226, 0.012525, 0.000151, -0.026077, -0.083341, 0.012318, 0.077287, 0.004941, 0.068320, 0.002234, 0.001968, -0.049294, 0.043292, 0.105481, 0.019611, -0.003957, -0.014698, 0.084886, -0.059681, 0.041861, -0.010323, 0.035260, -0.008694, -0.032559, -0.064482, 0.054453, 0.041486, -0.069496, -0.011394, -0.024384, -0.027029, 0.011427, -0.066277, 0.016923, -0.044700, 0.012452, -0.021944, 0.090351, 0.024000, 0.081603, 0.024315, -0.032866, 0.054434, 0.034324, -0.020287, 0.027160, 0.002297, 0.000630, -0.031915, 0.139725, 0.034622, 0.054831, 0.012173, -0.021772, -0.059392, -0.004181, -0.062774, -0.086422, -0.000000, -0.031070, 0.018218, 0.017165, 0.025063, -0.107426, 0.038024, 0.003980, 0.044806, -0.048748, -0.080899, -0.003851, 0.068760, -0.009877, -0.028748, -0.015885, -0.109077, 0.008349, 0.163543, 0.106760, -0.047373, -0.006749, 0.070913, 0.027486, -0.022529, 0.002638, -0.046050, -0.016870, 0.013453, 0.026961, 0.002863, 0.022523, 0.053027, 0.032694, -0.045767, -0.077785, 0.027521, -0.018924, 0.078266, 0.014866, 0.020798, -0.063720, -0.021459, -0.022573, -0.086869, -0.078011, -0.024532, 0.120900, 0.025031, -0.058754, -0.047142, -0.067378, -0.085619, -0.007043, 0.019631, 0.075677, -0.041353, -0.011914, -0.042350, -0.089098, 0.020412, 0.022875, -0.006676, -0.050931, -0.026456, -0.028554, -0.073562, -0.006167, 0.055044, -0.012658, 0.037634, -0.014839, -0.015488, -0.006198, 0.111893, -0.011616, 0.012801, 0.006743, 0.006131, -0.018351, 0.095994, -0.093869, -0.015227, 0.005222, 0.061423, -0.071741, -0.018295, 0.077519, 0.061305, -0.088102, -0.025049, 0.103116, -0.064994, -0.007179, 0.003781, 0.014281, 0.000000, 0.022536, 0.010717, 0.080545, 0.031805, -0.026738, -0.005009, 0.001162, -0.013052, 0.049987, 0.035087, -0.108907, 0.006475, -0.050493, -0.079061, -0.079201, -0.085599, -0.038067, 0.009816, -0.010186, -0.012302, 0.069437, 0.010083, 0.092477, -0.061468, -0.071665, 0.017068, -0.034131, 0.028969, -0.023513, 0.071774, -0.039859, -0.086080, -0.040386, 0.032453, -0.019719, -0.051183, -0.035046, 0.028576, 0.015419, 0.028602, 0.053967, 0.014651, 0.050191, -0.049425, 0.116330, -0.090069, -0.024164, -0.063134, 0.068248, -0.033660, -0.080962, -0.054185, -0.000036, -0.011897, -0.105612, 0.038817, -0.000190, 0.076864, 0.024365, 0.049395, 0.051060, 0.081504, 0.016768, 0.070990, -0.119970, 0.034089, -0.023004, -0.041678, 0.004122, 0.065809, -0.005817, 0.026181, 0.029685, 0.076966, -0.014253, 0.023279, 0.035534, -0.024433, 0.012772, -0.015682, 0.062093, -0.011973, -0.055840, -0.016890, -0.008805, -0.041619, 0.055265, -0.028279, -0.006851, -0.029745, 0.039126, -0.107412, 0.089913, 0.091173, -0.044832, -0.000000, -0.027080, -0.055888, 0.036308, -0.046943, -0.048412, -0.026270, 0.005892, -0.024332, 0.057755, 0.076273, 0.084729, 0.018479, -0.092706, 0.041984, -0.055038, -0.051859, -0.024715, 0.029936, 0.003223, 0.005080, 0.004983, 0.025364, -0.020775, 0.016438, 0.056788, -0.055705, 0.010690, 0.042279, -0.018256, -0.082396, 0.038564, 0.029017, -0.018568, 0.006776, -0.037106, 0.063309, -0.040083, 0.059277, 0.013204, 0.119978, 0.024916, -0.038777, 0.049746, -0.033590, 0.048960, -0.001155, -0.093102, -0.020270, -0.013998, -0.111473, 0.048791, 0.070389, -0.023603, 0.036726, -0.060735, -0.019467, -0.028547, 0.023180, -0.070684, -0.001901, 0.022637, -0.011333, -0.009948, -0.024796]

=== CHUNK hdfc_small_cap::4::0 ===
source_url: https://groww.in/mutual-funds/hdfc-small-cap-fund-direct-growth
scheme: HDFC Small Cap Fund - Direct Growth
category: small_cap
plan_variant: direct_growth
section: Tax
fact_type: general
authority: page_text
is_atomic: true
char_len: 256
source_fetched_at: 2026-09-28T13:12:29+00:00
content_hash: 0b47a4d31b80633175b44ea6a6e68bb37378b6d6123d5450270883a5da5a0825
---
Tax
A percentage of your capital gains payable to the government upon exiting your mutual fund investments. Taxation is categorized as long-term capital gains (LTCG) and short-term capital gains (STCG) depending on your holding period and the type of fund.

embedding_dim: 384
embedding: [0.045199, -0.081162, -0.013279, 0.004471, 0.116711, 0.068932, 0.081745, 0.036595, 0.008286, 0.026332, 0.009733, 0.017792, -0.071654, -0.012336, -0.021195, -0.052049, -0.063911, 0.044842, 0.039504, -0.024102, 0.050077, 0.002299, -0.012816, 0.027755, 0.130319, -0.069667, -0.023953, -0.002469, 0.025471, -0.012168, -0.004616, 0.014227, -0.092816, -0.031153, -0.048707, 0.048733, 0.000357, -0.083433, 0.035614, -0.057994, 0.021101, -0.009610, 0.035923, 0.009221, -0.028802, 0.012713, 0.032053, 0.006956, -0.035477, 0.026377, 0.073100, 0.039266, -0.080390, 0.095152, -0.029045, -0.010856, -0.030142, 0.038795, 0.012561, -0.020022, -0.070887, -0.056924, 0.060927, -0.005699, -0.003603, -0.018221, -0.037392, 0.033139, 0.039086, -0.029364, -0.004904, -0.026743, -0.041153, -0.086397, -0.104109, 0.038751, 0.008711, 0.072611, 0.021438, -0.062048, 0.001091, 0.092035, 0.105061, -0.050912, 0.004637, -0.001603, 0.074211, 0.031166, 0.059218, 0.058671, 0.054957, 0.030351, -0.027153, 0.015132, -0.057909, -0.040632, -0.001215, -0.063324, -0.041893, 0.016748, 0.048149, -0.028938, -0.027925, 0.005856, 0.034956, -0.033346, -0.017475, -0.008285, 0.010256, -0.080125, -0.081063, 0.160409, -0.020334, 0.015486, -0.046855, 0.112751, -0.053729, -0.030059, 0.064011, -0.059070, -0.014549, -0.017868, -0.034672, -0.006175, -0.047827, -0.036733, 0.006545, -0.000000, -0.084370, 0.018044, 0.025386, -0.004611, -0.069170, 0.017620, 0.085923, -0.051296, -0.022453, -0.084441, 0.009084, 0.022191, -0.013218, 0.039181, 0.044221, -0.131947, -0.038653, 0.075823, 0.107557, -0.046497, 0.059152, 0.078687, 0.020880, 0.010406, 0.071401, 0.021329, -0.059026, -0.013474, -0.057196, 0.039142, 0.042337, 0.080193, 0.001410, -0.033284, -0.058756, 0.008643, -0.047557, -0.032013, 0.028286, 0.001448, -0.009357, -0.043691, 0.044513, -0.063615, -0.159480, -0.016652, 0.054344, 0.060024, -0.042346, -0.027507, 0.038758, -0.103927, -0.068899, -0.031717, 0.029733, 0.007730, -0.063791, -0.057460, -0.043398, -0.017194, 0.031192, -0.029376, -0.045296, 0.019266, -0.077619, 0.053957, -0.051840, -0.000286, 0.060347, 0.025846, -0.023528, -0.010391, 0.005078, 0.057481, 0.105543, -0.023955, -0.093149, 0.045860, 0.029423, 0.078085, 0.002352, -0.004047, -0.072683, -0.072444, 0.070044, 0.016963, 0.029422, -0.001899, -0.002329, -0.033784, 0.021535, -0.026897, 0.046760, 0.023355, -0.072620, -0.000000, 0.002078, 0.008027, 0.035985, 0.021350, -0.038968, -0.012867, 0.016429, -0.000365, -0.049327, 0.079495, 0.003026, -0.050151, -0.103705, -0.027005, -0.077452, -0.139339, -0.000360, -0.014594, -0.004262, -0.022750, 0.046023, -0.036969, 0.018462, 0.070488, -0.038363, -0.015084, -0.074717, 0.048454, -0.032364, 0.036420, 0.050619, 0.067152, -0.033891, -0.011624, 0.022263, -0.043447, 0.054389, -0.026102, 0.051826, 0.050922, 0.015269, 0.020011, 0.120968, 0.051623, 0.069296, -0.038667, -0.015829, 0.055787, 0.009795, 0.014117, -0.024787, -0.032319, -0.000747, -0.056630, -0.066056, 0.042613, -0.005426, -0.008935, -0.076502, 0.024027, 0.055877, 0.047827, -0.026926, 0.062237, -0.010963, -0.078397, -0.020503, -0.070814, 0.080906, -0.032535, 0.042076, 0.006522, -0.025458, -0.015382, 0.018198, -0.010751, 0.079488, 0.024976, 0.086965, -0.019408, 0.045376, -0.022022, 0.024382, 0.001082, -0.002887, -0.006225, 0.008897, -0.035977, 0.069852, -0.061708, -0.024624, -0.017590, 0.093702, 0.042987, 0.038477, -0.000000, -0.023804, -0.007127, 0.018624, 0.003093, -0.068602, 0.038802, -0.015255, -0.032974, 0.014928, -0.023196, 0.025641, 0.029103, -0.077427, -0.044446, -0.140949, -0.018082, -0.016697, 0.043929, 0.033624, 0.018934, 0.049995, -0.019166, -0.014333, 0.094515, 0.038215, -0.031040, 0.113681, 0.072258, 0.010584, 0.049311, 0.058191, 0.013572, -0.029077, 0.106112, -0.018851, 0.060847, 0.039816, 0.016743, 0.049945, 0.169313, 0.003775, 0.049510, 0.068371, -0.030476, -0.124892, -0.001257, -0.033496, -0.032375, -0.022393, -0.051718, 0.093938, -0.038044, -0.088969, -0.039799, -0.050522, -0.021846, -0.029294, 0.044753, -0.088481, -0.081480, -0.027408, -0.055642, 0.029454, -0.005127]

=== CHUNK hdfc_small_cap::5::0 ===
source_url: https://groww.in/mutual-funds/hdfc-small-cap-fund-direct-growth
scheme: HDFC Small Cap Fund - Direct Growth
category: small_cap
plan_variant: direct_growth
section: Exit load
fact_type: exit_load
authority: page_text
is_atomic: true
char_len: 159
source_fetched_at: 2026-09-28T13:12:29+00:00
content_hash: 0b47a4d31b80633175b44ea6a6e68bb37378b6d6123d5450270883a5da5a0825
---
Exit load
A fee payable to a mutual fund house for exiting a fund (fully or partially) before the completion of a specified period from the date of investment.

embedding_dim: 384
embedding: [0.056902, 0.010251, -0.041701, 0.051720, 0.088564, 0.010061, 0.041278, -0.014979, 0.006100, 0.052224, -0.044543, 0.012784, -0.041278, 0.019864, -0.054330, -0.056194, -0.037347, -0.001777, 0.051542, 0.072269, 0.049296, -0.018388, -0.003165, 0.037348, 0.077765, -0.038981, 0.028870, -0.022254, -0.020044, -0.018404, 0.016735, -0.008113, -0.080776, -0.091869, 0.054674, 0.082998, -0.084051, 0.011330, 0.013002, 0.006213, 0.027246, 0.012186, 0.066283, 0.038585, -0.023071, 0.091665, -0.044285, 0.022843, 0.001276, 0.088782, 0.033244, 0.023866, -0.021132, 0.038897, -0.013641, 0.067274, 0.053220, -0.053127, -0.035238, 0.022622, -0.008012, -0.028592, -0.035805, -0.014931, 0.003489, 0.025393, -0.028012, 0.024046, 0.054031, 0.013647, 0.021369, -0.063370, -0.086432, -0.067141, 0.000603, 0.071029, 0.029696, 0.018077, -0.015885, -0.057027, -0.033433, 0.012166, 0.126005, -0.018617, -0.000727, 0.016407, 0.033497, 0.006296, 0.134403, 0.012931, 0.001398, 0.061798, -0.019697, -0.003043, 0.025021, -0.022298, -0.026624, -0.090230, -0.034433, 0.036533, 0.040036, -0.055489, -0.062289, -0.004397, 0.026169, -0.063423, 0.030988, 0.009943, 0.020515, -0.002053, -0.046196, 0.021837, 0.123739, -0.054226, 0.051856, 0.125189, -0.060009, 0.028246, 0.166850, -0.040079, 0.061045, 0.053355, -0.047214, -0.097522, -0.036701, -0.022114, 0.031371, -0.000000, -0.033199, -0.072862, -0.013550, -0.009071, -0.085226, -0.015399, 0.006182, 0.011083, -0.031114, -0.084110, 0.071460, -0.078511, -0.052808, -0.069889, -0.027191, -0.131913, 0.060863, 0.120753, 0.139723, -0.021115, 0.094069, -0.008228, -0.007003, -0.026128, 0.030182, -0.032633, -0.014555, -0.017481, 0.062735, 0.037897, 0.032991, 0.002577, -0.064143, -0.023392, -0.057172, -0.022393, -0.055584, 0.010729, 0.000513, -0.042396, -0.002297, 0.025292, -0.005247, -0.030499, -0.115074, -0.076470, 0.144091, 0.006895, -0.057487, -0.007587, -0.042568, -0.097022, -0.033014, -0.007655, -0.017276, -0.023423, -0.040298, -0.036034, -0.028464, -0.049620, 0.072453, 0.001910, -0.075777, 0.046523, -0.073980, -0.007145, -0.026226, -0.012114, -0.044272, 0.052568, -0.032450, -0.018276, 0.069935, -0.055947, 0.021685, -0.010769, -0.015262, 0.017129, 0.103464, 0.065079, 0.061101, -0.039768, -0.013836, 0.026737, 0.109252, 0.014871, 0.060523, -0.054093, -0.066101, -0.087619, -0.013338, -0.042829, -0.000554, 0.028428, -0.000438, 0.000000, 0.019504, -0.028265, 0.046322, 0.051979, 0.002792, 0.002485, -0.013057, -0.001529, 0.036326, 0.064898, -0.021054, -0.057415, -0.001741, -0.028183, -0.068508, -0.126573, 0.015829, -0.048089, 0.027318, 0.044345, 0.036871, -0.052675, -0.049247, -0.027998, 0.013816, 0.005439, -0.039516, 0.051027, -0.137433, 0.061481, -0.017264, -0.017212, -0.026357, 0.038498, -0.074173, 0.028868, 0.002661, 0.040032, -0.047156, 0.080907, 0.058098, 0.018219, 0.084002, -0.022739, 0.071331, -0.044394, -0.052150, -0.023060, 0.027285, 0.028403, -0.123989, -0.046848, 0.029242, -0.016164, -0.087620, -0.001096, 0.097608, 0.088189, -0.007150, 0.041889, 0.042228, 0.011165, 0.078043, 0.003185, -0.020999, -0.011770, -0.053978, -0.029812, 0.013342, 0.004203, -0.003936, 0.077115, 0.015689, 0.042019, 0.037187, 0.052183, 0.089847, -0.088559, 0.008476, -0.014506, 0.033278, -0.011278, -0.017213, 0.034773, 0.043419, -0.039538, -0.040504, -0.050912, 0.010187, -0.006927, 0.018636, -0.053417, 0.159199, 0.032198, -0.046847, -0.000000, -0.001157, 0.005725, 0.090751, -0.046930, 0.022501, -0.065803, 0.080361, 0.023452, 0.044246, -0.014811, 0.080421, 0.046251, 0.011943, 0.044036, -0.117492, -0.060575, 0.042366, 0.023343, -0.011740, -0.005912, 0.006439, -0.018011, -0.036977, -0.008416, 0.015828, -0.051382, 0.050942, -0.000989, 0.036745, -0.030222, -0.028652, 0.048355, 0.014879, 0.030621, -0.100889, 0.099535, -0.039436, 0.023026, -0.038942, 0.107061, 0.034396, 0.019872, 0.017261, -0.047331, 0.033400, 0.001407, -0.063105, -0.021866, -0.027262, -0.068532, 0.050422, -0.019483, -0.031865, 0.048470, 0.001230, -0.033001, -0.035352, 0.038530, -0.108199, -0.004789, 0.002676, -0.048208, 0.009178, 0.006567]

=== CHUNK hdfc_small_cap::6::0 ===
source_url: https://groww.in/mutual-funds/hdfc-small-cap-fund-direct-growth
scheme: HDFC Small Cap Fund - Direct Growth
category: small_cap
plan_variant: direct_growth
section: Stamp duty
fact_type: exit_load
authority: page_text
is_atomic: true
char_len: 82
source_fetched_at: 2026-09-28T13:12:29+00:00
content_hash: 0b47a4d31b80633175b44ea6a6e68bb37378b6d6123d5450270883a5da5a0825
---
Stamp duty
A form of tax payable for the purchase or sale of an asset or security.

embedding_dim: 384
embedding: [-0.072629, 0.055176, -0.024456, -0.037701, -0.035974, 0.012713, 0.114806, -0.012086, -0.114043, -0.007836, 0.061175, 0.012743, -0.043850, -0.014524, -0.038212, -0.017716, 0.019783, 0.032642, -0.037355, 0.084187, 0.049908, 0.017194, 0.015982, 0.021850, -0.043650, -0.020798, -0.068913, -0.015213, -0.012572, -0.002582, 0.063583, 0.033771, -0.030995, -0.011781, -0.023332, 0.040603, 0.069687, -0.073534, 0.033108, -0.058916, 0.018363, -0.090680, -0.070079, 0.015128, -0.009221, 0.046753, 0.151550, 0.020891, -0.003105, 0.069646, 0.052693, 0.086602, -0.074497, 0.039272, 0.001751, -0.107632, 0.032727, -0.001621, -0.043585, -0.077371, -0.136653, -0.045983, -0.049805, -0.013183, 0.049217, -0.044852, -0.071916, -0.055130, -0.090839, -0.079833, 0.013383, -0.058812, 0.002337, 0.064583, -0.029287, -0.066208, 0.014938, -0.018555, -0.044610, -0.045482, -0.038743, 0.087580, 0.014446, 0.014559, 0.041853, -0.044302, -0.019452, 0.022168, 0.123281, 0.058279, 0.026099, -0.019766, -0.009292, 0.008617, -0.068419, -0.027396, 0.059499, -0.011167, -0.019949, 0.004137, 0.044079, 0.014313, -0.057153, -0.004553, -0.023177, 0.018627, -0.050508, -0.031650, -0.052686, -0.022006, -0.029658, -0.008750, -0.132622, -0.057973, 0.010343, 0.006677, -0.083111, -0.045224, 0.109485, -0.149010, 0.042744, -0.027281, -0.029956, -0.112811, -0.042156, -0.001060, 0.072380, -0.000000, -0.016454, 0.047349, -0.014642, -0.025545, 0.005524, -0.013235, 0.033760, 0.024416, -0.015304, 0.058840, 0.073792, -0.064703, 0.067526, 0.038448, 0.070524, 0.104620, -0.073247, 0.032276, 0.178924, 0.035489, 0.063840, -0.015909, 0.055406, 0.006238, 0.017072, 0.047334, -0.030100, -0.031015, -0.038567, 0.042470, 0.104130, 0.010560, 0.089520, -0.040659, -0.035987, 0.028675, -0.013434, -0.038184, 0.022377, -0.026062, 0.025110, -0.070312, 0.067456, 0.037426, -0.105029, -0.016597, 0.021756, -0.004631, 0.013310, 0.070155, 0.042059, -0.090681, 0.073521, -0.046870, -0.005105, -0.075823, 0.007957, -0.028852, -0.079506, -0.046839, 0.018073, -0.048634, 0.002798, 0.067058, -0.028949, -0.050411, -0.022248, -0.027648, 0.051680, -0.010620, -0.012110, 0.004011, 0.058849, -0.030578, 0.035028, 0.015387, 0.007496, 0.025885, 0.099014, 0.010332, -0.078811, -0.052724, -0.033873, -0.015396, -0.010952, 0.046302, 0.012987, -0.017269, -0.028890, -0.043525, -0.052340, -0.039559, -0.005522, -0.019436, 0.040158, 0.000000, 0.048954, -0.008308, -0.066160, 0.071940, -0.055063, -0.005742, -0.042550, -0.037664, -0.070076, 0.069743, -0.151223, -0.000163, 0.003274, 0.029032, -0.024801, -0.031770, -0.068617, 0.013754, 0.024842, -0.043465, -0.012366, 0.066804, 0.116146, 0.117219, -0.038667, -0.034279, -0.054546, -0.025031, 0.088068, 0.027874, 0.006680, -0.014516, 0.078315, -0.025695, -0.027394, 0.031203, 0.062080, 0.025179, 0.075224, 0.065718, -0.008712, 0.016165, 0.104086, 0.033013, -0.011667, -0.070353, -0.053631, 0.075372, 0.016671, 0.024521, -0.030403, 0.017280, -0.001906, 0.022087, -0.052097, 0.107210, -0.056559, -0.011769, 0.024722, 0.008694, 0.064571, -0.021362, 0.015192, 0.048368, 0.047216, 0.025449, 0.022291, -0.056984, 0.037952, 0.033471, -0.004584, -0.041883, 0.061795, -0.057530, -0.022580, -0.023379, 0.056522, 0.039439, -0.002123, -0.006429, 0.013937, -0.059541, -0.024428, 0.080987, -0.000686, -0.030781, -0.035066, -0.039441, 0.036600, -0.064523, -0.031797, 0.034939, -0.001702, 0.019832, -0.051874, -0.000000, -0.024806, 0.002364, -0.019589, 0.039911, -0.054844, 0.027796, 0.019790, -0.027301, 0.035114, 0.018067, 0.065655, -0.045364, 0.003583, -0.069944, -0.015805, 0.004831, 0.008306, 0.012409, -0.107352, 0.052272, 0.033785, -0.041480, -0.013174, 0.000862, -0.055299, -0.018997, 0.033845, -0.008995, 0.092389, 0.054247, -0.002187, 0.037004, 0.091839, -0.012446, 0.037593, 0.026570, 0.019265, -0.042896, 0.046315, 0.070020, -0.018883, 0.023915, -0.017629, 0.013805, -0.012750, 0.018680, -0.162886, -0.006511, -0.040280, -0.028138, 0.078200, 0.055043, -0.036502, 0.039757, -0.094924, 0.040167, -0.009535, -0.021335, 0.059435, 0.017589, 0.095757, -0.013975, 0.022350, 0.031961]

=== CHUNK hdfc_small_cap::7::0 ===
source_url: https://groww.in/mutual-funds/hdfc-small-cap-fund-direct-growth
scheme: HDFC Small Cap Fund - Direct Growth
category: small_cap
plan_variant: direct_growth
section: Exit Load | Exit load
fact_type: exit_load
authority: page_text
is_atomic: true
char_len: 451
source_fetched_at: 2026-09-28T13:12:29+00:00
content_hash: 0b47a4d31b80633175b44ea6a6e68bb37378b6d6123d5450270883a5da5a0825
---
Exit Load
08 May 2015
Exit load of 1% if redeemed within 1 year
18 Dec 2014
Exit load of 2% if redeemed within 12 months, 1% if redeemed after 12 months but within 24 months and 0.50% if redeemed after 24 months but within 36 months
01 Jul 2014
Exit load of 2% if redeemed within 12 months and 1% if redeemed after 12 months but before 18 months
01 Jan 2013
Exit load of 1% if redeemed within 1 year
Exit load
Exit load of 1% if redeemed within 1 year

embedding_dim: 384
embedding: [0.010081, 0.047064, -0.036171, -0.014682, -0.032906, 0.027647, 0.002516, 0.066936, 0.030845, 0.022717, 0.043913, -0.032832, -0.043388, -0.004007, 0.012175, 0.088810, -0.045315, -0.041348, -0.019047, -0.035081, 0.046062, -0.072682, -0.120470, -0.019463, 0.036929, 0.029286, -0.021250, -0.002895, 0.025706, 0.028170, 0.024053, 0.003643, 0.004063, -0.068331, 0.041645, -0.033642, -0.122645, -0.055156, 0.026800, -0.043323, -0.090908, 0.012076, -0.059337, 0.063351, 0.048994, 0.000490, -0.087440, 0.068079, -0.048790, 0.122748, 0.056174, 0.019690, -0.003557, 0.085283, -0.054707, -0.032097, 0.034760, 0.001553, -0.020768, 0.027501, 0.010573, -0.007854, -0.072193, -0.026961, 0.004808, 0.002905, -0.009400, -0.032452, 0.007315, -0.000499, -0.084776, -0.092505, -0.061798, -0.055422, 0.006995, 0.022092, 0.069727, 0.007132, -0.003267, -0.078732, -0.020171, 0.041222, 0.019537, -0.057074, 0.034789, -0.036423, -0.009253, 0.032074, 0.061002, -0.011536, 0.046833, 0.172167, 0.030663, 0.042444, 0.017458, -0.011975, -0.083201, -0.011039, 0.033537, 0.033019, -0.005825, -0.011496, -0.023715, -0.038974, 0.007576, -0.061044, -0.021521, -0.011984, 0.034579, -0.006256, -0.025743, 0.006465, 0.121416, -0.055473, 0.055270, 0.052498, -0.036938, 0.076543, 0.025819, 0.003466, 0.088692, 0.059933, -0.003908, -0.053903, -0.048245, -0.018633, 0.073387, 0.000000, -0.019789, -0.145388, -0.080928, -0.013675, -0.038748, -0.043674, 0.081790, 0.060768, -0.019252, -0.002388, -0.002628, -0.027821, -0.052351, -0.045192, 0.015504, -0.008431, 0.039119, -0.028763, 0.093831, 0.012746, 0.019650, -0.163967, 0.025120, 0.014472, 0.048746, 0.048874, 0.011338, -0.044646, -0.013624, -0.007328, 0.103387, -0.039496, -0.039861, -0.098381, 0.038759, 0.039686, 0.071464, 0.025141, 0.050108, -0.039103, -0.020745, 0.042014, 0.044676, 0.010858, -0.031481, -0.150832, 0.071800, -0.030387, 0.021314, 0.108813, -0.054685, -0.050812, -0.039138, 0.017565, -0.041427, 0.020963, -0.111582, -0.031313, 0.009594, -0.021278, 0.029465, -0.046215, 0.010398, -0.065939, -0.103254, -0.025899, 0.016660, -0.061578, -0.153221, 0.056916, 0.003914, -0.028132, 0.074630, -0.081823, 0.020423, -0.053587, 0.071815, 0.069341, 0.044329, 0.033078, 0.034615, 0.010662, -0.014986, 0.005606, 0.001943, 0.017245, 0.116092, -0.109159, -0.085439, 0.016982, -0.031827, -0.078098, 0.000153, 0.043464, 0.078693, -0.000000, -0.033169, 0.067794, -0.062816, -0.005807, 0.020951, 0.023852, 0.017785, 0.097731, 0.004652, 0.076152, 0.044258, 0.028658, 0.012062, 0.060975, -0.000624, 0.010755, -0.012757, 0.018623, -0.005063, 0.019545, -0.000089, 0.019902, -0.047845, 0.042999, -0.009364, -0.018499, -0.070952, -0.020045, -0.094008, -0.039952, 0.022655, -0.065982, -0.016461, 0.070463, -0.035320, -0.032449, 0.031697, -0.004712, 0.005090, 0.075806, 0.083981, -0.035549, -0.012861, -0.008776, -0.006055, 0.010570, 0.064430, 0.040552, 0.068629, -0.024381, 0.035986, 0.000781, 0.011389, 0.053417, -0.032026, 0.066718, 0.060590, -0.024784, -0.021077, -0.026979, -0.005947, -0.029510, 0.094395, -0.074019, -0.001182, -0.065122, 0.004545, 0.046736, 0.039907, 0.017428, 0.034733, 0.039032, 0.035080, -0.057915, -0.038259, 0.009446, -0.024497, -0.065421, -0.011839, -0.042865, -0.059521, 0.035582, -0.062461, 0.080014, -0.061668, -0.046267, 0.030352, -0.061984, -0.050457, 0.030243, 0.000874, 0.014456, 0.042631, -0.015414, -0.004234, -0.000000, 0.023173, -0.012950, 0.088917, -0.042247, 0.090391, 0.059460, 0.047783, 0.031773, -0.056161, -0.003759, 0.130345, 0.029594, -0.089910, -0.072399, -0.142144, 0.066832, -0.030597, 0.020676, 0.022078, -0.050387, -0.023554, 0.006734, 0.019405, -0.031141, -0.063408, -0.016751, 0.058522, 0.088016, 0.020218, -0.025922, 0.022757, 0.051922, 0.051799, -0.075920, -0.082777, 0.045227, -0.029924, 0.008427, -0.023286, 0.033882, 0.019440, 0.020609, 0.025593, 0.000971, -0.032193, -0.035133, -0.051467, 0.002432, 0.047613, -0.085022, -0.013230, -0.081700, -0.036808, 0.063091, 0.051962, -0.065766, -0.022257, 0.029758, -0.060467, 0.037807, -0.002882, -0.013789, -0.057818, -0.043440]

=== CHUNK hdfc_small_cap::9::0 ===
source_url: https://groww.in/mutual-funds/hdfc-small-cap-fund-direct-growth
scheme: HDFC Small Cap Fund - Direct Growth
category: small_cap
plan_variant: direct_growth
section: Stamp duty on investment: 0.005% (from July 1st, 2020)
fact_type: exit_load
authority: page_text
is_atomic: true
char_len: 128
source_fetched_at: 2026-09-28T13:12:29+00:00
content_hash: 0b47a4d31b80633175b44ea6a6e68bb37378b6d6123d5450270883a5da5a0825
---
Stamp duty on investment: 0.005% (from July 1st, 2020)
Stamp duty on investment:
0.005% (from July 1st, 2020)
from July 1st 2020

embedding_dim: 384
embedding: [0.028161, 0.001555, -0.007287, 0.032888, -0.025621, -0.024236, 0.020776, 0.021008, -0.081243, 0.022922, 0.061266, -0.004342, -0.049523, -0.002202, -0.063295, 0.055100, -0.033865, -0.075647, -0.064657, 0.026633, 0.002676, -0.044913, 0.013258, -0.006492, 0.071271, 0.038919, -0.029610, 0.015235, -0.000639, -0.024772, -0.041806, 0.075384, -0.030663, -0.042964, 0.002244, -0.004180, 0.000832, -0.005210, 0.084496, -0.031048, -0.015094, -0.107880, -0.020192, 0.018356, 0.011675, 0.020632, 0.020033, 0.090347, 0.025785, 0.100658, -0.009193, 0.059798, -0.040966, -0.033803, 0.009656, -0.016558, 0.018355, 0.004000, 0.000589, -0.001007, -0.098341, -0.012664, -0.003590, 0.000949, 0.057535, -0.052485, -0.081255, -0.049908, -0.106145, -0.073404, 0.026263, -0.029973, -0.086043, -0.065785, -0.046868, 0.018123, 0.041062, 0.072981, 0.046608, -0.107480, -0.010538, -0.050322, 0.028188, -0.016490, -0.021919, -0.025654, 0.027428, 0.055406, 0.135515, 0.062116, 0.075241, 0.000825, -0.039212, 0.082332, -0.128642, 0.027771, -0.061226, 0.008724, -0.072059, 0.017942, 0.038271, 0.013647, -0.074257, -0.042452, -0.054024, -0.004321, -0.002754, -0.070521, -0.030027, -0.055574, -0.020948, -0.013274, -0.028460, -0.065930, -0.086291, -0.013892, -0.025136, -0.036707, 0.160550, -0.065662, 0.088284, 0.015147, -0.066953, -0.011629, -0.114770, -0.046983, 0.027126, 0.000000, -0.022487, -0.001642, 0.018878, 0.016226, -0.093906, -0.062001, 0.079791, 0.018691, -0.026994, -0.044417, 0.028471, -0.034602, 0.018453, 0.013181, 0.028573, 0.000564, -0.029507, 0.017295, 0.100490, 0.033778, 0.032526, -0.043108, -0.005879, 0.019914, 0.069823, 0.045651, -0.043909, -0.084197, -0.075082, 0.063814, 0.136192, 0.039456, -0.025616, -0.094911, -0.025712, 0.078814, 0.015805, -0.027144, -0.001772, 0.019518, -0.018831, 0.024736, 0.030024, -0.009034, -0.079155, 0.001387, 0.077113, 0.018182, 0.085846, 0.023235, -0.001624, -0.038543, -0.029694, -0.013321, -0.011984, -0.041417, -0.052955, -0.062286, -0.039540, -0.035439, 0.031458, -0.016830, -0.037740, 0.007760, -0.046927, 0.068909, 0.031954, 0.022450, 0.016778, 0.057170, 0.031334, -0.026904, 0.032285, -0.086499, 0.049442, -0.025776, 0.041947, 0.014796, 0.103733, 0.038304, -0.056024, 0.014361, -0.026878, -0.094989, 0.025501, 0.009378, 0.093294, 0.063181, 0.033297, -0.015201, -0.003869, -0.055935, 0.020723, 0.025818, -0.022921, -0.000000, -0.010653, 0.129689, 0.030609, 0.030462, -0.053411, -0.028085, 0.057514, 0.068021, 0.001161, 0.103016, -0.047227, 0.024457, 0.004266, 0.050552, -0.104741, -0.043312, -0.015165, 0.041318, -0.027314, -0.075381, -0.018162, 0.042265, 0.067154, 0.183458, -0.011718, 0.001603, -0.026024, -0.018132, 0.044318, -0.032880, -0.036607, -0.066345, 0.063527, 0.007501, -0.041349, 0.007712, 0.075474, 0.002190, 0.071324, 0.028218, 0.019739, -0.011738, 0.041960, 0.049253, -0.028218, -0.059343, 0.044374, 0.094557, 0.066676, -0.005918, 0.006189, 0.047701, -0.043416, 0.070322, -0.030032, 0.106954, 0.012104, -0.013252, -0.094811, 0.016224, -0.015670, 0.069436, 0.024932, -0.004096, 0.032147, -0.027968, -0.002878, -0.029401, 0.059939, -0.030086, 0.004599, 0.008175, 0.020827, -0.113825, -0.039389, 0.011588, 0.126836, -0.028797, 0.011774, 0.023288, -0.024346, 0.035337, -0.039744, 0.036119, -0.052572, 0.007353, 0.016592, -0.057592, -0.014443, 0.008554, -0.094883, 0.068149, 0.006567, -0.026670, -0.036047, -0.000000, -0.019271, 0.008226, -0.022392, 0.055903, 0.033852, 0.036149, 0.027081, -0.001010, 0.022333, 0.003031, 0.085192, 0.000058, -0.073833, -0.064642, -0.066789, 0.009138, -0.040001, 0.043335, -0.038247, -0.029304, 0.093296, 0.024919, 0.064752, -0.027779, -0.066041, 0.018830, -0.014930, 0.007578, -0.015661, 0.018572, -0.001633, 0.003035, 0.102700, -0.051724, -0.008423, 0.013748, 0.035383, 0.006802, 0.045426, 0.038929, -0.006581, -0.061207, 0.005523, -0.000075, -0.027119, -0.052334, -0.147584, -0.051388, 0.019943, -0.139801, 0.067782, 0.012773, -0.038402, 0.047678, 0.012908, 0.040616, -0.078071, -0.014389, -0.050957, 0.036420, 0.087920, -0.101054, -0.033772, 0.070251]

=== CHUNK hdfc_small_cap::10::0 ===
source_url: https://groww.in/mutual-funds/hdfc-small-cap-fund-direct-growth
scheme: HDFC Small Cap Fund - Direct Growth
category: small_cap
plan_variant: direct_growth
section: Tax implication
fact_type: general
authority: page_text
is_atomic: true
char_len: 189
source_fetched_at: 2026-09-28T13:12:29+00:00
content_hash: 0b47a4d31b80633175b44ea6a6e68bb37378b6d6123d5450270883a5da5a0825
---
Tax implication
If you redeem within one year, returns are taxed at 20%. If you redeem after one year, returns exceeding Rs 1.25 lakh in a financial year are taxed at 12.5%.
Check past data

embedding_dim: 384
embedding: [-0.021293, -0.029618, -0.029164, -0.020686, 0.007865, 0.031351, 0.077463, 0.045174, 0.007372, 0.005640, 0.081646, 0.015228, -0.063622, -0.017473, 0.016313, 0.001828, -0.045190, -0.026675, -0.024896, -0.023217, 0.133668, -0.047354, -0.083839, -0.030598, 0.100436, -0.071269, 0.006991, -0.010719, -0.022929, -0.007546, 0.079517, 0.013517, -0.053781, -0.046699, -0.006254, 0.001344, 0.017834, -0.052281, 0.011954, -0.032596, -0.070139, 0.030819, -0.039534, -0.044342, 0.056719, -0.046024, 0.021537, 0.065701, -0.024696, 0.104064, 0.015200, 0.112822, -0.015413, 0.046768, -0.034638, -0.098776, -0.041891, 0.088827, -0.008977, -0.107298, -0.040424, -0.033142, -0.002342, -0.026288, -0.029963, 0.009688, 0.001268, -0.078983, -0.027861, -0.031208, -0.048035, -0.086374, -0.011282, -0.061664, -0.042518, -0.066473, -0.004634, 0.081750, -0.049440, -0.059968, 0.068254, 0.050196, -0.018107, -0.095018, -0.002654, -0.003166, 0.016030, 0.039706, 0.020233, 0.038886, 0.108699, 0.040624, 0.039597, 0.053127, -0.034198, -0.032001, -0.007554, -0.005717, 0.072884, 0.032588, -0.030250, 0.077013, -0.064975, -0.022713, 0.002324, -0.017640, 0.008925, 0.033233, 0.027169, -0.059967, 0.007153, 0.064172, -0.003755, 0.034190, -0.025650, 0.062943, -0.080156, -0.010297, -0.031215, -0.038284, 0.067196, 0.011888, -0.006346, -0.036941, -0.039930, -0.120648, 0.042212, 0.000000, -0.020238, 0.027777, -0.039329, -0.111008, -0.034780, -0.003563, 0.061803, 0.053902, -0.018683, 0.003246, -0.029215, -0.033677, 0.033966, -0.037847, 0.013568, 0.058465, -0.038864, 0.001002, 0.079696, 0.040854, 0.024525, -0.069208, 0.039846, -0.008841, -0.030122, 0.066505, -0.042209, -0.025294, -0.046788, 0.006528, 0.059432, 0.044113, 0.064673, -0.088061, -0.030352, 0.083503, 0.121745, -0.011376, 0.020569, 0.009415, 0.008768, 0.055603, 0.047116, 0.003187, -0.075435, -0.071342, 0.017550, 0.009059, -0.002331, 0.075029, -0.043472, 0.004976, -0.003554, -0.030751, -0.036213, -0.008279, -0.015402, -0.002504, 0.014128, 0.013193, 0.035759, -0.114957, 0.006013, -0.025553, -0.076273, -0.020563, 0.114185, -0.023476, -0.004393, -0.008964, -0.013451, -0.039267, 0.028322, -0.024834, 0.054498, 0.046471, 0.051418, 0.014725, 0.079855, 0.058701, -0.041400, -0.041259, -0.127045, -0.058539, 0.019024, 0.084364, 0.045958, -0.055814, 0.014164, 0.017189, 0.084246, -0.043183, 0.019030, -0.059784, 0.077038, -0.000000, 0.012884, 0.038061, -0.046591, 0.012924, -0.061836, 0.050738, 0.041184, 0.112577, -0.102743, 0.119315, 0.010066, 0.019587, 0.048024, 0.043589, 0.033227, 0.029276, -0.002561, 0.056565, 0.006658, -0.036390, 0.018941, 0.070115, 0.070108, 0.080014, -0.009033, 0.057293, -0.064474, 0.031730, 0.000943, -0.022417, 0.087807, -0.016583, -0.049089, -0.046116, 0.039774, -0.025954, 0.035249, -0.072573, 0.049559, 0.050413, -0.021289, 0.019652, -0.016027, -0.048293, 0.074582, -0.078746, -0.021841, 0.086979, 0.089826, -0.074831, 0.133321, 0.025061, 0.021868, -0.053689, -0.023565, 0.071354, -0.033608, -0.008467, -0.068980, -0.035584, -0.014388, -0.026630, -0.012467, 0.088631, -0.012177, -0.091242, 0.100720, -0.025076, 0.127626, -0.054826, 0.021718, -0.092248, 0.008686, -0.021731, -0.016255, 0.047875, -0.042310, 0.031951, 0.081336, 0.012405, -0.028473, 0.024465, 0.031792, 0.021054, 0.016268, -0.131021, 0.031101, -0.050575, 0.007064, -0.002989, -0.002212, -0.005745, 0.013139, -0.013912, 0.050361, -0.000000, 0.019655, -0.012887, 0.016966, 0.052333, -0.013431, 0.055323, -0.024061, -0.015475, -0.091137, -0.046937, 0.053584, -0.038050, -0.085768, -0.046070, -0.073212, 0.023797, -0.042179, 0.018935, -0.001624, -0.000395, 0.090757, 0.032901, 0.024004, -0.026810, -0.048629, -0.015871, 0.060661, 0.085777, 0.018935, -0.042972, 0.007981, -0.007860, 0.013515, -0.006823, -0.038305, -0.060724, 0.039416, 0.018832, 0.009068, 0.009975, 0.026480, -0.118794, 0.002081, -0.020582, -0.125413, -0.015303, -0.087785, -0.043000, -0.027583, -0.120019, 0.027206, 0.021592, -0.079217, -0.030573, -0.048461, 0.014117, -0.088094, 0.075344, -0.005184, -0.036566, 0.050354, -0.007202, -0.077486, -0.024317]

=== CHUNK hdfc_small_cap::11::0 ===
source_url: https://groww.in/mutual-funds/hdfc-small-cap-fund-direct-growth
scheme: HDFC Small Cap Fund - Direct Growth
category: small_cap
plan_variant: direct_growth
section: DM Dhruv Muchhal Jun 2023 - Present View details
fact_type: general
authority: page_text
is_atomic: false
char_len: 1159
source_fetched_at: 2026-09-28T13:12:29+00:00
content_hash: 0b47a4d31b80633175b44ea6a6e68bb37378b6d6123d5450270883a5da5a0825
---
DM Dhruv Muchhal Jun 2023 - Present View details
DM
Dhruv Muchhal
Jun 2023
- Present
View details
Education
Mr. Dhruv has done B.Com, CA and CFA
Experience
Prior to joining HDFC MF,he has worked with Motilal Oswal Financial Services Ltd., Goldman Sachs, CRISIL Global Research & Analytics and Deloitte Haskins & Sells
Also manages these schemes
HDFC Flexi Cap Direct Plan Growth
HDFC Value Fund Direct Plan Growth
HDFC Ultra Short to Short Term Fund Direct Growth
HDFC Focused Fund Direct Growth
HDFC Floating Interest Rates Fund Direct Plan Growth
HDFC Balanced Advantage Fund Direct Growth
HDFC Dynamic Term Fund Direct Plan Growth
HDFC Medium Term Fund Direct Growth
HDFC Medium to Long Term Fund Direct Growth
HDFC Infrastructure Fund Direct Growth
HDFC Corporate Bond Fund Direct Plan Growth
HDFC Conservative Hybrid Fund Direct Growth
HDFC Mid Cap Fund Direct Growth
HDFC Equity Savings Direct Plan Growth
HDFC Multi Asset Allocation Fund Direct Growth
HDFC Aggressive Hybrid Fund Direct Plan Growth
HDFC Short Term Fund Direct Plan Growth
HDFC ELSS Tax Saver Fund Direct Plan Growth
HDFC Large Cap Fund Direct Growth
HDFC Credit Risk Fund Direct Growth

embedding_dim: 384
embedding: [0.003806, -0.068160, -0.034056, 0.001224, 0.029630, -0.017315, -0.062087, -0.007960, -0.051752, -0.009853, 0.006740, -0.040348, -0.048299, -0.012718, 0.022232, -0.010758, 0.005012, 0.016494, -0.011508, -0.035504, -0.003591, -0.033096, 0.019770, -0.043868, -0.042542, 0.016940, -0.003214, 0.068793, -0.068310, -0.118284, 0.036831, 0.119026, 0.023243, 0.027951, 0.031645, 0.094195, -0.054163, 0.059718, 0.009584, -0.071780, -0.032755, -0.059150, 0.039960, -0.009152, 0.049422, -0.035327, -0.040280, -0.003539, 0.017000, 0.031626, -0.093275, -0.001728, 0.038790, 0.000545, 0.009015, -0.016892, -0.014039, 0.019238, -0.010080, -0.016389, -0.091596, 0.033608, -0.001959, 0.034352, -0.036733, -0.060525, -0.014159, 0.017522, -0.038464, -0.001073, -0.017232, -0.102781, -0.056270, 0.007689, -0.026860, -0.029307, -0.007097, -0.012858, 0.081165, -0.050043, 0.003223, 0.038803, 0.013470, 0.035951, -0.039381, -0.041275, 0.000777, -0.036988, 0.024197, -0.092065, 0.078552, 0.046053, -0.011196, 0.044687, -0.062722, -0.071154, -0.003883, -0.009982, -0.073595, 0.006352, 0.029719, -0.002109, -0.039014, -0.026260, -0.084646, -0.058241, 0.068868, 0.098218, 0.034356, -0.000493, -0.019385, 0.091715, -0.005675, -0.064313, 0.032571, -0.087350, -0.086285, -0.059282, 0.032609, 0.019404, -0.044942, 0.063711, -0.021598, -0.012109, -0.083483, -0.004518, -0.055128, 0.000000, -0.015794, 0.044551, 0.025867, 0.020572, -0.085142, -0.015034, 0.102045, 0.015031, -0.090686, 0.063725, 0.005988, 0.064168, -0.039186, 0.060124, -0.026526, -0.090183, 0.003511, 0.030079, -0.011157, 0.025584, 0.034467, 0.058307, 0.084649, -0.044384, 0.134729, -0.044422, 0.079440, 0.009683, 0.042570, 0.063977, -0.020876, -0.053394, -0.087267, -0.088360, -0.063797, 0.079264, -0.102153, -0.088496, -0.069574, -0.094170, -0.037429, 0.012407, -0.028716, -0.072955, -0.081903, 0.055372, 0.084991, 0.067450, -0.030964, -0.021358, -0.026552, -0.043495, -0.032511, -0.012333, 0.008859, 0.093451, -0.021686, -0.030619, -0.004151, 0.036968, -0.108772, -0.037425, -0.153811, 0.048894, -0.077390, 0.007141, 0.014261, -0.033539, 0.089525, 0.018870, 0.023636, -0.004305, 0.015839, 0.062876, 0.004719, -0.067262, 0.018715, 0.085835, 0.017371, 0.013405, 0.041102, 0.095401, 0.100029, -0.041764, 0.106874, 0.021134, 0.068109, -0.003151, -0.061114, 0.050117, -0.025027, -0.100365, 0.117146, 0.015549, -0.017737, -0.000000, -0.030113, -0.006819, 0.022648, -0.005533, 0.039034, 0.016559, -0.021645, -0.018630, 0.080963, -0.030366, 0.015273, 0.038043, -0.008062, -0.055259, -0.074318, -0.069245, -0.031677, -0.018863, 0.011811, -0.004304, 0.013034, 0.049879, -0.021892, 0.052746, -0.048986, 0.012803, -0.007354, 0.081802, -0.004495, 0.073082, 0.004227, -0.062075, -0.130049, 0.076277, -0.018476, -0.056814, -0.035666, 0.035517, -0.027133, 0.083889, -0.007628, -0.017249, 0.054252, -0.074869, 0.011105, -0.065202, -0.025180, -0.038190, 0.033398, -0.008718, -0.084287, 0.007601, -0.040889, 0.001040, -0.005836, -0.012416, 0.074460, -0.013121, -0.041210, -0.023092, -0.027557, 0.068413, 0.042048, 0.083241, 0.061706, -0.029415, -0.055795, -0.108025, -0.032829, -0.065517, -0.016608, -0.007408, 0.004931, -0.017594, 0.027538, -0.003458, -0.068967, -0.026308, 0.000698, 0.060592, 0.092599, -0.027942, -0.021399, 0.090664, -0.026688, -0.019566, 0.057092, -0.066091, 0.016080, 0.012915, 0.002859, -0.087226, 0.020772, -0.007994, 0.007205, -0.000000, -0.027638, -0.000560, 0.009259, -0.003186, 0.020054, -0.031611, -0.016753, 0.029713, 0.033381, -0.007373, 0.153112, 0.030976, -0.064130, -0.046147, -0.000846, -0.043954, -0.033886, 0.057118, -0.028560, -0.004713, 0.046906, -0.000977, -0.013028, 0.089728, 0.081262, -0.013449, 0.010928, -0.037928, 0.034518, 0.059666, 0.018182, -0.023960, 0.031782, -0.034960, 0.074572, 0.056623, 0.020316, 0.033217, 0.048053, 0.099914, 0.002501, -0.011715, 0.033268, 0.002256, -0.027876, 0.008748, -0.134824, -0.009178, 0.035305, -0.121610, -0.000953, 0.006808, 0.057384, -0.016813, -0.001312, 0.050191, -0.017851, 0.027400, -0.021887, -0.019059, 0.131449, -0.086202, -0.010481, 0.073964]

=== CHUNK hdfc_small_cap::11::1 ===
source_url: https://groww.in/mutual-funds/hdfc-small-cap-fund-direct-growth
scheme: HDFC Small Cap Fund - Direct Growth
category: small_cap
plan_variant: direct_growth
section: DM Dhruv Muchhal Jun 2023 - Present View details
fact_type: general
authority: page_text
is_atomic: false
char_len: 1000
source_fetched_at: 2026-09-28T13:12:29+00:00
content_hash: 0b47a4d31b80633175b44ea6a6e68bb37378b6d6123d5450270883a5da5a0825
---
DM Dhruv Muchhal Jun 2023 - Present View details
HDFC ELSS Tax Saver Fund Direct Plan Growth
HDFC Large Cap Fund Direct Growth
HDFC Credit Risk Fund Direct Growth
HDFC Banking and PSU Debt Fund Direct Growth
HDFC Arbitrage Fund Direct Growth
HDFC Large & Mid Cap Fund Direct Growth
HDFC Small Cap Fund Direct Growth
HDFC Ultra Short Term Fund Direct Growth
HDFC Liquid Direct Plan Growth
HDFC Overnight Fund Direct Growth
HDFC Money Market Fund Direct Growth
HDFC Housing Opportunities Fund Direct Growth
HDFC Banking & Financial Services Fund Direct Growth
HDFC Multi Cap Fund Direct Growth
HDFC Business Cycle Fund Direct Growth
HDFC Long Term Fund Direct Growth
HDFC MNC Fund Direct Growth
HDFC Defence Fund Direct Growth
HDFC Consumption Fund Direct Growth
HDFC Transportation and Logistics Fund Direct Growth
HDFC Technology Fund Direct Growth
HDFC Pharma And Healthcare Fund Direct Growth
HDFC Manufacturing Fund Direct Growth
HDFC Children's Fund Direct Plan
HDFC Innovation Fund Direct Growth

embedding_dim: 384
embedding: [0.026302, -0.083034, -0.002436, -0.000939, 0.080854, 0.060179, -0.032119, 0.009490, -0.084466, 0.006044, -0.006720, -0.078565, -0.022102, -0.012344, 0.013668, -0.057203, -0.009133, -0.016230, 0.025906, -0.063388, 0.030946, -0.032564, 0.027736, -0.017045, -0.042525, 0.056652, -0.030005, 0.034954, -0.101719, -0.074855, 0.016426, 0.110376, 0.053938, 0.030820, 0.003630, 0.071984, 0.000341, 0.056247, 0.028497, -0.043885, -0.035573, -0.071860, 0.015385, -0.038101, 0.097746, -0.033163, -0.067512, -0.018133, 0.065612, 0.011559, -0.024845, 0.007628, 0.011713, 0.007397, 0.009097, -0.022039, -0.064762, -0.036441, -0.019069, 0.008924, -0.105454, 0.015353, 0.001088, -0.007671, -0.041748, -0.041851, 0.004436, 0.069177, -0.040274, 0.027317, -0.033742, -0.047808, -0.044215, 0.080092, -0.037672, -0.034627, 0.005971, 0.009059, 0.054600, -0.036965, -0.051513, 0.018862, 0.027148, 0.005934, -0.070955, 0.035817, 0.017066, -0.053829, 0.014308, -0.077882, 0.040727, -0.008769, 0.048313, 0.107315, -0.059996, -0.037291, -0.079032, -0.073558, -0.041800, -0.034447, 0.045216, -0.002407, 0.021262, -0.044569, -0.068546, -0.022462, 0.028301, 0.050870, 0.055159, -0.013221, -0.039100, 0.068698, -0.015982, -0.052920, -0.030227, -0.059656, -0.033659, -0.121004, 0.022819, 0.070182, 0.005538, 0.017627, -0.012983, -0.017802, -0.064323, 0.018217, -0.058045, 0.000000, -0.031747, -0.002705, 0.068541, 0.053367, -0.064246, -0.035427, 0.062694, 0.007054, -0.060241, 0.099612, -0.028614, 0.061753, -0.036809, 0.021977, 0.038723, -0.057625, -0.030310, 0.048261, 0.001438, 0.055222, -0.013353, 0.078284, 0.118240, -0.057107, 0.163558, -0.040400, 0.018857, -0.023520, 0.035590, 0.040669, -0.020646, -0.050206, -0.109065, -0.100930, -0.093671, 0.038180, -0.046689, -0.067336, -0.053320, -0.040738, -0.008167, -0.022146, -0.021015, -0.007254, -0.031128, 0.041167, 0.123071, 0.008139, -0.061494, -0.029340, -0.038077, -0.043541, 0.002601, -0.042612, 0.014086, 0.070824, -0.026354, -0.001054, 0.026498, 0.022123, -0.080799, -0.063018, -0.092922, 0.072773, -0.068838, 0.006726, 0.042925, -0.002127, 0.060578, -0.007579, 0.036857, -0.061418, -0.025004, 0.062091, 0.039671, 0.006287, -0.026154, 0.065038, -0.004137, 0.020040, -0.004499, 0.060819, 0.030472, 0.001367, 0.146946, 0.042189, 0.094796, -0.055672, -0.055514, 0.009207, -0.090678, -0.061149, 0.157153, -0.008222, -0.027750, -0.000000, 0.029650, 0.024445, -0.004405, 0.010417, 0.052777, 0.002807, 0.003558, -0.043811, 0.098694, 0.019428, -0.026414, 0.055836, 0.024040, -0.038941, -0.069230, -0.086464, -0.003569, -0.001289, -0.018628, -0.012843, -0.021397, 0.011787, -0.060621, 0.075371, -0.041075, 0.036171, -0.052743, 0.051769, 0.013567, 0.011127, -0.002072, -0.061455, -0.046601, 0.109541, -0.006872, -0.073615, 0.006834, -0.026605, -0.016743, 0.064613, 0.018962, -0.042906, 0.033889, -0.038608, 0.003804, -0.105945, -0.025650, -0.051689, 0.026354, 0.002919, -0.031090, 0.035023, -0.088964, 0.009006, -0.018229, -0.000684, 0.054254, -0.014654, -0.031180, -0.006145, -0.032131, 0.041855, 0.000950, 0.075180, 0.039726, -0.079612, -0.041629, -0.101068, -0.060177, -0.051305, -0.010276, 0.008582, -0.045439, 0.032332, -0.011060, 0.006605, 0.009999, 0.012632, 0.046378, 0.056880, 0.075094, -0.081428, -0.039176, 0.086358, -0.043967, -0.036345, 0.084713, -0.106969, 0.021860, 0.035605, -0.008418, -0.072253, 0.025403, -0.011222, 0.012654, -0.000000, 0.021861, 0.002449, 0.019696, 0.042483, 0.003435, -0.063337, -0.039052, 0.029834, 0.018479, -0.000264, 0.092296, 0.073788, -0.007725, -0.070823, -0.005414, -0.043218, -0.077377, 0.096755, -0.038885, 0.006770, 0.066972, 0.016067, -0.029425, 0.071765, 0.045236, -0.075241, 0.046429, -0.068260, 0.011170, 0.059348, 0.044025, -0.072485, -0.006908, -0.046084, 0.068705, 0.046684, -0.017025, 0.004185, 0.030334, 0.026831, -0.023944, -0.051622, 0.028734, -0.024118, -0.046651, -0.015449, -0.141547, -0.022068, 0.027731, -0.150937, 0.000732, 0.050967, 0.023394, -0.034689, 0.025788, 0.105387, -0.036250, 0.016397, 0.015484, 0.001640, 0.098072, -0.065260, -0.005994, 0.071616]

=== CHUNK hdfc_small_cap::12::0 ===
source_url: https://groww.in/mutual-funds/hdfc-small-cap-fund-direct-growth
scheme: HDFC Small Cap Fund - Direct Growth
category: small_cap
plan_variant: direct_growth
section: CS Chirag Setalvad Jun 2014 - Present View details
fact_type: general
authority: page_text
is_atomic: true
char_len: 578
source_fetched_at: 2026-09-28T13:12:29+00:00
content_hash: 0b47a4d31b80633175b44ea6a6e68bb37378b6d6123d5450270883a5da5a0825
---
CS Chirag Setalvad Jun 2014 - Present View details
CS
Chirag Setalvad
Jun 2014
- Present
View details
Education
Mr. Setalvad is a B. Sc and MBA from University of North Carolina.
Experience
Prior to joining HDFC AMC he has worked with New Vernon Advisory Services Ltd., HDFC AMC and ING Barings N.V.
Also manages these schemes
HDFC Mid Cap Fund Direct Growth
HDFC Small Cap Fund Direct Growth
HDFC Retirement Fund Equity Plan Direct Growth
HDFC Retirement Fund Hybrid Equity Plan Direct Growth
HDFC Retirement Fund Hybrid Debt Plan Direct Growth
HDFC Children's Fund Direct Plan

embedding_dim: 384
embedding: [-0.005499, -0.010504, -0.069093, -0.010722, -0.017617, 0.129109, -0.019993, 0.030552, -0.043961, 0.044709, -0.041572, -0.035057, 0.006054, -0.048772, -0.033062, -0.006909, -0.001411, -0.055415, 0.005372, 0.034992, -0.049116, -0.001090, -0.034122, -0.006777, 0.061638, 0.005485, 0.027059, -0.007708, -0.028149, -0.011854, 0.035884, 0.062036, -0.002724, 0.018362, 0.009195, 0.059384, -0.020058, 0.084160, -0.050124, -0.008463, -0.006037, -0.014979, -0.034959, -0.055754, 0.019889, -0.092586, -0.029151, -0.016890, -0.004346, -0.002433, -0.052754, -0.010916, 0.045605, 0.005721, -0.029358, 0.123114, 0.049312, -0.040734, 0.040837, -0.045714, -0.045941, -0.030278, 0.003161, -0.014301, 0.059982, 0.001773, -0.027185, 0.037738, 0.006836, -0.092255, -0.029509, -0.037464, -0.073167, 0.032667, 0.004175, 0.003351, 0.039781, -0.000937, 0.135369, -0.130665, -0.064137, -0.002521, -0.060790, 0.032401, -0.055097, 0.043084, 0.030855, -0.062062, -0.016786, -0.004128, 0.104170, 0.009612, 0.054104, 0.018088, -0.067348, -0.000292, -0.063609, -0.050349, -0.015787, -0.018421, 0.037626, 0.044533, 0.007017, -0.078720, -0.075647, -0.071729, 0.077073, 0.044302, 0.011413, -0.086990, 0.034471, 0.057779, -0.043144, -0.009862, -0.017330, 0.063753, -0.055723, -0.079008, -0.024286, -0.104975, 0.003941, 0.005875, -0.033676, -0.035310, -0.010340, -0.093516, -0.047930, 0.000000, -0.002000, -0.034426, -0.020986, 0.009834, -0.022428, -0.006344, -0.001602, -0.010944, -0.053441, 0.086564, -0.005827, 0.086015, -0.040556, 0.036217, -0.067089, -0.061502, -0.063508, 0.069537, -0.006348, -0.003551, -0.017263, 0.149902, 0.079031, -0.053648, 0.149066, -0.039852, 0.036959, -0.002360, 0.076724, 0.065261, 0.005079, 0.078567, -0.077604, -0.050799, 0.005238, 0.023060, -0.018924, -0.053859, -0.087912, -0.024513, 0.033372, 0.032912, -0.004317, 0.000468, -0.006883, -0.022739, 0.076563, 0.037413, 0.039479, 0.035420, -0.070140, -0.039120, 0.026986, -0.033370, 0.002097, -0.018180, -0.037538, -0.019106, 0.089260, -0.014313, 0.027425, -0.029539, -0.137278, 0.101933, -0.057077, -0.003403, 0.067973, -0.060304, 0.056891, -0.059488, 0.051121, 0.013728, 0.049995, 0.059689, -0.020288, -0.081203, -0.025316, 0.180135, -0.042554, 0.010042, 0.030555, 0.077657, 0.006272, -0.021823, 0.070694, 0.024737, 0.006475, -0.010075, -0.032452, -0.020376, -0.034201, -0.010986, 0.101515, 0.082068, -0.014556, -0.000000, -0.088960, -0.036462, -0.052418, 0.000623, 0.056263, 0.069819, 0.026014, -0.008488, 0.002380, -0.035404, 0.062127, 0.051484, -0.033530, -0.028770, -0.048248, -0.055165, 0.099337, -0.093087, -0.065758, -0.045408, -0.003196, 0.016591, -0.034107, 0.052169, 0.046031, 0.059789, -0.034425, 0.075917, -0.063084, 0.045363, -0.016477, 0.024901, -0.079623, 0.078837, -0.072998, -0.144143, 0.010590, 0.011147, -0.037583, 0.034355, -0.017210, -0.036113, -0.044124, -0.012753, 0.078462, -0.030877, 0.028132, -0.085949, 0.051205, 0.061945, 0.006097, -0.042757, 0.078189, 0.003053, 0.040513, -0.003260, 0.059958, -0.010059, 0.037813, -0.009384, 0.064693, 0.085313, 0.068641, 0.067981, 0.036731, 0.066779, -0.056219, -0.066600, -0.052750, -0.090558, 0.018578, -0.083329, 0.049532, -0.065946, -0.024838, 0.045359, 0.002166, -0.005817, -0.022681, 0.047582, 0.013290, -0.027315, -0.055040, 0.083735, -0.075544, 0.015891, -0.018955, -0.115843, -0.000621, 0.036634, -0.106279, -0.068831, 0.023739, 0.014224, -0.003657, -0.000000, -0.015792, 0.006191, -0.002388, -0.021052, 0.010006, -0.075366, -0.057562, -0.000161, 0.010194, 0.008213, 0.020627, 0.070800, 0.015854, -0.014040, -0.000849, -0.051844, -0.035410, 0.050888, -0.050350, -0.002362, 0.076480, 0.039214, 0.016365, 0.006022, 0.040489, -0.011096, -0.011679, 0.030300, 0.022874, 0.008305, 0.003811, 0.036889, 0.055243, 0.007428, 0.001263, 0.046105, 0.029270, 0.051224, 0.063713, 0.029714, 0.028719, -0.052759, 0.060434, -0.020264, -0.055313, -0.017451, -0.105358, 0.025119, 0.041519, -0.059072, -0.063761, 0.017468, 0.018888, -0.019409, 0.035120, 0.070263, 0.030675, -0.043199, -0.015205, 0.023153, 0.042224, -0.096046, -0.045035, 0.119546]

=== CHUNK hdfc_small_cap::13::0 ===
source_url: https://groww.in/mutual-funds/hdfc-small-cap-fund-direct-growth
scheme: HDFC Small Cap Fund - Direct Growth
category: small_cap
plan_variant: direct_growth
section: About HDFC Small Cap Fund Direct Growth
fact_type: general
authority: page_text
is_atomic: true
char_len: 591
source_fetched_at: 2026-09-28T13:12:29+00:00
content_hash: 0b47a4d31b80633175b44ea6a6e68bb37378b6d6123d5450270883a5da5a0825
---
About HDFC Small Cap Fund Direct Growth
About
HDFC Small Cap Fund Direct Growth
HDFC Small Cap Fund Direct Growth is a Equity Mutual Fund Scheme launched by HDFC Mutual Fund. This scheme was made available to investors on 10 Dec 1999. Dhruv Muchhal is the Current Fund Manager of HDFC Small Cap Fund Direct Growth fund. The fund currently has an Asset Under Management(AUM) of Cr and the Latest as of 25 Sep 2026 is .
The HDFC Small Cap Fund Direct Growth is rated Very High risk. Minimum SIP Investment is set to . Minimum Lumpsum Investment is . Exit load of 1% if redeemed within 1 year
;

embedding_dim: 384
embedding: [0.092033, -0.051946, -0.067392, 0.003422, 0.130309, 0.014449, 0.030875, 0.049493, -0.070637, 0.036172, 0.017586, -0.072138, -0.069905, 0.001415, -0.032065, -0.035735, -0.068141, -0.064266, 0.039143, 0.002604, -0.006137, -0.027761, -0.001151, 0.034801, 0.047414, -0.020629, 0.014823, 0.054363, -0.040550, -0.020468, 0.043626, 0.044145, 0.045035, -0.054503, -0.002598, 0.092819, -0.064621, 0.033014, -0.025368, -0.031622, 0.041763, -0.006723, 0.035583, -0.011448, 0.025127, -0.022566, -0.052964, 0.042221, -0.028445, -0.044386, -0.003430, -0.018259, 0.015870, -0.021639, -0.003032, 0.046790, -0.060319, -0.002279, 0.040223, 0.029990, -0.076926, -0.026281, 0.065451, -0.046511, 0.038331, -0.048683, -0.001085, -0.001868, 0.018958, -0.031349, -0.031466, -0.068491, -0.072851, -0.041183, -0.015801, -0.040200, -0.048209, 0.054470, 0.063822, -0.023639, -0.087785, 0.041565, 0.082062, 0.005800, -0.073165, 0.020985, 0.027770, -0.112323, -0.050152, -0.059699, 0.055520, 0.087656, -0.001391, 0.075203, -0.067006, -0.034181, -0.045975, -0.080223, -0.053159, 0.001806, 0.046648, 0.012663, -0.054515, -0.055933, 0.008498, -0.013649, 0.028712, 0.019491, 0.037470, 0.019885, -0.017772, 0.089069, -0.027900, -0.042879, -0.025647, 0.012351, -0.072406, -0.148078, -0.003594, -0.034958, -0.028357, -0.014087, 0.006649, -0.107616, -0.036265, -0.022120, -0.045969, 0.000000, -0.021368, 0.033466, -0.026417, -0.050286, -0.073058, -0.075228, 0.096374, 0.026678, -0.061958, -0.013034, 0.029890, 0.043355, -0.033566, 0.011011, -0.049916, -0.145571, 0.072652, 0.106363, 0.007053, -0.007738, -0.025436, 0.115745, 0.053002, -0.070359, 0.142753, -0.010138, 0.027262, -0.008604, 0.097326, 0.074779, -0.007564, 0.014049, -0.055987, -0.083459, -0.067244, -0.002509, -0.050250, -0.047119, -0.045197, -0.015774, 0.045922, 0.061333, -0.000523, -0.052476, -0.033650, 0.032571, 0.094240, 0.048475, -0.044441, 0.023525, -0.019032, -0.109742, -0.006382, 0.023310, 0.058759, 0.038870, -0.067408, -0.003803, 0.029688, 0.036886, -0.016518, -0.049818, -0.149338, 0.089560, -0.057227, 0.056870, 0.082306, -0.032213, 0.036538, -0.051534, 0.030769, 0.018283, 0.014225, 0.031721, 0.007990, -0.050001, 0.045432, 0.122681, 0.000937, 0.028917, 0.043736, 0.066808, 0.077236, -0.017974, 0.012418, -0.033686, 0.025111, 0.049276, -0.051733, -0.028954, 0.020560, -0.063880, 0.097341, 0.022701, 0.002058, -0.000000, 0.021069, -0.010031, -0.011901, 0.010824, 0.012486, 0.044223, 0.039449, 0.041021, 0.044415, -0.009958, 0.066922, -0.003524, 0.016213, -0.056092, -0.088548, -0.072372, 0.031368, -0.028671, -0.007211, -0.017588, 0.052267, -0.005272, 0.035530, 0.033185, -0.010087, -0.013019, -0.037612, 0.046033, -0.071539, 0.041601, -0.011549, 0.002177, -0.085194, 0.055539, -0.010674, -0.094644, -0.031172, 0.025370, -0.018178, 0.032207, 0.000776, -0.034955, 0.077331, -0.091551, -0.008530, -0.022063, 0.022133, -0.000275, 0.071779, -0.005582, -0.040488, -0.089302, 0.073868, -0.006079, -0.055500, 0.035520, 0.106240, 0.087288, -0.019360, -0.003607, 0.033365, 0.001119, -0.021310, 0.096380, -0.026179, 0.014198, -0.058712, -0.118772, 0.033836, -0.059062, 0.094859, 0.006243, 0.099310, 0.059530, -0.048307, 0.031638, 0.020209, -0.019860, 0.050402, 0.059393, 0.069790, 0.054145, -0.036344, 0.065904, 0.017122, -0.079909, 0.017700, -0.138007, -0.078414, 0.042990, -0.061344, -0.044038, 0.058983, 0.040680, -0.018671, -0.000000, 0.021021, -0.009745, 0.057394, -0.029582, -0.018659, -0.018037, 0.001062, -0.035475, 0.030716, 0.012578, 0.041911, 0.070041, -0.028550, -0.035656, -0.043417, -0.057435, 0.013445, 0.038320, 0.003512, -0.010025, 0.053343, 0.024033, 0.037002, 0.035417, 0.049946, -0.014048, 0.056910, 0.024394, -0.012916, -0.034959, 0.050249, 0.007126, 0.019988, 0.059565, -0.025044, 0.119727, -0.012048, 0.058001, -0.004558, 0.077054, 0.042885, -0.056525, 0.036983, -0.088134, -0.074341, 0.018098, -0.051358, -0.021086, 0.047539, -0.087126, 0.003507, -0.008110, -0.034953, -0.039427, -0.012318, 0.077197, 0.005889, 0.012904, -0.021013, -0.045519, 0.021391, -0.018880, 0.003741, 0.102954]

=== CHUNK hdfc_small_cap::14::0 ===
source_url: https://groww.in/mutual-funds/hdfc-small-cap-fund-direct-growth
scheme: HDFC Small Cap Fund - Direct Growth
category: small_cap
plan_variant: direct_growth
section: Investment Objective
fact_type: general
authority: page_text
is_atomic: true
char_len: 222
source_fetched_at: 2026-09-28T13:12:29+00:00
content_hash: 0b47a4d31b80633175b44ea6a6e68bb37378b6d6123d5450270883a5da5a0825
---
Investment Objective
The scheme seeks to provide long-term capital appreciation /income by investing predominantly in Small-Cap companies.
Fund benchmark
BSE 250 SmallCap Total Return Index
Scheme Information Document(SID)

embedding_dim: 384
embedding: [0.107691, 0.017555, -0.033384, 0.038152, 0.067703, 0.044633, 0.026337, 0.055520, -0.041915, 0.052487, -0.084013, -0.061582, 0.005238, -0.053784, -0.093205, -0.028255, -0.056525, -0.020480, 0.034135, 0.007801, -0.007229, 0.013877, -0.004262, -0.025549, 0.061764, 0.006849, 0.058187, 0.024786, -0.014153, -0.001263, 0.014338, 0.029225, 0.073081, -0.080206, -0.096267, 0.122703, 0.012151, 0.010826, -0.006195, -0.000631, -0.024650, 0.040551, 0.023051, -0.065267, 0.027479, -0.064872, -0.035992, -0.007115, -0.008886, -0.012230, -0.011835, -0.012089, -0.069382, 0.011175, -0.066853, 0.020671, -0.093057, -0.032927, 0.058991, -0.016615, 0.019253, -0.031996, 0.086201, 0.021857, 0.111745, -0.015432, -0.058431, -0.030021, -0.108028, -0.082596, -0.033304, -0.047529, -0.145040, -0.014615, -0.055327, 0.027431, 0.008442, 0.045144, 0.020476, 0.023587, -0.029257, 0.043647, -0.006305, -0.005641, -0.038121, 0.007902, 0.054567, -0.028274, 0.035564, 0.017243, 0.057676, 0.029957, -0.059224, -0.004648, -0.033457, -0.100329, -0.068586, -0.008171, -0.012806, 0.075826, 0.022378, 0.004211, -0.054026, -0.087120, -0.017774, -0.066821, 0.102177, -0.064051, 0.031347, -0.030699, -0.028076, 0.117865, -0.039134, -0.027283, -0.029517, 0.054281, -0.049376, -0.032980, 0.075421, 0.043887, 0.030977, 0.021699, -0.009681, -0.056010, -0.027372, 0.014927, -0.035013, 0.000000, -0.051941, 0.060730, 0.067931, 0.002959, -0.093140, -0.003855, 0.035159, -0.065833, -0.097983, -0.005841, 0.041065, 0.107725, 0.028622, -0.026814, 0.081203, -0.022666, 0.016224, 0.104433, 0.046857, -0.067543, 0.026446, 0.015764, 0.034405, -0.000483, 0.096169, 0.017525, 0.046336, -0.042091, 0.021799, 0.052333, 0.023707, 0.083165, -0.051630, -0.111558, -0.034389, 0.032719, 0.003678, -0.025091, -0.009443, -0.015185, -0.016774, 0.034011, -0.016124, -0.061629, -0.098966, 0.000282, 0.044807, 0.073661, 0.034105, 0.061834, -0.052427, -0.062625, -0.071227, 0.032459, 0.046520, 0.027164, -0.031262, -0.019658, -0.040197, 0.018774, 0.054728, -0.094149, -0.081563, -0.004095, -0.092734, 0.110805, 0.091380, 0.032629, 0.043631, 0.027908, -0.011905, 0.012037, 0.024913, 0.002898, 0.020837, -0.056507, 0.018146, 0.086983, 0.019288, 0.002800, 0.005305, 0.018101, -0.016849, -0.064197, 0.059883, -0.015790, 0.047762, 0.046310, -0.048128, -0.052059, 0.011661, -0.006491, -0.049007, 0.019811, -0.052780, -0.000000, 0.005507, -0.040866, 0.013125, -0.014074, 0.004396, -0.018024, 0.032045, 0.040238, -0.014054, 0.042611, 0.006044, -0.019488, -0.003135, 0.037491, -0.055638, -0.046082, 0.005329, -0.081059, 0.042594, -0.072571, 0.093161, 0.035115, 0.061222, 0.037316, -0.007154, 0.035841, -0.087504, 0.067391, -0.054544, -0.014342, -0.021444, -0.009186, -0.048603, 0.018167, -0.030868, 0.002782, 0.008456, -0.088586, 0.010584, 0.104547, 0.019190, 0.016076, 0.060012, -0.030651, 0.013271, -0.057892, 0.009770, 0.027421, 0.100411, -0.037027, 0.016534, -0.015949, 0.037275, 0.010796, -0.076232, 0.022348, -0.024482, -0.001022, -0.027452, -0.027887, 0.043032, 0.056240, -0.033112, 0.138183, -0.045194, -0.018556, 0.011307, -0.123187, -0.026835, -0.067111, 0.034317, -0.071438, 0.093946, 0.001753, -0.065060, 0.082632, 0.040206, -0.017760, 0.010220, 0.027608, -0.004886, 0.081366, 0.019103, 0.038224, 0.026589, -0.013288, -0.008832, -0.061833, -0.063493, 0.072902, -0.101327, 0.041690, 0.080220, 0.078636, 0.008849, -0.000000, -0.036437, -0.057260, -0.016893, 0.043001, -0.037930, 0.010699, -0.028031, -0.077046, -0.035213, 0.011690, 0.027054, 0.036393, -0.094635, 0.053073, -0.062408, -0.002896, -0.064494, 0.006624, 0.006008, 0.002183, 0.067517, 0.068421, 0.091672, -0.045031, -0.018462, -0.015076, 0.074859, 0.076212, 0.006683, -0.040502, -0.006695, 0.066197, 0.029192, -0.001182, -0.031366, 0.102608, 0.035132, 0.113711, 0.031119, 0.074566, -0.020432, -0.054517, 0.016973, -0.088683, -0.070856, 0.053313, -0.093268, 0.030303, 0.086908, -0.113892, -0.014439, -0.036697, -0.044757, 0.006730, -0.009552, 0.055886, -0.053873, 0.009439, -0.040451, -0.038560, -0.002640, -0.085619, -0.003199, 0.018275]

=== CHUNK hdfc_small_cap::15::0 ===
source_url: https://groww.in/mutual-funds/hdfc-small-cap-fund-direct-growth
scheme: HDFC Small Cap Fund - Direct Growth
category: small_cap
plan_variant: direct_growth
section: Fund house
fact_type: general
authority: page_text
is_atomic: false
char_len: 1198
source_fetched_at: 2026-09-28T13:12:29+00:00
content_hash: 0b47a4d31b80633175b44ea6a6e68bb37378b6d6123d5450270883a5da5a0825
---
Fund house
HDFC Mutual Fund
Rank (total assets)
#2 in India
Total AUM
₹9,86,236.84 Cr
Date of Incorporation
10 Dec 1999
Phone
022 – 66316333
E-mail
[email protected]
Website
http://www.hdfcfund.com
Launch Date
10 Dec 1999
Address
"HDFC House", 2nd Floor, H. T. Parekh Marg, 165-166, BackbayReclamation, Churchgate Mumbai 400020
Custodian
Citibank NA
Registrar & Transfer Agent
Cams
Email
[email protected]
Website
www.camsonline.com
Address
7th Floor, Tower II, Rayala Towers, 158, Anna Salai,
Home
>
Mutual Funds
>
HDFC Mutual Fund
>
HDFC Small Cap Fund Direct Growth
Vaishnavi Tech Park, South Tower, 3rd Floor
Sarjapur Main Road, Bellandur, Bengaluru – 560103
Karnataka
Contact Us
Download the App
GROWW
About Us
Pricing
Blog
Media & Press
Careers
Help & Support
Trust & Safety
Investor Relations
PRODUCTS
Stocks
F&O
MTF
ETF
IPO
Mutual Funds
Commodities
Groww Terminal
915 Terminal
Stock Screens
Algo Trading
Groww Charts
Groww Digest
Demat Account
Groww AMC
PMS
Bonds
Credit
© 2016-
2026
Groww. All rights reserved.
Version:
8.0.3
Share Market
Indices
F&O
Mutual Funds
ETFs
Funds By Groww
Calculators
IPO
Miscellaneous
Top Gainers Stocks
52 Weeks High Stocks
Tata Motors
NHPC
ITC
Wipro
BSE
NTPC

embedding_dim: 384
embedding: [0.042696, -0.115970, -0.118321, 0.049159, 0.072232, 0.053287, -0.025504, 0.066123, -0.065976, -0.035318, -0.037440, -0.100259, -0.044523, -0.050435, -0.009059, -0.047114, 0.042120, -0.089539, 0.058790, -0.001458, -0.040468, -0.056052, -0.001299, -0.036065, 0.084566, 0.017254, -0.062128, 0.052012, -0.061714, -0.070528, 0.048563, 0.042887, -0.000908, 0.037102, 0.053536, 0.051907, -0.049271, -0.000618, 0.035840, -0.081579, 0.031263, -0.027285, -0.004094, -0.054197, 0.086029, -0.035711, -0.026314, 0.044697, 0.045600, -0.001826, -0.003049, 0.031570, 0.042450, 0.002914, 0.004416, 0.059935, 0.018503, -0.059298, 0.077898, 0.000388, 0.007214, 0.003589, 0.035527, -0.014178, 0.065824, -0.065634, -0.021383, 0.064805, 0.057719, -0.058482, 0.015194, -0.050999, -0.074857, -0.038333, -0.033181, 0.050542, -0.001841, 0.032324, 0.046329, -0.050773, -0.039630, -0.008923, 0.105898, 0.092595, -0.070570, 0.030176, 0.094696, -0.029926, -0.014869, -0.047284, 0.101254, 0.086626, -0.025326, 0.057604, -0.014154, -0.081142, -0.042309, -0.036986, -0.060717, 0.004700, 0.034031, 0.006775, -0.028948, -0.078609, -0.041811, -0.037349, 0.020095, 0.075288, 0.074026, -0.040341, -0.051985, 0.050765, -0.091719, -0.012994, -0.040747, -0.001917, -0.033490, -0.121859, -0.011056, -0.057098, 0.010366, 0.016566, -0.061590, -0.077630, -0.036704, -0.082977, -0.053721, 0.000000, -0.019473, 0.096380, 0.011067, -0.075786, 0.005344, -0.021707, 0.009784, 0.013971, -0.039870, 0.065474, -0.007183, 0.008890, -0.045430, -0.032087, -0.047696, -0.110128, 0.036982, 0.020616, -0.010299, -0.008448, 0.015319, 0.055869, 0.034545, -0.039880, 0.070932, -0.014792, 0.019434, 0.014186, 0.031888, 0.062032, 0.026240, -0.011416, -0.042252, -0.029435, -0.059282, -0.019602, -0.014397, -0.074213, -0.116757, -0.012158, 0.014951, 0.086298, -0.032375, -0.042364, 0.005737, 0.037090, 0.122740, 0.043101, 0.041214, -0.002791, -0.148338, -0.027841, -0.058455, 0.020314, 0.064603, 0.012756, -0.004151, -0.044262, 0.057708, 0.004042, -0.036084, -0.071055, -0.138286, 0.033066, -0.081129, 0.043100, 0.040920, 0.003813, 0.039103, 0.020219, 0.031122, -0.036527, 0.085591, 0.037655, 0.020799, -0.012428, -0.069665, 0.117918, 0.017776, 0.044410, 0.029212, 0.043222, 0.061556, 0.002441, 0.097615, -0.006389, 0.052734, 0.004355, -0.049977, -0.016430, -0.040015, -0.039304, 0.079560, -0.008399, -0.035639, -0.000000, 0.026389, -0.003208, -0.022914, -0.005811, 0.008361, 0.060546, 0.037289, 0.018336, 0.086494, 0.040931, 0.063928, 0.043588, 0.001229, -0.062236, -0.060211, -0.015747, 0.020449, -0.044902, -0.023330, -0.031665, 0.043017, 0.002573, -0.065699, 0.068079, -0.008480, 0.074794, -0.003000, 0.038639, -0.027216, 0.053513, -0.012923, -0.024918, -0.101130, 0.106694, -0.044536, -0.051174, 0.065182, 0.075691, -0.019952, 0.093481, 0.011862, 0.029712, 0.032821, -0.040468, 0.022540, -0.072864, 0.000438, -0.033725, 0.064973, 0.003100, -0.029059, -0.034466, 0.034535, 0.009222, -0.051289, 0.045521, 0.087977, 0.105874, -0.075130, -0.027763, 0.059236, 0.088232, 0.026480, 0.124120, -0.003071, 0.006283, -0.017813, -0.050494, 0.024880, -0.091468, -0.016185, -0.045382, 0.057480, -0.003607, -0.022514, 0.039373, -0.007865, -0.011407, 0.037988, 0.025730, 0.110005, 0.011235, -0.013971, 0.031423, 0.003355, -0.027724, 0.032619, -0.057164, 0.026454, -0.018883, -0.024474, -0.048231, 0.014726, 0.013806, -0.006084, -0.000000, 0.017560, -0.017007, -0.007232, -0.003809, 0.001579, -0.139859, 0.026226, 0.034348, 0.000774, -0.008154, 0.047441, 0.035959, -0.058021, -0.061363, -0.027699, -0.076889, -0.059701, 0.038399, -0.002798, 0.009570, 0.063029, 0.017331, 0.058073, 0.006992, 0.021929, -0.018466, 0.007067, -0.076547, 0.025961, 0.045486, 0.016570, 0.029984, 0.011068, -0.022376, -0.010239, 0.092480, 0.065933, -0.020635, 0.034654, 0.060998, 0.004519, -0.092205, 0.015628, -0.048101, -0.013515, 0.013542, -0.072109, -0.015227, 0.061817, -0.152571, -0.014683, 0.006338, -0.009020, -0.020749, -0.016569, 0.077024, -0.064372, 0.007356, 0.001080, -0.002855, 0.073096, -0.121430, -0.008020, 0.036696]

=== CHUNK hdfc_small_cap::15::1 ===
source_url: https://groww.in/mutual-funds/hdfc-small-cap-fund-direct-growth
scheme: HDFC Small Cap Fund - Direct Growth
category: small_cap
plan_variant: direct_growth
section: Fund house
fact_type: general
authority: page_text
is_atomic: false
char_len: 1181
source_fetched_at: 2026-09-28T13:12:29+00:00
content_hash: 0b47a4d31b80633175b44ea6a6e68bb37378b6d6123d5450270883a5da5a0825
---
Fund house
Indices
F&O
Mutual Funds
ETFs
Funds By Groww
Calculators
IPO
Miscellaneous
Top Gainers Stocks
52 Weeks High Stocks
Tata Motors
NHPC
ITC
Wipro
BSE
NTPC
Top Losers Stocks
52 Weeks Low Stocks
IREDA
State Bank of India
Adani Power
CDSL
Cochin Shipyard
SJVN
Most Traded Stocks
Stocks Market Calender
Tata Steel
Tata Power
Bharat Heavy Electricals
Indian Oil Corporation
HUDCO
SAIL
Stocks Feed
Suzlon Energy
Zomato (Eternal)
Yes Bank
Infosys
NBCC
IRCTC
Share Market Live Update
FII DII Activity
IRFC
Bharat Electronics
HDFC Bank
Vedanta
Reliance Power
Jaiprakash Power Ventures
Stocks Sectors
NIFTY 50
NIFTY Midcap 100
NIFTY 100
US Tech 100
NIFTY Realty
Nikkei index
SENSEX
NIFTY Smallcap 100
NIFTY Auto
Dow Jones Futures
NIFTY PSU Bank
NIFTY FMCG
NIFTY BANK
NIFTY MIDCAP 150
KOSPI Index
Dow Jones Index
Gift Nifty
BSE BANKEX
India VIX
NIFTY Pharma
HANG SENG Index
BSE 100
FTSE 100 Index
S&P 500
NIFTY NEXT 50
NIFTY Metal
DAX Index
NIFTY Fin Service
CAC Index
Nifty Pvt Bank
NIFTY Bank Options
SBI Options
Bajaj Finance Options
Axis Bank Options
Hindustan Unilever Options
NIFTY Bank Futures
Finnifty Futures
ITC Futures
ICICI Bank Futures
Biocon Futures
Indusind Bank Futures

embedding_dim: 384
embedding: [0.035952, -0.093367, -0.039640, 0.031972, 0.065337, 0.004954, 0.069942, -0.001222, -0.047649, -0.039502, -0.059248, -0.019519, -0.012238, -0.034853, -0.016413, -0.041461, 0.045569, -0.046419, 0.023076, 0.003120, -0.000747, -0.047595, -0.007248, -0.075339, 0.011016, 0.002919, -0.051852, 0.033028, -0.095323, -0.073364, -0.080926, 0.108630, -0.022612, 0.024947, -0.050813, 0.006560, -0.006313, 0.071909, 0.095334, -0.052069, -0.054693, -0.095286, 0.005900, -0.039401, 0.054459, -0.050042, -0.057311, -0.023035, 0.068909, -0.033910, -0.073298, 0.015707, 0.031599, 0.067334, -0.031108, -0.030815, -0.086839, -0.069674, 0.039535, 0.018842, -0.016073, 0.040624, 0.025339, 0.011189, 0.046603, -0.009867, -0.076718, 0.046906, -0.015747, 0.015722, 0.015544, -0.039989, -0.094071, 0.006365, -0.022048, -0.001456, 0.011772, 0.022819, 0.034846, -0.028137, -0.042178, -0.016404, 0.061249, 0.021491, -0.081608, 0.015306, 0.022951, -0.002255, -0.043190, -0.018134, 0.041371, 0.056331, 0.025187, 0.009956, 0.029964, -0.022207, -0.068923, -0.013536, -0.084805, -0.004047, 0.040345, 0.044038, -0.016366, -0.025002, -0.131181, -0.026895, 0.030974, 0.028721, 0.062781, -0.029485, -0.039187, 0.073674, -0.072785, -0.082075, -0.144916, -0.033899, -0.093175, 0.006088, 0.058950, 0.051696, -0.000457, 0.075767, -0.065239, 0.015844, -0.010523, 0.081140, -0.027091, 0.000000, -0.078535, 0.054370, 0.074361, -0.049320, -0.071578, -0.039963, 0.045414, -0.051325, -0.097332, 0.028589, -0.022770, 0.087451, -0.043305, -0.016206, 0.059390, -0.136392, 0.011915, -0.012877, -0.010537, -0.074642, 0.069354, 0.049689, 0.066592, -0.046543, 0.062923, -0.096354, -0.026061, -0.022908, -0.032832, 0.061734, -0.005007, -0.024295, -0.049473, -0.060780, -0.069782, -0.043218, 0.046593, -0.008692, -0.037112, -0.065406, -0.015461, 0.034314, -0.008822, -0.014300, -0.043534, 0.086792, 0.039527, 0.052438, -0.009579, 0.007220, -0.086682, -0.039023, -0.041782, 0.055289, 0.013383, 0.062887, 0.015642, -0.022748, 0.035500, 0.012655, -0.079101, -0.001644, -0.050058, -0.059420, -0.048858, 0.056501, 0.070410, 0.004283, -0.029876, 0.117276, 0.009309, -0.051834, 0.059339, 0.030703, 0.105799, 0.037583, -0.034984, -0.020193, 0.042518, -0.006349, 0.010874, -0.046035, -0.010193, -0.018335, 0.125318, -0.003959, 0.049494, -0.038046, -0.025003, -0.010426, -0.055520, -0.023899, 0.066063, -0.074007, -0.117811, -0.000000, -0.006220, -0.005572, 0.020021, 0.071372, 0.030625, -0.049760, 0.043022, -0.023160, 0.071723, 0.041145, 0.034293, 0.034566, -0.020138, -0.016071, -0.051066, -0.032713, 0.012387, 0.019380, -0.009131, 0.005486, -0.022592, -0.004115, -0.014299, 0.058678, -0.000614, 0.039636, -0.036395, 0.077668, -0.010899, 0.017856, -0.026685, -0.056591, -0.014179, 0.100789, -0.032111, 0.007377, 0.024456, -0.030736, -0.017263, 0.037950, -0.029283, -0.001743, -0.007622, 0.007281, -0.035173, -0.105329, -0.090691, 0.000723, 0.002937, -0.011632, -0.012980, 0.064308, -0.051400, 0.003117, -0.046526, 0.033650, 0.018764, 0.022679, -0.097957, -0.021127, 0.033965, 0.065916, 0.030684, 0.104259, 0.091352, -0.084119, -0.073967, 0.006822, -0.062127, -0.071037, 0.036190, -0.022858, -0.070431, -0.011075, 0.001912, 0.047010, 0.065204, -0.036254, 0.050395, 0.028419, 0.053435, 0.003714, -0.037561, 0.041566, -0.004334, 0.057018, 0.026611, -0.016934, 0.080659, 0.027605, 0.026880, -0.088096, 0.037823, 0.025242, -0.007077, -0.000000, -0.022945, -0.031500, 0.019364, 0.041561, 0.031562, -0.042706, 0.000385, 0.013572, 0.001655, -0.023081, 0.114665, 0.016829, -0.074933, -0.022181, 0.007188, -0.096653, -0.040550, 0.087741, -0.026052, -0.069342, 0.055260, 0.041118, 0.009818, 0.063863, 0.029308, -0.060921, -0.017285, -0.136600, 0.011606, 0.078306, -0.024677, -0.066745, 0.023141, -0.070395, 0.049606, 0.083030, -0.004372, -0.014679, -0.017014, 0.044683, -0.050823, -0.052651, 0.028072, -0.031215, -0.063279, -0.021971, -0.066149, -0.001628, 0.076390, -0.140561, 0.005709, -0.029265, -0.012348, -0.004309, -0.010609, 0.052272, -0.128743, 0.080347, -0.011484, -0.060770, 0.118636, -0.028008, 0.040298, 0.044013]

=== CHUNK hdfc_small_cap::15::2 ===
source_url: https://groww.in/mutual-funds/hdfc-small-cap-fund-direct-growth
scheme: HDFC Small Cap Fund - Direct Growth
category: small_cap
plan_variant: direct_growth
section: Fund house
fact_type: general
authority: page_text
is_atomic: false
char_len: 1192
source_fetched_at: 2026-09-28T13:12:29+00:00
content_hash: 0b47a4d31b80633175b44ea6a6e68bb37378b6d6123d5450270883a5da5a0825
---
Fund house
Axis Bank Options
Hindustan Unilever Options
NIFTY Bank Futures
Finnifty Futures
ITC Futures
ICICI Bank Futures
Biocon Futures
Indusind Bank Futures
Crude Oil Mini Future Price
Gold Petal Future Price
Silver Micro Future Price
Nickel Future Price
Natural Gas Mini MCX Option Chain
Copper MCX Option Chain
NIFTY 50 Options
HDFC Bank Options
Wipro Options
DLF Options
REC Options
Yes Bank Futures
Zomato Futures
Ashok Leyland Futures
HDFC Bank Futures
UPL Futures
Adani Enterprises Futures
Gold Future Price
Natural Gas Future Price
Zinc Future Price
Gold MCX Option Chain
Gold Mini MCX Option Chain
Commodities Expiry Calendar
Bse Sensex Options
Tata Steel Options
NTPC Options
Bajaj Auto Options
Indusind Bank Options
Tata Motors Futures
Infosys Futures
Asian Paints Futures
Lupin Futures
Cipla Futures
IDFC First Bank Futures
Gold Mini Future Price
Natural Gas Mini Future Price
Copper Future Price
Crude Oil MCX Option Chain
Silver MCX Option Chain
Finnifty Options
Infosys Options
Asian Paints Options
Coal India Options
Ashok Leyland Options
Tata Steel Futures
BSE Sensex Futures
Wipro Futures
DLF Futures
Bajaj Finance Futures
Piramal Enterprises Futures
Gold Ten Future Price

embedding_dim: 384
embedding: [0.023471, -0.105941, -0.031476, 0.046155, 0.008699, 0.012374, -0.030316, -0.021280, -0.022854, -0.020882, -0.074312, -0.017855, -0.103583, 0.002778, 0.029570, -0.018237, 0.029709, -0.005750, -0.020958, -0.011551, -0.000653, -0.042541, -0.038089, -0.042206, -0.009957, -0.005014, -0.023733, 0.030007, -0.128984, -0.061925, -0.006169, 0.099892, -0.040090, 0.012105, 0.010109, 0.013123, -0.075798, 0.104625, 0.120049, -0.071136, -0.081150, -0.059550, 0.031803, -0.047057, 0.046011, -0.042180, -0.037000, -0.090802, 0.065994, -0.018783, 0.008369, 0.003997, 0.044071, -0.038202, 0.004744, -0.000634, -0.100814, -0.060566, 0.046405, -0.075949, -0.059851, 0.040376, -0.000553, -0.006334, -0.050489, -0.026229, -0.050898, 0.115470, -0.015193, -0.027417, 0.007804, -0.029128, -0.080287, -0.014776, -0.032642, 0.042335, 0.079088, -0.010863, 0.026655, -0.046344, -0.022325, -0.015397, 0.040520, -0.041791, -0.102691, 0.032006, 0.090011, 0.037061, 0.033185, -0.036147, 0.014150, 0.002661, 0.023942, 0.042228, 0.025091, -0.024767, -0.035925, -0.018301, -0.026390, -0.024598, 0.078529, 0.017818, -0.000336, 0.003527, -0.092638, -0.089983, 0.048321, 0.032640, 0.039551, -0.059688, -0.043601, 0.061181, -0.035453, -0.112067, -0.113728, -0.036923, -0.072642, -0.061951, 0.049989, 0.060193, -0.012610, 0.060803, -0.036589, 0.029896, -0.030817, 0.057106, 0.008634, 0.000000, -0.074451, 0.016917, 0.050580, -0.086183, -0.005852, -0.047139, 0.010305, -0.063170, -0.050872, 0.046006, 0.040728, 0.019195, -0.068942, 0.028549, -0.055671, -0.091316, 0.020510, -0.087840, 0.012321, -0.023686, -0.031110, 0.083933, 0.042094, -0.046864, 0.019281, -0.052348, 0.025367, -0.054840, -0.024419, 0.058939, -0.004806, -0.026502, -0.058486, -0.051619, -0.008626, 0.057096, 0.010663, -0.023252, -0.063575, -0.054649, -0.003070, 0.010981, -0.075973, -0.007717, -0.029594, 0.010050, 0.093793, 0.024021, -0.035120, -0.022487, -0.113261, 0.023084, -0.092269, 0.022136, 0.026245, -0.029884, 0.031549, -0.043670, 0.041000, 0.019566, -0.110870, -0.005953, -0.101551, 0.011425, -0.041658, 0.050989, 0.048213, -0.052937, -0.050307, 0.092172, 0.041783, -0.057875, 0.073588, -0.014731, 0.067149, 0.019536, -0.000099, -0.003238, 0.050791, -0.029387, -0.020476, -0.031807, -0.013512, 0.061564, 0.165337, 0.022411, -0.009140, -0.007974, 0.012327, -0.025764, -0.058569, -0.060814, 0.050444, -0.045587, -0.051821, -0.000000, 0.034134, 0.047521, 0.027192, 0.055682, 0.032403, 0.003792, 0.023747, -0.046968, 0.114688, 0.074696, -0.053092, 0.039421, 0.008807, -0.029519, -0.057995, -0.079906, -0.037748, 0.007355, 0.012247, 0.002632, -0.037038, -0.000923, -0.075822, 0.061620, -0.052380, 0.044834, -0.017623, 0.066749, -0.013882, -0.046250, -0.057448, -0.066756, -0.031726, 0.050462, -0.038015, -0.023734, 0.100131, 0.040428, -0.049678, 0.063660, -0.042753, -0.046365, -0.010269, -0.025443, -0.040463, -0.104938, -0.096767, -0.029435, 0.095516, 0.023875, -0.070294, 0.089358, -0.069992, -0.022695, 0.011353, -0.013821, 0.035641, 0.009946, -0.023623, 0.023329, -0.009540, 0.047797, 0.100935, 0.039640, 0.119863, -0.083664, -0.126420, -0.030518, -0.027095, 0.008369, -0.019276, -0.018289, -0.054878, -0.014750, 0.058277, 0.004765, 0.027857, -0.034681, 0.109262, 0.043923, 0.080709, -0.034940, -0.023062, 0.068006, 0.025878, -0.022110, -0.022173, 0.030456, 0.045918, 0.022081, 0.017690, -0.116324, 0.060472, 0.030144, -0.043428, -0.000000, -0.027494, 0.006243, 0.002366, 0.066481, -0.001644, -0.002983, 0.037728, 0.029390, 0.022014, 0.030139, 0.110168, 0.027438, -0.049915, -0.040615, -0.023977, -0.015843, -0.062805, 0.014805, 0.003694, -0.057351, 0.037449, 0.010693, -0.004457, 0.029081, 0.005123, -0.048389, 0.024658, -0.007134, -0.004616, 0.033153, -0.037678, -0.073511, 0.054845, -0.056002, 0.081098, 0.043664, -0.029779, 0.016944, 0.012929, 0.031177, -0.048714, -0.060920, -0.000022, -0.028024, -0.027823, -0.016155, -0.082961, -0.035689, 0.025919, -0.118582, 0.005695, -0.009161, 0.022000, 0.000229, -0.000324, 0.096266, -0.101543, -0.001632, 0.007929, -0.031747, 0.071656, -0.092351, -0.054855, 0.008987]

=== CHUNK hdfc_small_cap::15::3 ===
source_url: https://groww.in/mutual-funds/hdfc-small-cap-fund-direct-growth
scheme: HDFC Small Cap Fund - Direct Growth
category: small_cap
plan_variant: direct_growth
section: Fund house
fact_type: general
authority: page_text
is_atomic: false
char_len: 1196
source_fetched_at: 2026-09-28T13:12:29+00:00
content_hash: 0b47a4d31b80633175b44ea6a6e68bb37378b6d6123d5450270883a5da5a0825
---
Fund house
Tata Steel Futures
BSE Sensex Futures
Wipro Futures
DLF Futures
Bajaj Finance Futures
Piramal Enterprises Futures
Gold Ten Future Price
Silver Future Price
Aluminium Future Price
Crude Oil Mini MCX Option Chain
Silver Mini MCX Option Chain
Tata Motors Options
ITC Options
ICICI Bank Options
Adani Enterprises Options
NIFTY 50 Futures
Coal India Futures
Axis Bank Futures
Vedanta Futures
Reliance Industries Futures
Hindustan Copper Futures
Crude Oil Future Price
Gold Guinea Future Price
Silver Mini Future Price
Electricity Future Price
Natural Gas MCX Option Chain
Zinc MCX Option Chain
MF Screener
Debt Mutual Funds
Best Multicap Mutual funds
Best Contra Mutual funds
Best Conservative Hybrid Mutual funds
SBI Contra Fund
Nippon India Nifty 500 Momentum 50 Index Fund
HDFC Balanced Advantage Fund
Quant Mid Cap Fund
Bank of India Small Cap Fund
Quant Multi Asset Fund
Nippon India
TATA
Bandhan
Edelweiss
HSBC
Union
Quantum
Shriram
Compare Mutual Funds
Best Debt Mutual funds
Best Large Cap Mutual funds
Best Value Oriented Mutual funds
Parag Parikh Flexi Cap Fund
HDFC Mid Cap Opportunities Fund
Motilal Oswal Nifty India Defence Index Fund
ICICI Prudential India Opportunities Fund

embedding_dim: 384
embedding: [0.030749, -0.077317, -0.008076, 0.034817, 0.032393, 0.010673, 0.004489, 0.008971, -0.002970, -0.024446, -0.104115, -0.053158, -0.054713, -0.007620, 0.009459, -0.036336, 0.023116, -0.033927, 0.027993, 0.006244, -0.010844, -0.042408, -0.003333, -0.060092, -0.000721, 0.022992, -0.022335, 0.001398, -0.111829, -0.039863, -0.016678, 0.087085, -0.035783, -0.003371, -0.043653, 0.022967, -0.058379, 0.086201, 0.098812, -0.045361, -0.103424, -0.032927, 0.045361, -0.064217, 0.042535, -0.056281, -0.028252, -0.054473, 0.072425, -0.028303, -0.048921, -0.016513, 0.014627, -0.008804, -0.011639, -0.007431, -0.120731, -0.063918, 0.031912, -0.052732, -0.056464, -0.003014, 0.017716, 0.008605, -0.003169, -0.016144, -0.044458, 0.104972, -0.001481, -0.030585, 0.013695, -0.003956, -0.093030, 0.000003, -0.024847, 0.038563, 0.076692, 0.025539, 0.032481, -0.043687, -0.032515, 0.010520, 0.055258, -0.012916, -0.080441, 0.033363, 0.060645, 0.070293, 0.039959, -0.005776, 0.027221, 0.024431, -0.004788, 0.058357, 0.039031, -0.008210, -0.054268, -0.081766, -0.069920, -0.018178, 0.099733, 0.000039, -0.010065, -0.005562, -0.074867, -0.075905, 0.055576, -0.015509, 0.040581, -0.030778, -0.029216, 0.085253, -0.068808, -0.103061, -0.110033, -0.029209, -0.083948, -0.045403, 0.062825, 0.062743, -0.017996, 0.056231, -0.037319, 0.008115, -0.003980, 0.057005, -0.021235, 0.000000, -0.072072, 0.023929, 0.038942, -0.011028, -0.064480, -0.016561, 0.069362, -0.073707, -0.073152, -0.005040, 0.015947, 0.045969, -0.082148, 0.015493, -0.006746, -0.103106, 0.021034, -0.026502, 0.001699, -0.025586, 0.018995, 0.103333, 0.082227, -0.077881, 0.056487, -0.090250, 0.049335, -0.056676, -0.050125, 0.048537, -0.006559, -0.036274, -0.046346, -0.098362, -0.007894, 0.049986, -0.025260, -0.023719, -0.080391, -0.063861, 0.005215, 0.021524, -0.049584, -0.007210, -0.026129, -0.016023, 0.065890, 0.047011, -0.044814, -0.045830, -0.104768, -0.019281, -0.063859, -0.009476, 0.014661, 0.018959, 0.008951, -0.022041, -0.011956, 0.032999, -0.080706, -0.062495, -0.118537, 0.021741, -0.042550, 0.077785, 0.040970, -0.010668, -0.007439, 0.087123, 0.021020, -0.055868, 0.096322, 0.035502, 0.043414, 0.020367, 0.021760, 0.046896, 0.043227, 0.002475, 0.005570, -0.002005, -0.029229, 0.035010, 0.116458, 0.013845, 0.043043, -0.007025, 0.014328, 0.020566, -0.032293, -0.048219, 0.044181, -0.016705, -0.049663, -0.000000, 0.017424, 0.040326, 0.068711, 0.055542, 0.038051, -0.029720, 0.034527, -0.019727, 0.092185, 0.045865, -0.016443, 0.023148, -0.014443, -0.021162, -0.079511, -0.075306, -0.019966, -0.020337, 0.027684, -0.040200, -0.064468, 0.008915, -0.051038, 0.025253, -0.039020, 0.043517, -0.044783, 0.063558, -0.078566, -0.013805, -0.030409, -0.029168, -0.023510, 0.075743, -0.012731, -0.046072, 0.039366, -0.013366, -0.000888, 0.073515, -0.028160, 0.005912, 0.027220, -0.039820, -0.008755, -0.126649, -0.085589, -0.029049, 0.087704, 0.007271, -0.065178, 0.027011, -0.073853, -0.017126, 0.015274, -0.036137, -0.005808, 0.029200, 0.020561, 0.002295, 0.028063, 0.067513, 0.039866, 0.087807, 0.055625, -0.049140, -0.129269, -0.040552, -0.067451, 0.018623, -0.047451, 0.012842, -0.006275, 0.001375, 0.043708, 0.025760, 0.023309, -0.016193, 0.080552, 0.044190, 0.097393, -0.001876, -0.069958, 0.080266, 0.027836, 0.049457, -0.004817, -0.012871, 0.062545, -0.005002, 0.011287, -0.092961, 0.076288, 0.036868, -0.032031, -0.000000, -0.035887, -0.034836, -0.015718, 0.068261, -0.033966, -0.012065, -0.005307, -0.043728, 0.050886, -0.024397, 0.117064, 0.034906, -0.055879, -0.072155, -0.042964, -0.065880, -0.098095, 0.044964, 0.003309, -0.063574, 0.048033, 0.032986, 0.010353, 0.051147, 0.045505, -0.049477, 0.006539, -0.032445, -0.006531, 0.099684, -0.016770, -0.086374, 0.053885, -0.101734, 0.056266, 0.096583, -0.006750, 0.031457, 0.034100, 0.075593, -0.022567, -0.056854, 0.025297, -0.045435, -0.033937, -0.049802, -0.104067, 0.019147, 0.014695, -0.150322, 0.011481, -0.007345, 0.012581, 0.035884, -0.014293, 0.095818, -0.087611, 0.024557, -0.033701, -0.052511, 0.057175, -0.100659, -0.016833, 0.062689]

=== CHUNK hdfc_small_cap::15::4 ===
source_url: https://groww.in/mutual-funds/hdfc-small-cap-fund-direct-growth
scheme: HDFC Small Cap Fund - Direct Growth
category: small_cap
plan_variant: direct_growth
section: Fund house
fact_type: general
authority: page_text
is_atomic: false
char_len: 1199
source_fetched_at: 2026-09-28T13:12:29+00:00
content_hash: 0b47a4d31b80633175b44ea6a6e68bb37378b6d6123d5450270883a5da5a0825
---
Fund house
Parag Parikh Flexi Cap Fund
HDFC Mid Cap Opportunities Fund
Motilal Oswal Nifty India Defence Index Fund
ICICI Prudential India Opportunities Fund
Kotak Small Cap Fund
Canara Robeco Bluechip Equity Fund
GrowwMF
Motilal Oswal
Aditya Birla
Axis
Bank of India
Bajaj Finserv
Helios
ITI
Trust
MF Knowledge Centre
Best Equity Mutual funds
Best Small Cap Mutual funds
Best Arbitrage Mutual funds
Motilal Oswal Midcap Fund
SBI Small Cap Fund
HDFC Small Cap Fund
Kotak Multicap Fund
ICICI Prudential Infrastructure Fund
Bandhan Nifty Alpha 50 Index Fund
SBI
Quant
Mirae Asset
DSP
Baroda BNP Paribas
Mahindra Manulife
Sundaram
Samco
Taurus
Mutual Fund Houses
Best Hybrid Mutual funds
Best ELSS Mutual funds
Best Dividend Yield Mutual funds
Nippon India Small Cap Fund
HDFC Flexi Cap Fund
Tata Small Cap Fund
Tata Ethical Fund
Mirae Asset ELSS Tax Saver Fund
Quant Infrastructure Fund
HDFC
PPFAS
UTI
Kotak Mahindra
Zerodha
Invesco
Navi
PGIM
Mutual Funds Categories
Best MidCap Mutual funds
Best Sectoral Mutual funds
Best Aggressive Hybrid Mutual funds
Quant Small Cap Fund
SBI Magnum Children's Benefit Fund
UTI Nifty 50 Index Fund
JM Flexicap Fund
HSBC Small Cap Fund
Franklin India Multi Cap Fund

embedding_dim: 384
embedding: [0.098578, -0.088360, -0.055595, 0.013018, 0.086361, 0.002088, 0.048250, 0.031050, 0.023756, 0.023962, -0.020849, -0.065524, -0.050222, -0.000925, 0.018088, -0.066438, 0.004660, -0.046436, 0.055964, 0.016575, -0.005667, -0.096651, 0.002170, -0.071416, 0.021746, -0.001683, -0.004666, 0.018978, -0.084518, -0.090604, -0.006798, 0.058049, 0.043080, -0.035065, -0.027358, 0.071883, -0.013084, 0.082551, 0.083157, -0.009914, -0.117285, -0.041484, 0.034822, -0.072675, 0.038935, -0.036144, -0.029869, 0.022196, 0.046738, 0.002401, -0.054805, 0.035382, -0.003844, -0.012487, -0.048141, 0.013800, -0.136880, -0.037443, -0.004706, 0.019457, -0.057590, 0.038832, 0.049242, 0.020686, 0.021844, 0.002762, -0.055627, 0.066317, 0.009586, 0.028158, 0.037085, -0.051930, -0.111246, -0.022307, -0.030677, 0.009534, 0.006515, 0.039258, 0.023193, -0.003586, -0.057733, -0.008604, 0.067559, 0.025076, -0.068200, 0.005736, 0.007987, 0.013400, -0.002974, 0.009650, 0.032094, 0.091980, 0.007041, 0.049469, 0.054212, -0.032009, -0.059131, -0.094053, -0.063649, 0.009217, 0.045238, -0.020560, 0.014702, -0.050072, -0.025934, -0.053993, 0.073809, -0.009460, 0.057854, -0.007591, -0.026228, 0.084630, -0.087463, -0.063040, -0.071700, -0.022491, -0.065526, -0.032259, 0.061309, 0.037825, -0.030919, 0.057288, -0.014226, -0.043994, 0.009714, 0.065216, -0.050202, 0.000000, -0.083365, 0.072884, 0.031834, -0.010387, -0.138225, -0.017802, 0.081867, -0.065375, -0.119108, -0.000240, 0.050899, 0.041414, -0.037962, -0.017942, 0.046767, -0.090865, 0.047774, 0.042006, -0.043914, -0.047700, 0.015453, 0.086736, 0.100415, -0.072662, 0.093501, -0.079425, 0.021556, -0.010379, 0.021507, 0.043355, 0.030417, -0.010126, -0.048826, -0.077652, -0.031967, 0.004775, -0.061473, -0.062170, -0.110174, -0.041023, 0.010297, 0.024113, -0.002382, -0.031762, -0.032684, 0.050600, 0.036203, 0.082096, -0.015194, -0.047692, -0.073211, -0.022268, -0.070148, -0.000441, 0.006140, 0.045197, -0.051401, 0.032179, -0.031261, 0.031802, -0.066772, -0.087337, -0.075784, -0.007575, -0.019658, 0.069955, 0.064805, -0.017643, 0.015092, 0.041911, -0.011174, -0.033039, 0.028219, 0.079296, 0.040099, -0.002756, -0.002127, 0.095662, 0.036120, 0.034684, 0.018697, 0.017794, -0.006186, -0.006747, 0.067715, 0.018147, 0.079694, 0.008996, -0.017087, 0.017562, 0.001447, -0.021716, 0.022862, -0.058080, -0.043787, -0.000000, 0.006428, -0.024690, 0.052813, 0.064868, 0.002340, 0.005716, 0.024283, -0.028356, 0.063005, 0.005614, -0.021431, 0.023221, -0.044191, -0.042785, -0.128787, -0.047170, 0.025505, -0.054010, 0.053130, -0.001658, -0.015733, 0.008908, 0.024630, 0.016346, 0.019505, 0.009161, -0.079142, 0.039023, -0.068685, 0.020723, -0.010924, -0.022963, -0.038367, 0.064930, -0.002935, -0.057084, -0.011596, -0.022536, -0.004217, 0.085228, -0.022439, -0.005190, 0.049016, -0.074760, -0.016244, -0.136205, -0.055594, 0.004979, 0.009338, -0.021477, -0.080002, -0.020106, -0.034588, -0.062408, -0.014822, 0.000521, -0.013136, 0.028284, -0.048939, -0.028638, 0.003458, 0.072146, -0.030709, 0.146666, 0.049743, -0.062221, -0.070042, -0.080973, -0.095022, -0.064842, -0.030059, -0.040444, 0.033737, 0.050239, 0.043823, 0.054774, 0.011681, -0.012566, 0.061094, -0.011131, 0.053425, -0.010379, -0.063820, 0.061687, 0.042200, 0.052513, 0.018187, -0.073034, 0.067167, 0.001591, 0.032809, -0.050467, 0.083896, 0.074854, -0.000720, -0.000000, 0.015945, -0.033212, -0.005250, 0.030408, -0.008805, -0.025245, -0.044282, -0.054013, 0.011469, -0.017684, 0.050410, 0.072896, -0.045905, -0.081476, -0.059213, -0.059804, -0.045300, 0.036068, 0.006143, -0.029464, 0.032016, 0.029991, 0.001459, 0.058277, 0.063297, -0.027175, -0.015557, -0.091800, -0.002534, 0.088354, 0.041520, -0.069607, 0.028136, -0.100916, 0.048427, 0.128548, 0.006889, 0.024659, 0.029326, 0.115936, 0.019281, -0.064494, 0.046061, -0.088079, -0.052715, -0.002789, -0.103340, 0.006303, 0.034070, -0.142625, -0.034390, -0.007816, -0.012136, 0.017828, -0.011802, 0.095365, -0.013175, 0.049561, -0.008646, -0.033123, 0.058959, -0.058656, -0.006100, 0.058628]

=== CHUNK hdfc_small_cap::15::5 ===
source_url: https://groww.in/mutual-funds/hdfc-small-cap-fund-direct-growth
scheme: HDFC Small Cap Fund - Direct Growth
category: small_cap
plan_variant: direct_growth
section: Fund house
fact_type: general
authority: page_text
is_atomic: false
char_len: 1195
source_fetched_at: 2026-09-28T13:12:29+00:00
content_hash: 0b47a4d31b80633175b44ea6a6e68bb37378b6d6123d5450270883a5da5a0825
---
Fund house
Quant Small Cap Fund
SBI Magnum Children's Benefit Fund
UTI Nifty 50 Index Fund
JM Flexicap Fund
HSBC Small Cap Fund
Franklin India Multi Cap Fund
ICICI Prudential
LIC
Canara Robeco
Whiteoak
Franklin Templeton
NJ
JM
360 One
International
Silver
Midcap
Liquid
Debt
Index
Bank Nifty
Nifty IT
Equity
Nifty 50
Nifty Metal
Nifty Auto
Commodity
Nifty Next 50
Healthcare
Groww
Gold
Sensex
Defence
Groww Arbitrage Fund
Groww ELSS Tax Saver Fund
Groww Banking & Financial Services Fund
Groww Gold ETF FOF
Groww Gold ETF
Groww Short Duration Fund
Groww Aggressive Hybrid Fund
Groww Nifty Smallcap 250 Index Fund
Groww Multicap Fund
Groww Nifty India Defence ETF
Groww Liquid Fund
Groww Dynamic Bond Fund
Groww Nifty Non Cyclical Consumer Index Fund
Groww Nifty India Railways PSU Index Fund
Groww Nifty India Railways ETF
Groww Large Cap Fund
Groww Overnight Fund
Groww Nifty EV & New Age Automotive ETF FoF
Groww Nifty 200 ETF FoF
Groww Value Fund
Groww Nifty Total Market Index Fund
Groww Nifty India Defence ETF FoF
Groww Silver ETF
SIP Calculator
Brokerage Calculator
RD Calculator
HRA Calculator
Home Loan EMI Calculator
Lumpsum Calculator
Margin Calculator
FD Calculator
Salary Calculator

embedding_dim: 384
embedding: [0.051713, -0.077529, -0.036914, 0.041034, 0.131220, 0.004552, 0.081761, 0.025447, -0.024852, -0.011812, -0.049803, -0.057360, -0.039325, -0.022175, -0.047777, -0.039185, -0.031570, -0.006632, -0.071172, 0.027989, 0.015842, -0.039558, -0.029020, -0.028575, -0.014274, 0.067523, -0.046104, -0.000997, -0.082138, -0.088286, -0.025209, 0.060597, 0.068577, 0.000753, -0.008034, 0.059298, 0.011269, 0.131394, 0.043571, -0.060007, -0.059315, -0.096793, 0.030397, -0.032350, 0.047133, -0.042225, -0.049961, -0.031632, 0.060631, 0.023707, -0.042741, 0.027166, 0.028700, 0.040166, -0.022396, 0.046752, -0.134846, -0.110163, -0.012674, 0.015724, -0.054534, 0.047199, 0.006744, 0.048110, 0.033852, 0.037261, -0.042702, 0.022410, -0.067931, 0.001466, 0.043823, -0.035056, -0.116459, 0.027664, 0.007369, 0.056305, 0.023471, 0.001816, 0.049215, -0.010824, -0.051903, -0.006833, 0.064479, -0.001883, -0.087477, -0.027117, 0.056923, -0.050784, -0.000983, -0.045350, 0.032469, 0.068727, 0.037219, 0.053213, 0.010709, -0.053151, -0.045175, -0.071344, -0.084623, 0.050143, 0.037154, 0.023862, 0.020602, -0.036373, -0.105334, -0.077185, 0.016566, 0.033370, 0.033646, -0.036627, -0.002061, 0.086243, -0.062789, -0.055819, -0.050716, -0.026963, -0.092116, -0.042123, 0.065998, 0.030066, -0.000803, 0.073932, -0.074357, 0.021732, -0.053191, 0.044272, -0.045486, 0.000000, -0.100245, 0.031247, 0.074254, -0.027311, -0.090000, -0.022471, 0.051189, -0.029470, -0.118176, 0.021947, 0.055227, 0.106268, -0.005775, -0.025969, 0.023418, -0.111165, -0.035642, 0.032864, -0.016082, 0.006475, 0.008132, 0.083251, 0.069496, -0.057473, 0.028048, -0.074806, -0.026300, -0.029558, 0.028208, 0.056531, -0.024708, 0.022985, -0.023871, -0.082201, -0.069671, 0.011064, 0.001392, -0.046876, -0.054173, -0.039009, -0.009004, 0.022722, 0.031838, -0.005929, -0.063075, 0.060026, 0.087368, 0.041513, -0.088068, 0.015116, -0.042390, -0.013717, -0.061580, 0.016116, -0.002337, 0.047265, -0.039947, 0.036517, 0.019430, -0.038522, -0.047903, -0.007423, -0.086412, -0.001757, -0.037951, 0.101900, 0.009578, -0.011909, 0.045741, 0.094653, 0.017883, -0.020313, 0.039763, 0.075661, 0.068232, 0.013341, 0.016330, 0.031234, 0.047191, -0.021359, -0.015992, 0.008165, -0.024840, 0.001134, 0.109416, -0.005060, 0.044985, -0.006064, 0.003344, -0.048033, -0.042785, -0.068043, 0.053801, -0.090792, -0.122692, -0.000000, 0.023951, -0.046588, 0.042301, 0.080274, 0.019553, -0.041308, 0.002683, -0.038661, 0.069632, 0.043720, 0.032373, 0.013656, -0.055238, -0.004786, -0.050071, -0.061371, 0.056933, 0.004831, 0.000626, -0.006531, -0.013644, 0.059429, -0.049607, 0.066268, -0.021830, 0.036499, -0.044028, 0.055417, -0.037899, -0.013156, -0.056564, -0.014994, -0.020429, 0.038090, -0.032093, -0.000395, -0.015777, -0.037318, -0.017012, 0.056631, -0.046754, -0.031159, 0.008339, -0.012086, -0.022624, -0.142300, -0.048756, 0.006706, 0.036093, 0.060683, -0.054960, 0.040608, -0.048657, -0.020088, -0.040297, 0.007332, 0.088402, -0.038088, -0.052813, -0.014936, -0.026110, 0.082197, -0.006522, 0.047153, 0.112675, -0.122879, -0.110765, -0.067003, -0.105219, -0.018895, -0.010911, -0.058398, -0.010507, 0.003820, 0.036216, 0.018490, 0.062640, -0.003451, 0.038380, 0.002866, 0.009404, -0.025239, 0.001899, 0.060752, -0.020213, 0.019515, 0.034982, -0.042699, 0.038129, 0.031493, 0.019332, -0.074735, 0.031401, 0.020718, -0.016691, -0.000000, -0.016995, 0.028686, -0.022215, 0.074151, 0.024850, -0.019818, -0.012658, -0.036619, -0.005879, -0.029867, 0.097285, 0.083151, -0.060915, -0.045283, -0.016647, -0.074451, -0.044236, 0.043578, -0.040212, -0.034256, 0.031890, 0.035899, 0.008941, 0.050667, 0.009952, -0.089906, 0.049084, -0.035875, -0.016630, 0.034547, -0.005128, -0.047217, -0.001298, -0.070312, 0.062172, 0.085104, -0.020891, 0.010635, 0.009411, 0.063399, -0.054127, -0.023361, 0.004259, -0.014558, -0.053429, -0.007451, -0.129781, 0.031974, 0.070809, -0.147208, -0.035894, -0.007416, -0.000823, -0.016423, -0.006826, 0.079119, -0.049686, 0.079619, -0.033668, -0.004558, 0.110696, -0.073087, 0.001654, 0.040685]

=== CHUNK hdfc_small_cap::15::6 ===
source_url: https://groww.in/mutual-funds/hdfc-small-cap-fund-direct-growth
scheme: HDFC Small Cap Fund - Direct Growth
category: small_cap
plan_variant: direct_growth
section: Fund house
fact_type: general
authority: page_text
is_atomic: false
char_len: 1200
source_fetched_at: 2026-09-28T13:12:29+00:00
content_hash: 0b47a4d31b80633175b44ea6a6e68bb37378b6d6123d5450270883a5da5a0825
---
Fund house
Brokerage Calculator
RD Calculator
HRA Calculator
Home Loan EMI Calculator
Lumpsum Calculator
Margin Calculator
FD Calculator
Salary Calculator
ROI Calculator
SWP Calculator
Stock Average Calculator
EPF Calculator
TDS Calculator
MF Calculator
SSY Calculator
Income Tax Calculator
EMI Calculator
Step-Up SIP Calculator
PPF Calculator
GST Calculator
Car Loan EMI Calculator
What is IPO?
How to Apply for an IPO
Open IPOs
What is Grey Market Premium?
Upcoming IPOs
Mainboard IPOs
Closed IPOs
SME IPOs
IPO Subscription Status
IPO Allotment Status
NFO
Pricing
Trust & Safety
Groww Digest
Intraday
Blog
Investor Relations
Invest in Gold
Corporate Bonds
Media & Press
Gold Rates
Invest in Silver
HUF Demat Account
Careers
Silver Rates
Sitemap
About Us
Help & Support
Glossary
NRI Demat Account
Show More
Others:
NSE
BSE
MCX
Terms and Conditions
Policies and Procedures
Regulatory & Other Info
Privacy Policy
Disclosure
SMART ODR
Download Forms
Information Security Practices
Investor Charter and Grievance
Bug Bounty
Groww Pay - Terms of use
Groww Pay - Privacy policy
Groww IFSC
Mutual Funds
:
A
B
C
D
E
F
G
H
I
J
K
L
M
N
O
P
Q
R
S
T
U
V
W
X
Y
Z
Others
Stocks
:
A
B
C
D
E
F
G
H
I
J
K
L
M
N
O
P
Q

embedding_dim: 384
embedding: [0.052271, -0.093321, 0.046854, -0.002182, 0.036956, 0.006682, 0.016271, 0.036888, -0.029742, 0.023828, -0.012199, -0.027457, -0.091483, -0.043229, 0.028552, -0.037473, 0.024915, -0.035280, -0.065816, -0.047654, 0.030477, -0.026378, -0.103236, -0.065053, 0.032791, -0.074037, 0.041367, 0.045034, -0.053526, -0.002249, -0.085346, 0.036701, 0.115045, 0.022695, -0.044231, -0.065798, 0.038320, 0.007124, -0.017116, -0.026044, 0.035134, -0.136763, -0.004916, -0.028270, 0.009156, 0.016204, -0.007806, 0.033921, 0.105212, -0.073833, -0.043877, 0.032774, 0.002399, 0.014258, -0.006061, -0.030800, -0.008031, -0.029491, 0.012391, -0.062694, -0.094632, 0.004058, 0.007646, 0.091894, 0.057152, 0.031984, -0.031399, 0.053398, -0.027507, 0.006308, -0.071891, -0.025337, -0.067805, -0.013859, -0.047370, 0.059490, -0.021367, 0.081102, 0.132635, -0.115483, 0.020799, -0.009561, -0.005621, 0.027611, -0.062071, 0.064364, 0.029708, 0.020026, 0.032031, 0.007092, 0.076394, 0.044057, -0.002102, -0.066566, 0.004397, 0.009952, -0.031472, -0.085653, -0.057309, -0.016052, -0.020640, 0.014303, -0.091500, -0.049978, -0.014924, 0.033856, 0.034081, 0.014306, 0.063470, 0.014301, -0.031678, -0.005138, -0.012337, -0.076748, -0.053266, 0.001095, -0.001599, 0.033703, 0.098300, 0.010113, -0.072993, 0.018669, -0.053228, -0.028105, 0.013765, 0.025062, -0.029243, 0.000000, -0.099701, 0.078771, 0.018910, -0.019914, -0.057846, 0.001427, 0.056863, 0.038598, -0.074295, 0.024440, 0.051281, 0.003025, -0.022490, 0.021271, 0.036676, -0.009271, 0.029170, 0.083376, -0.004235, 0.056801, 0.027632, -0.028519, 0.054144, -0.031498, 0.074335, 0.062218, -0.020652, -0.025533, -0.019866, 0.019082, 0.071096, 0.047690, -0.022865, -0.033363, -0.075806, -0.058439, 0.022501, -0.053235, -0.013022, -0.054941, -0.093641, -0.025209, -0.066457, -0.017831, -0.044010, -0.025523, -0.011218, -0.014205, 0.131703, 0.059969, -0.096447, 0.007630, -0.026524, -0.021774, 0.022883, -0.033422, -0.001185, -0.058215, -0.015698, -0.052345, -0.091199, 0.015599, -0.081967, -0.072680, -0.116622, 0.048111, -0.059893, -0.026819, 0.021962, 0.097473, 0.044995, -0.049273, 0.058187, 0.034365, 0.053700, -0.004546, 0.007055, -0.005649, 0.031371, 0.027378, -0.005325, 0.079775, 0.046901, 0.051915, 0.092454, 0.003067, 0.068047, 0.074602, 0.020347, 0.023138, 0.009088, -0.031863, -0.070191, 0.037952, -0.037289, -0.000000, -0.009417, 0.044647, -0.037350, 0.011423, -0.007771, -0.005813, -0.000076, -0.074219, 0.160639, -0.050992, -0.048969, 0.034090, 0.057687, -0.044243, -0.073929, -0.092756, -0.107446, -0.035520, 0.019945, 0.003294, -0.024121, -0.014828, 0.006112, 0.031147, 0.068591, -0.062813, -0.039433, 0.122699, -0.026254, -0.011764, -0.012366, -0.043376, -0.050469, 0.047625, -0.005896, -0.003099, 0.083605, 0.074190, -0.021210, 0.022023, 0.023934, -0.068682, 0.044474, -0.033919, -0.025352, -0.025722, -0.039909, 0.039576, -0.005523, 0.018683, 0.015790, 0.029923, -0.016161, 0.077842, -0.000887, 0.070809, 0.076437, 0.013853, -0.112343, 0.049108, -0.018355, 0.026483, 0.037914, 0.116388, -0.013807, -0.101084, -0.010399, -0.061091, -0.049263, -0.123048, -0.015143, -0.035710, 0.032672, -0.010900, 0.013117, 0.042775, 0.064746, -0.030506, -0.014263, 0.044607, -0.020378, 0.086042, -0.075969, -0.025691, -0.006558, 0.046681, 0.062201, -0.034228, 0.043454, 0.006238, -0.115752, -0.023871, -0.055267, 0.055353, -0.026305, -0.000000, -0.009438, 0.010986, 0.077879, 0.000401, 0.032021, -0.055715, 0.019905, -0.037337, -0.026181, -0.020797, 0.074673, 0.016597, -0.048102, -0.081225, 0.006828, -0.039503, -0.041187, 0.025177, -0.040585, 0.023266, 0.017110, -0.065787, -0.007311, 0.037103, 0.008116, -0.023302, 0.002363, -0.051568, -0.079988, 0.064214, 0.010761, -0.020960, 0.054194, -0.035622, 0.042958, 0.097628, -0.054335, 0.038288, 0.043865, 0.035414, -0.054194, -0.105710, 0.002519, -0.075877, 0.047571, 0.033342, -0.129731, -0.019707, 0.013264, -0.119974, 0.041240, -0.025764, -0.013948, -0.037850, 0.027056, -0.002331, -0.006849, 0.001308, 0.067631, 0.025310, 0.108204, -0.033982, -0.076600, -0.021072]

=== CHUNK hdfc_small_cap::15::7 ===
source_url: https://groww.in/mutual-funds/hdfc-small-cap-fund-direct-growth
scheme: HDFC Small Cap Fund - Direct Growth
category: small_cap
plan_variant: direct_growth
section: Fund house
fact_type: general
authority: page_text
is_atomic: false
char_len: 163
source_fetched_at: 2026-09-28T13:12:29+00:00
content_hash: 0b47a4d31b80633175b44ea6a6e68bb37378b6d6123d5450270883a5da5a0825
---
Fund house
Groww IFSC
Mutual Funds
:
A
B
C
D
E
F
G
H
I
J
K
L
M
N
O
P
Q
R
S
T
U
V
W
X
Y
Z
Others
Stocks
:
A
B
C
D
E
F
G
H
I
J
K
L
M
N
O
P
Q
R
S
T
U
V
W
X
Y
Z
Others

embedding_dim: 384
embedding: [0.004490, -0.038058, -0.056507, -0.028956, 0.103748, 0.048657, 0.059508, -0.033759, -0.055364, 0.065655, -0.005863, -0.005644, -0.045154, 0.027858, -0.059091, 0.034246, -0.027776, -0.054798, -0.051668, 0.017413, 0.008593, -0.108309, -0.000466, 0.035553, 0.053263, 0.001849, 0.027504, 0.089550, -0.009203, -0.099062, -0.003632, 0.037905, 0.011977, 0.001675, 0.002520, 0.057220, -0.008331, -0.003079, -0.035678, 0.042249, -0.012004, -0.011143, 0.043759, 0.060026, -0.010657, 0.040603, -0.068855, 0.055451, -0.016327, -0.010649, 0.000361, -0.021309, -0.056401, 0.010899, -0.030651, 0.082224, -0.107154, -0.007752, 0.030043, -0.000039, 0.020751, -0.030236, 0.013266, -0.000003, 0.088316, 0.000782, -0.093108, 0.115409, -0.021960, 0.026158, -0.002661, -0.005631, -0.075003, -0.027929, -0.012788, 0.059541, 0.056649, -0.023891, 0.046932, -0.060650, -0.068762, 0.018898, 0.025422, -0.003962, -0.018186, 0.001083, -0.049201, -0.054212, 0.012269, 0.004735, 0.055093, -0.012459, -0.026156, 0.015080, -0.053863, -0.004987, -0.107108, -0.156422, -0.062161, 0.050149, 0.011973, -0.047656, 0.020951, -0.040744, -0.047606, -0.038107, 0.002595, 0.052041, 0.062883, 0.012377, -0.063668, 0.109279, -0.019741, 0.006667, -0.093860, 0.033076, -0.048299, -0.068633, 0.048016, -0.089108, 0.007404, 0.019331, -0.043391, -0.020237, -0.073958, -0.049307, -0.102510, 0.000000, -0.099660, 0.007653, -0.037120, 0.021305, -0.061154, -0.001832, 0.032013, -0.054603, -0.114110, -0.101897, 0.041353, 0.080248, -0.006311, 0.033757, 0.024955, -0.154899, 0.033751, 0.104435, -0.012909, -0.032227, 0.027608, 0.096781, -0.020705, -0.028747, 0.094379, -0.136893, 0.014906, -0.009281, 0.020677, 0.018931, 0.034303, -0.021125, -0.041050, -0.061552, -0.012239, 0.060612, -0.056774, 0.004399, -0.046064, -0.040666, 0.003760, 0.035269, -0.001938, -0.022262, -0.030485, 0.059528, 0.048611, 0.051761, -0.035848, -0.066352, 0.038304, -0.022721, -0.012460, -0.034696, 0.077630, -0.015888, -0.058637, -0.027289, 0.039803, -0.018346, -0.009858, 0.005473, -0.067727, 0.036841, -0.098446, 0.012050, 0.027341, -0.015391, 0.021217, 0.117220, -0.004743, 0.003274, 0.076615, 0.019358, -0.005892, -0.041129, -0.046833, 0.083122, -0.011274, -0.037790, -0.008644, 0.042998, -0.037690, 0.065451, 0.028531, -0.069320, 0.042265, -0.062999, -0.036219, -0.002780, 0.025766, -0.058625, 0.125201, -0.031677, -0.023657, -0.000000, -0.051439, 0.035613, 0.062927, 0.031428, -0.012997, 0.034985, 0.044451, -0.069196, 0.087964, 0.012315, 0.024301, 0.043201, -0.008347, -0.012818, -0.074808, -0.086900, 0.097784, -0.009762, 0.045228, -0.015853, 0.031912, 0.028912, 0.005629, 0.014359, 0.030185, -0.007648, -0.045243, 0.099771, -0.067127, 0.095312, -0.031707, -0.060336, -0.047989, 0.030896, 0.043149, -0.001589, -0.036651, -0.037758, -0.068285, 0.018844, 0.023287, -0.003460, 0.009971, -0.017564, -0.023969, -0.028477, -0.036008, -0.007615, 0.050897, 0.022869, -0.055716, 0.014958, -0.006046, -0.008653, -0.090695, 0.046690, 0.031631, 0.055676, -0.058980, 0.041001, -0.026676, -0.020108, 0.002556, 0.010855, -0.080282, -0.067605, -0.090482, -0.049573, 0.024865, -0.032966, 0.029324, 0.013696, -0.018059, 0.022885, -0.038212, 0.007790, 0.108808, 0.014128, -0.040919, 0.058939, -0.030785, 0.055030, 0.027234, 0.100119, -0.000972, 0.011736, 0.050852, -0.040879, -0.005912, 0.075104, -0.015700, -0.073851, 0.103139, 0.001031, 0.000420, -0.000000, -0.035973, -0.053416, 0.061753, 0.020113, -0.049978, -0.083726, 0.061730, -0.083145, 0.036129, 0.097252, 0.063767, 0.138584, -0.060536, 0.014024, -0.043957, -0.044498, -0.058061, 0.015980, -0.032462, 0.011551, 0.033360, 0.047109, 0.017169, 0.098982, 0.003478, -0.010486, 0.018089, -0.087814, 0.023364, 0.063515, 0.062633, 0.007120, -0.015045, 0.036569, -0.023158, 0.062113, -0.056541, 0.112558, -0.015368, 0.066736, 0.008817, -0.081664, 0.036531, 0.012705, -0.045453, -0.019575, -0.083101, -0.019217, -0.001444, -0.102326, -0.008243, -0.027396, -0.043797, -0.040881, 0.067039, 0.045540, -0.026968, 0.051576, -0.072734, -0.069099, 0.021786, -0.073661, 0.033366, 0.021212]

=== CHUNK hdfc_balanced_advantage::0::0 ===
source_url: https://groww.in/mutual-funds/hdfc-balanced-advantage-fund-direct-growth
scheme: HDFC Balanced Advantage Fund - Direct Growth
category: balanced_advantage
plan_variant: direct_growth
section: Scheme facts (as published on the scheme page)
fact_type: expense_ratio
authority: scheme_facts
is_atomic: true
char_len: 19
source_fetched_at: 2026-09-28T13:12:29+00:00
content_hash: 608716cc5a0870fc14d09e6f17304c0e4e5eb0993726f5856277e7a23046430e
---
Expense ratio: 0.78

embedding_dim: 384
embedding: [0.066838, 0.048304, -0.068130, 0.093651, 0.056949, -0.048299, 0.008735, -0.002919, 0.004143, 0.011576, 0.030250, -0.068331, -0.044947, 0.067361, -0.088861, -0.061187, 0.024049, -0.086474, -0.031992, 0.083708, -0.060628, 0.000199, 0.071374, 0.022355, 0.127052, 0.024845, 0.005664, -0.011254, -0.021268, -0.044214, -0.031324, 0.018836, 0.035575, -0.042097, 0.073339, -0.033480, -0.017062, -0.028426, 0.013957, 0.018897, -0.086286, 0.036089, -0.061897, 0.012373, -0.035652, -0.030548, -0.055132, 0.053596, 0.057228, 0.102671, 0.042045, 0.043795, -0.035859, -0.036727, -0.004504, 0.008274, -0.044968, -0.069047, -0.032548, -0.039852, -0.042366, 0.010425, 0.027179, 0.026899, 0.052129, -0.025442, -0.018745, -0.010986, -0.149285, 0.016457, -0.048328, -0.032010, -0.050591, -0.055554, 0.045571, 0.026559, 0.058948, 0.053215, 0.066067, -0.008267, 0.015522, -0.019091, -0.007539, 0.041448, 0.041783, -0.049291, 0.098258, -0.007275, 0.027393, 0.003837, 0.029812, -0.020263, 0.000059, -0.015713, 0.066530, 0.050547, -0.043312, 0.021984, -0.011652, -0.011062, 0.054394, 0.028959, 0.058673, -0.015037, -0.039560, 0.047919, 0.105823, 0.088500, 0.072253, 0.019078, 0.004677, -0.018637, -0.000815, -0.010064, -0.037380, -0.040165, 0.007322, -0.022790, 0.074768, 0.066656, 0.095888, 0.066205, 0.031101, 0.033285, -0.098297, -0.076187, -0.100760, -0.000000, -0.027913, 0.013946, 0.045799, -0.072485, -0.066141, -0.013686, -0.028662, 0.035056, 0.000107, 0.016657, -0.076596, 0.072356, -0.061265, -0.069760, 0.057301, -0.041071, 0.001918, 0.096811, 0.070414, -0.053078, -0.056953, 0.027277, 0.001894, -0.020693, 0.020493, 0.006935, -0.053853, -0.038235, 0.007791, -0.034047, -0.024600, -0.003694, 0.052389, -0.089918, -0.054430, -0.015406, -0.024546, 0.062703, 0.031328, -0.001454, -0.120257, 0.015886, 0.006929, -0.070263, -0.008074, 0.014012, 0.162950, -0.003689, -0.017059, 0.023176, -0.072730, -0.009384, -0.099050, 0.030054, -0.032286, -0.041542, 0.063450, -0.021485, -0.026550, 0.009675, 0.018331, 0.039388, -0.018598, -0.110855, -0.059738, -0.021834, -0.008663, -0.011618, -0.038545, 0.028893, -0.051649, -0.032080, 0.028332, 0.038056, 0.000302, 0.034394, -0.014082, -0.033759, -0.001408, -0.011539, -0.115341, 0.025231, 0.023412, -0.025288, -0.070019, -0.023868, 0.093548, 0.072253, -0.017359, 0.015671, 0.068957, -0.015078, -0.023545, -0.046405, 0.028027, 0.000000, -0.021386, 0.081738, 0.032024, -0.008330, -0.048335, -0.010454, 0.039766, 0.013301, 0.027583, 0.034417, -0.033193, 0.063108, -0.008302, 0.000579, 0.042414, -0.028589, 0.004706, 0.029089, -0.019544, -0.041025, -0.018213, 0.084023, 0.088988, 0.035008, -0.062836, 0.006042, -0.035084, -0.004183, 0.013153, 0.002386, -0.043513, -0.048376, 0.016063, 0.051838, 0.015554, -0.079410, -0.106215, 0.038994, 0.078259, -0.062537, 0.113672, -0.013299, 0.021178, -0.010899, 0.100057, -0.090678, 0.042318, -0.111661, 0.056904, -0.053632, -0.001479, -0.020734, 0.015637, 0.004530, -0.070511, 0.116632, 0.011270, -0.005838, 0.012984, -0.011649, 0.041881, 0.107796, -0.034470, 0.022967, -0.027586, 0.021644, 0.026540, -0.005621, 0.062993, -0.034492, -0.000626, -0.008008, 0.023929, -0.008511, 0.021496, 0.010205, 0.026142, 0.038330, 0.083650, -0.019763, -0.005216, 0.031617, -0.027070, -0.064381, -0.069913, -0.067238, 0.040028, -0.031603, -0.060374, 0.088984, -0.034107, -0.019538, 0.012749, 0.066235, -0.027825, -0.000000, -0.029046, -0.037639, 0.043333, 0.022524, 0.022028, -0.056049, 0.006006, 0.030333, 0.003608, 0.145025, 0.035940, -0.048500, -0.083906, 0.056352, -0.072662, -0.066231, -0.014990, 0.067810, 0.002839, -0.107834, 0.033556, 0.048569, -0.047335, -0.029444, -0.014603, 0.022576, -0.004600, 0.103875, -0.035187, -0.099090, 0.039700, 0.044160, -0.033177, -0.034779, -0.023444, -0.047499, 0.015930, 0.063857, 0.049792, 0.088516, -0.026499, -0.034775, 0.013052, -0.047738, 0.019374, 0.038439, -0.121562, -0.031665, 0.021331, -0.078073, 0.093450, 0.044062, -0.006567, 0.030195, -0.005263, -0.023309, -0.032317, 0.079388, -0.144729, 0.016392, 0.076770, -0.095301, -0.078326, -0.009432]

=== CHUNK hdfc_balanced_advantage::0::1 ===
source_url: https://groww.in/mutual-funds/hdfc-balanced-advantage-fund-direct-growth
scheme: HDFC Balanced Advantage Fund - Direct Growth
category: balanced_advantage
plan_variant: direct_growth
section: Scheme facts (as published on the scheme page)
fact_type: min_sip
authority: scheme_facts
is_atomic: true
char_len: 33
source_fetched_at: 2026-09-28T13:12:29+00:00
content_hash: 608716cc5a0870fc14d09e6f17304c0e4e5eb0993726f5856277e7a23046430e
---
Minimum SIP investment (INR): 100

embedding_dim: 384
embedding: [0.012420, 0.012419, -0.076923, -0.078337, -0.053845, -0.041673, 0.074123, 0.099117, -0.019099, 0.022071, 0.002682, -0.074821, -0.012166, 0.053409, 0.002645, -0.023399, -0.000506, -0.134584, -0.022794, -0.032756, -0.003955, -0.034597, -0.023358, -0.012040, 0.063991, -0.030309, 0.005399, 0.023407, 0.069211, -0.008106, 0.094992, 0.140051, 0.132594, -0.064973, 0.032989, 0.015124, -0.022769, -0.001898, 0.012862, 0.003799, 0.019550, -0.038790, -0.033508, 0.003622, -0.017958, -0.054509, -0.052303, 0.112657, 0.041281, 0.023188, -0.010896, 0.040377, 0.018734, -0.044861, -0.088010, -0.049145, -0.032116, 0.050735, -0.012346, 0.040777, -0.007352, 0.011618, 0.015335, 0.001205, -0.029614, -0.005234, -0.015027, 0.026846, -0.060801, 0.010772, 0.033882, -0.081613, -0.071931, -0.046943, -0.018447, -0.012605, 0.040830, 0.050298, -0.013989, 0.029422, 0.030457, -0.032065, -0.039564, -0.051824, -0.026479, -0.051261, 0.024718, -0.049088, 0.064415, -0.000729, -0.012545, 0.055153, -0.017523, 0.018331, -0.007170, 0.045707, -0.054825, -0.055490, -0.024606, 0.024618, 0.002318, -0.007832, -0.046932, -0.078582, -0.003050, -0.063895, 0.069915, -0.030456, 0.066004, 0.040248, -0.053037, 0.060230, 0.115622, -0.013317, -0.017498, 0.000695, -0.038913, -0.032906, 0.171405, 0.033169, -0.039993, 0.045296, -0.005972, -0.019986, -0.052370, -0.008734, -0.037126, -0.000000, -0.074182, 0.015643, -0.029556, 0.010435, -0.072248, -0.003794, 0.074883, 0.011714, -0.087436, -0.111475, 0.014997, -0.053960, -0.019010, 0.031965, 0.045684, -0.076320, 0.036410, 0.082647, 0.005251, -0.040675, -0.042656, -0.058369, -0.019135, -0.008152, 0.126193, 0.040951, -0.025517, -0.110456, 0.144180, 0.014332, 0.093015, 0.043311, -0.025294, -0.001048, -0.070511, 0.047198, 0.012313, 0.009386, -0.039320, -0.030237, -0.100695, 0.078824, 0.009361, -0.015707, -0.038751, 0.052068, 0.030232, 0.031261, -0.067954, 0.006349, -0.056622, -0.002670, -0.138497, 0.068878, -0.000993, -0.058800, -0.025592, -0.029248, -0.030232, -0.044570, -0.045086, -0.046206, -0.095706, 0.048432, -0.014981, 0.019366, -0.016780, -0.042457, 0.046862, 0.046435, -0.058616, 0.004824, 0.043763, -0.019808, 0.000085, 0.037553, 0.059985, 0.023676, 0.020623, 0.054344, -0.035769, 0.043854, 0.028257, 0.030351, 0.054422, 0.015025, 0.091257, 0.019844, -0.019315, 0.038134, -0.016083, -0.021419, -0.021138, 0.020629, 0.052310, 0.000000, -0.026296, 0.050223, 0.090223, 0.038191, 0.021296, 0.020431, 0.108456, 0.033162, 0.096206, -0.050304, -0.054998, 0.031845, 0.093990, 0.026059, -0.085583, -0.032184, 0.001776, -0.003994, 0.039672, -0.008929, 0.031642, 0.015034, 0.056771, 0.102298, -0.033726, 0.026359, -0.087007, -0.011489, -0.039424, -0.018098, -0.039510, -0.002640, -0.069137, 0.027678, -0.051856, -0.050925, 0.025678, 0.008672, -0.027901, 0.049577, 0.098699, -0.027893, -0.002991, -0.060228, 0.023994, -0.093209, 0.030234, -0.070709, -0.023387, -0.111237, -0.009221, -0.035114, 0.052728, 0.114019, 0.015095, -0.000409, 0.063439, -0.025622, 0.002180, -0.021891, 0.033528, 0.071475, -0.036193, 0.053206, -0.040345, -0.030645, 0.026472, -0.019352, 0.068435, -0.124198, 0.023858, -0.008133, 0.083129, 0.045041, 0.000911, 0.021023, -0.037327, -0.061242, 0.042920, 0.009734, -0.130399, 0.144943, -0.044815, -0.004038, 0.086356, -0.029639, 0.075127, -0.104998, 0.023064, 0.023091, -0.080698, 0.045310, 0.070234, -0.019248, -0.024310, -0.000000, -0.032549, -0.032068, 0.018901, 0.049451, 0.021276, -0.053609, -0.002934, -0.011749, -0.022286, 0.043285, 0.092127, -0.011750, -0.046791, 0.036518, 0.000354, -0.053610, 0.025472, 0.035647, -0.030315, -0.058541, 0.030106, 0.080071, 0.015802, -0.011379, -0.027113, 0.028088, 0.058340, 0.024818, 0.017675, -0.016353, -0.018799, 0.045367, 0.031968, 0.039030, -0.062758, 0.025101, 0.011650, 0.025673, -0.039294, 0.048734, 0.001294, -0.118237, -0.060417, -0.061784, -0.001478, 0.047482, -0.099589, -0.016583, 0.009507, -0.053837, 0.086810, 0.070663, 0.029030, 0.043641, 0.046379, -0.002497, -0.047465, 0.036658, -0.054368, -0.035514, 0.004614, -0.002532, -0.035236, 0.027412]

=== CHUNK hdfc_balanced_advantage::0::2 ===
source_url: https://groww.in/mutual-funds/hdfc-balanced-advantage-fund-direct-growth
scheme: HDFC Balanced Advantage Fund - Direct Growth
category: balanced_advantage
plan_variant: direct_growth
section: Scheme facts (as published on the scheme page)
fact_type: min_sip
authority: scheme_facts
is_atomic: true
char_len: 36
source_fetched_at: 2026-09-28T13:12:29+00:00
content_hash: 608716cc5a0870fc14d09e6f17304c0e4e5eb0993726f5856277e7a23046430e
---
Minimum investment amount (INR): 100

embedding_dim: 384
embedding: [0.023288, 0.081843, -0.083341, -0.063197, -0.047368, -0.032730, 0.042486, 0.120752, -0.011189, 0.087699, 0.013019, -0.102417, 0.033227, 0.034616, -0.047254, 0.003731, -0.002616, -0.043451, -0.054622, 0.001509, -0.018711, -0.024368, -0.065146, -0.008219, 0.062994, -0.062933, 0.022192, 0.046868, 0.056295, 0.020798, 0.047832, 0.061380, 0.072469, -0.005813, 0.009043, 0.031018, -0.031418, -0.014285, 0.008465, -0.002810, -0.011685, 0.016762, 0.006086, -0.007259, -0.007845, -0.010393, -0.036728, 0.054695, 0.051140, 0.014459, -0.031054, 0.091321, -0.007498, -0.031755, -0.122606, -0.061485, -0.024445, 0.004687, -0.022903, 0.000909, 0.019990, -0.011417, 0.074557, -0.033869, -0.008603, -0.021775, -0.007389, 0.003241, -0.114165, 0.031944, 0.063545, -0.039779, -0.151659, -0.016376, -0.034131, -0.033389, 0.006264, 0.101282, 0.001401, -0.005493, 0.043124, -0.009317, -0.038001, -0.058963, -0.033184, -0.040545, 0.081757, -0.009313, 0.104137, 0.067865, 0.045950, 0.041752, -0.028599, 0.039063, -0.003992, 0.006791, -0.015441, 0.020705, -0.042975, 0.021252, 0.031393, -0.077787, 0.030301, -0.041639, -0.033560, -0.051521, 0.093515, -0.037918, 0.012153, -0.003468, -0.032785, 0.031731, 0.079765, -0.029433, 0.004722, -0.011579, 0.006950, -0.022300, 0.111570, 0.029945, 0.037708, 0.019188, -0.030487, -0.009043, -0.040228, -0.059003, -0.027742, -0.000000, -0.069387, 0.009747, 0.007137, -0.014227, -0.056733, -0.006213, 0.072842, 0.046231, -0.103769, -0.077193, 0.033191, -0.015475, -0.032725, 0.017713, 0.009697, -0.061993, 0.061312, 0.050230, 0.046832, -0.067766, -0.049977, -0.072110, -0.017131, 0.000581, 0.032789, 0.055744, -0.031060, -0.102643, 0.047275, -0.014648, 0.116128, 0.033700, 0.010402, -0.056620, -0.035852, 0.014140, 0.040394, 0.034543, -0.017743, -0.009066, -0.048467, 0.072220, -0.003107, 0.022657, 0.008401, 0.078068, 0.149207, 0.093604, -0.093811, 0.019621, -0.047951, -0.020391, -0.136663, 0.036181, -0.029468, -0.007138, -0.032185, -0.047363, -0.071970, -0.043859, -0.043701, -0.022164, -0.043366, 0.086574, -0.052661, 0.020311, 0.024632, -0.023941, -0.006106, 0.094754, -0.081973, -0.044440, 0.068797, -0.035809, 0.057269, 0.019595, 0.053071, -0.006358, 0.010158, -0.026185, -0.025068, 0.019783, -0.004948, 0.055263, -0.018630, 0.032932, 0.093099, 0.073945, -0.000118, -0.038293, 0.011249, -0.059590, -0.031975, 0.021637, 0.058809, 0.000000, -0.029466, 0.011056, 0.109047, 0.042255, 0.015577, 0.061090, 0.082857, 0.033777, 0.113790, 0.016959, 0.009456, -0.025935, 0.049283, -0.002345, -0.081426, -0.048662, -0.021686, -0.003945, 0.028715, -0.003236, 0.055811, 0.021832, 0.053518, 0.111054, -0.022309, 0.030226, -0.042972, 0.026362, -0.051136, -0.010082, -0.072224, -0.009985, 0.007094, 0.008292, -0.078363, -0.076153, 0.047909, -0.056618, -0.047318, 0.061880, 0.084957, 0.023265, 0.029099, 0.004666, -0.011224, -0.090503, 0.045935, -0.044510, 0.033970, -0.074509, -0.039472, -0.063689, 0.041180, 0.051034, 0.011032, 0.071415, 0.009157, 0.000864, -0.003225, 0.021460, -0.041315, 0.053375, -0.026319, 0.067404, -0.061622, -0.017902, -0.009982, -0.010634, 0.036898, -0.100990, 0.039886, 0.024480, 0.100841, -0.031805, -0.000622, 0.024023, 0.031694, -0.076064, 0.076869, 0.034487, -0.104138, 0.097937, -0.042044, -0.044103, 0.030258, -0.006813, -0.023423, -0.014569, -0.011961, 0.038147, -0.073361, 0.099543, 0.138066, -0.035518, -0.101349, -0.000000, -0.057624, -0.047403, 0.016915, 0.008957, 0.028276, -0.030762, 0.040054, -0.007804, -0.033198, 0.073042, 0.080118, -0.025863, -0.102575, 0.023726, -0.024395, -0.054066, 0.006359, -0.006704, -0.009661, -0.043026, 0.054823, 0.078775, 0.041633, -0.057720, 0.010018, -0.021478, 0.064785, 0.039992, -0.028587, 0.018452, -0.022686, 0.016004, 0.036569, 0.031878, -0.057553, 0.008843, 0.037530, 0.055641, -0.013333, -0.033150, -0.033819, -0.106769, -0.021373, -0.065399, -0.024295, 0.069416, -0.105679, -0.066938, 0.038785, -0.102580, 0.086176, 0.017165, -0.013405, 0.043738, -0.021515, 0.043331, -0.030559, 0.055560, -0.117127, -0.057126, -0.014062, -0.011421, -0.022296, -0.009102]

=== CHUNK hdfc_balanced_advantage::0::3 ===
source_url: https://groww.in/mutual-funds/hdfc-balanced-advantage-fund-direct-growth
scheme: HDFC Balanced Advantage Fund - Direct Growth
category: balanced_advantage
plan_variant: direct_growth
section: Scheme facts (as published on the scheme page)
fact_type: exit_load
authority: scheme_facts
is_atomic: true
char_len: 114
source_fetched_at: 2026-09-28T13:12:29+00:00
content_hash: 608716cc5a0870fc14d09e6f17304c0e4e5eb0993726f5856277e7a23046430e
---
Exit load: Exit Load for units in excess of 15% of the investment,1% will be charged for redemption within 1 year.

embedding_dim: 384
embedding: [0.018750, 0.043936, -0.055633, 0.006410, 0.024198, -0.021796, 0.000595, 0.034874, -0.001944, 0.052983, 0.087011, -0.013247, 0.018774, -0.003542, -0.037796, 0.064277, -0.005230, -0.086090, -0.065719, 0.027182, 0.001682, -0.067262, -0.049800, -0.021126, 0.066938, 0.009293, 0.000744, -0.006167, -0.007125, -0.051495, -0.023636, -0.022055, -0.000749, -0.079029, 0.041310, 0.066598, -0.080941, -0.036431, 0.011328, -0.004438, 0.026100, 0.001214, -0.017786, 0.033774, 0.018295, 0.009201, -0.058844, 0.055759, 0.032597, 0.113550, 0.078498, 0.011428, -0.002042, 0.073603, -0.069874, -0.044164, 0.070498, 0.016110, -0.002433, -0.009050, 0.007655, 0.021631, -0.042707, -0.017801, 0.035728, -0.033917, 0.023754, -0.018905, -0.040490, -0.008126, 0.005617, -0.119397, -0.095027, -0.091632, -0.046720, 0.074276, 0.060380, 0.059213, 0.016874, -0.069540, 0.037088, 0.016335, 0.016019, -0.073327, 0.001286, 0.025913, 0.024775, 0.054583, 0.167388, 0.066564, 0.004836, 0.096763, 0.046067, -0.012013, -0.015021, 0.057504, -0.082165, -0.027101, -0.061649, 0.007892, 0.017706, -0.017020, 0.013429, -0.049164, -0.008485, -0.078316, 0.017309, 0.034834, 0.039090, -0.049274, 0.025887, -0.026013, 0.087140, -0.021140, 0.068377, 0.084193, -0.059419, 0.020898, 0.069664, -0.007793, 0.116601, 0.044863, -0.071362, -0.022065, -0.076443, -0.010509, 0.061992, -0.000000, -0.062562, -0.039036, -0.038958, 0.009047, -0.089844, -0.079829, 0.027692, 0.113073, -0.024411, -0.026120, -0.047144, -0.013755, 0.001437, -0.006663, 0.027106, -0.023876, 0.042772, 0.026920, 0.120870, -0.058950, 0.032413, -0.073125, 0.011702, 0.025402, 0.067650, 0.024252, -0.029042, -0.038261, -0.041835, 0.006681, 0.112350, 0.066561, -0.034327, -0.076625, -0.044904, 0.045589, 0.096515, 0.010597, 0.042373, -0.051213, -0.056266, 0.039473, 0.018519, 0.017132, -0.056529, -0.132667, 0.100976, -0.072616, -0.081599, 0.028216, -0.012516, -0.060664, -0.038799, 0.040703, -0.011489, 0.037922, -0.023219, -0.016591, -0.004057, -0.012422, 0.054639, -0.015899, -0.017234, 0.016872, -0.124560, 0.017955, -0.003161, 0.010891, -0.079003, 0.066954, -0.026454, -0.081001, 0.029784, -0.127543, 0.035924, -0.013816, 0.010186, -0.018119, 0.100987, 0.064933, -0.033002, -0.041732, -0.068738, -0.031007, 0.043942, 0.009451, 0.128560, -0.121265, -0.043857, -0.011766, 0.032839, -0.025656, -0.034990, 0.046383, 0.074141, -0.000000, 0.000050, 0.054491, -0.032113, 0.014248, -0.050895, -0.004977, -0.026785, 0.074528, -0.020070, 0.078537, -0.040801, -0.010337, -0.012548, 0.084344, -0.021628, -0.046010, 0.037246, -0.019174, 0.010017, 0.002011, 0.067873, -0.047735, -0.020518, 0.007177, 0.000384, 0.008782, -0.083177, -0.032092, -0.045344, -0.013722, -0.028220, -0.054298, -0.006314, 0.065939, -0.077634, 0.032403, 0.062672, -0.002222, -0.008701, 0.035359, 0.063057, -0.036975, 0.001661, 0.017017, -0.023757, -0.054955, 0.036827, -0.004769, 0.044516, -0.018649, 0.010852, -0.013172, 0.011601, 0.072216, -0.053119, 0.028933, 0.109151, 0.052144, -0.090696, -0.009396, 0.025147, 0.025114, 0.052937, -0.004038, -0.040285, -0.063943, 0.037837, 0.043886, 0.027865, -0.030971, 0.035305, 0.051705, 0.018103, -0.076959, -0.087020, 0.058676, 0.018160, -0.147507, 0.013315, -0.076867, -0.026839, -0.011920, -0.005157, 0.006889, -0.016582, -0.064774, 0.063067, -0.034411, 0.015072, 0.052589, -0.029294, -0.019449, 0.056433, 0.019703, -0.054167, -0.000000, -0.089161, 0.072633, 0.095921, 0.048042, 0.082556, 0.015296, 0.059089, 0.058006, -0.008563, 0.023174, 0.122670, 0.000640, -0.044340, 0.014391, -0.110625, 0.006342, -0.018019, 0.029756, 0.015418, -0.043589, -0.038643, 0.034560, -0.018332, -0.090848, -0.029181, -0.011922, 0.044141, 0.082446, 0.006639, -0.074359, -0.037903, 0.012438, 0.026494, -0.018441, -0.064754, 0.074184, -0.011149, 0.021852, 0.017696, 0.034567, -0.014916, 0.038380, -0.001080, -0.018597, -0.036621, 0.053250, -0.080476, 0.026413, 0.038552, -0.060589, 0.038424, -0.057477, -0.058878, 0.053548, 0.033240, -0.042059, -0.048146, 0.029888, -0.105515, 0.033700, -0.017580, -0.066268, -0.037452, -0.039695]

=== CHUNK hdfc_balanced_advantage::0::4 ===
source_url: https://groww.in/mutual-funds/hdfc-balanced-advantage-fund-direct-growth
scheme: HDFC Balanced Advantage Fund - Direct Growth
category: balanced_advantage
plan_variant: direct_growth
section: Scheme facts (as published on the scheme page)
fact_type: riskometer
authority: scheme_facts
is_atomic: true
char_len: 38
source_fetched_at: 2026-09-28T13:12:29+00:00
content_hash: 608716cc5a0870fc14d09e6f17304c0e4e5eb0993726f5856277e7a23046430e
---
Riskometer: Moderately High Riskometer

embedding_dim: 384
embedding: [0.062479, -0.047748, -0.047255, 0.051496, 0.075983, -0.004706, 0.047255, 0.080835, 0.001502, -0.011343, 0.028055, -0.059235, -0.005001, 0.011713, -0.081822, -0.041089, 0.022203, -0.058821, -0.002530, 0.039930, -0.110492, 0.022486, 0.020397, 0.045585, -0.011518, -0.063489, -0.022515, 0.096324, -0.028898, -0.001692, 0.007034, 0.030531, 0.026391, -0.037527, -0.030192, 0.004187, -0.012872, -0.020178, -0.002059, 0.033522, 0.017476, -0.044733, 0.052921, 0.079955, -0.037348, 0.013539, -0.008099, -0.047246, -0.002369, 0.015022, -0.060279, -0.068237, 0.036121, -0.101102, 0.015244, 0.007031, -0.103923, -0.074408, -0.016744, -0.026813, 0.045924, 0.009316, -0.072211, 0.035564, 0.009963, 0.022114, -0.013019, 0.062809, 0.070418, -0.009839, -0.014304, 0.017829, -0.052047, 0.030420, 0.002354, -0.020640, 0.019192, -0.042578, 0.081444, -0.040492, 0.027636, -0.046376, 0.060936, 0.016715, 0.050477, 0.012650, 0.052439, 0.017958, -0.005693, -0.008845, 0.024465, -0.053627, -0.028219, 0.082540, 0.007285, 0.071748, -0.055085, -0.122557, -0.072275, 0.060210, -0.021271, -0.010726, -0.068174, 0.082141, -0.028360, -0.084657, 0.028352, 0.004694, 0.046273, 0.018560, 0.006986, 0.072194, 0.002374, -0.044905, -0.011129, -0.026610, -0.105183, 0.014343, -0.001069, 0.086462, 0.015203, -0.002222, 0.008289, 0.012207, 0.032021, 0.075064, 0.001135, -0.000000, 0.068081, 0.025977, 0.008456, 0.024652, -0.020685, 0.022188, -0.058871, -0.025234, 0.021311, 0.006988, -0.006664, 0.072285, -0.067575, 0.036020, 0.053541, -0.022317, -0.026647, 0.096291, -0.055600, -0.068767, -0.095986, -0.086626, -0.011639, -0.048899, 0.001283, 0.040004, 0.050503, 0.049965, 0.041494, 0.022205, -0.033609, 0.010477, -0.039362, -0.124167, -0.003478, 0.032702, -0.144155, 0.027709, -0.015524, 0.002869, -0.015737, 0.044067, 0.041469, 0.047855, 0.079744, 0.020201, -0.059050, -0.074286, -0.026709, 0.001561, -0.103199, -0.038082, -0.005908, 0.014141, -0.100923, 0.051144, 0.030724, -0.009660, -0.092446, -0.008209, -0.063585, 0.076516, -0.032020, -0.109735, 0.013308, 0.081442, -0.013391, -0.025852, -0.015772, 0.074682, -0.035565, 0.003737, 0.043191, -0.074586, -0.067519, 0.044895, -0.055230, 0.022757, 0.025103, -0.050128, -0.070768, -0.020766, 0.095998, 0.036049, 0.005805, 0.022322, -0.031708, -0.038701, -0.089171, 0.092420, 0.010890, 0.009558, 0.053428, -0.002146, -0.121266, -0.000000, -0.152181, 0.005864, 0.007892, 0.092883, 0.008072, -0.031529, 0.013613, 0.061271, 0.041764, 0.065884, -0.019663, -0.001554, 0.072458, -0.018914, 0.018627, 0.057892, -0.022988, 0.037012, -0.069015, -0.068418, -0.004415, 0.022391, -0.069129, 0.026181, -0.024036, 0.033388, 0.005668, -0.008043, -0.037677, -0.066079, -0.108716, 0.014859, 0.077882, 0.027804, -0.035726, 0.019899, 0.109575, -0.125610, -0.072416, 0.000101, 0.039762, 0.084332, -0.024212, -0.101202, 0.000317, 0.068864, 0.098978, -0.025282, 0.034832, 0.057975, -0.009397, 0.004769, -0.023531, 0.088261, -0.010720, -0.038770, -0.058588, -0.024813, -0.017147, 0.083119, -0.012462, 0.057043, -0.084208, 0.086579, 0.034670, 0.036449, -0.026430, -0.057657, 0.023449, 0.018617, 0.021171, 0.014008, 0.008569, -0.061901, -0.016428, -0.091659, -0.001499, 0.060407, -0.025585, -0.009114, 0.051681, -0.010045, 0.016790, 0.061476, 0.081567, 0.034654, 0.005596, -0.068474, -0.000071, 0.068304, -0.048447, 0.076684, -0.048349, -0.035199, -0.001429, -0.000000, 0.039884, 0.051595, 0.019286, -0.003793, 0.060883, 0.016838, -0.038788, 0.033271, -0.039480, 0.020533, 0.074984, 0.016862, -0.021654, -0.083042, 0.019382, -0.071792, -0.012123, 0.103434, -0.051583, 0.018229, 0.099395, 0.042938, 0.017399, -0.070404, 0.049570, -0.004734, 0.029467, 0.111537, 0.027113, 0.005774, -0.028709, -0.025153, 0.016043, 0.011517, -0.028029, 0.057255, -0.010120, -0.005850, 0.037233, 0.100088, -0.008583, -0.074994, -0.020872, 0.089369, 0.033434, -0.021381, -0.015868, -0.007525, 0.099120, -0.021482, -0.017570, -0.031843, 0.060002, 0.062206, -0.029058, 0.006216, 0.012473, -0.005987, -0.107494, 0.026428, 0.084463, -0.077347, -0.088905, 0.035602]

=== CHUNK hdfc_balanced_advantage::0::5 ===
source_url: https://groww.in/mutual-funds/hdfc-balanced-advantage-fund-direct-growth
scheme: HDFC Balanced Advantage Fund - Direct Growth
category: balanced_advantage
plan_variant: direct_growth
section: Scheme facts (as published on the scheme page)
fact_type: benchmark
authority: scheme_facts
is_atomic: true
char_len: 53
source_fetched_at: 2026-09-28T13:12:29+00:00
content_hash: 608716cc5a0870fc14d09e6f17304c0e4e5eb0993726f5856277e7a23046430e
---
Benchmark: NIFTY 50 Hybrid Composite Debt 50:50 Index

embedding_dim: 384
embedding: [-0.008711, 0.001807, -0.068223, 0.004043, 0.000043, -0.016948, 0.014457, 0.037567, -0.022334, 0.012497, -0.026436, -0.022742, -0.019476, 0.006233, -0.098223, -0.008626, 0.012214, -0.005460, 0.026523, 0.041574, -0.065304, 0.003015, 0.006054, -0.032386, 0.106413, 0.052690, -0.017858, 0.017623, -0.030732, -0.097866, -0.001317, 0.013329, 0.050977, 0.008378, 0.011463, -0.021459, -0.015676, -0.053764, 0.029084, -0.033066, 0.029745, -0.020013, 0.006404, -0.037599, 0.010579, -0.022514, 0.000977, 0.050584, 0.055512, 0.064326, -0.092427, 0.065679, 0.000141, 0.072777, -0.012330, 0.044348, -0.030114, -0.105947, 0.008624, -0.033582, 0.059035, -0.004062, 0.022668, 0.006987, 0.114837, 0.053031, 0.107891, 0.014141, -0.075962, -0.023157, 0.030486, -0.043775, -0.104435, 0.016334, 0.050438, 0.042244, 0.060151, 0.002500, -0.008874, -0.100317, -0.080642, -0.037284, 0.027770, -0.027826, -0.048875, -0.059007, -0.007491, 0.040575, -0.002722, -0.053057, 0.047108, 0.085343, 0.049443, -0.035541, -0.020885, 0.042502, -0.061434, -0.008777, -0.032850, 0.054289, 0.068628, 0.006920, 0.040331, 0.013072, -0.010191, 0.008133, 0.100804, -0.051822, 0.022275, -0.038428, 0.003672, 0.086371, -0.014988, -0.084043, 0.028336, -0.049436, 0.007144, 0.041293, 0.116453, 0.041388, 0.086657, -0.012714, -0.014949, 0.041666, -0.023066, 0.101630, -0.067831, 0.000000, 0.052004, -0.006569, 0.056397, -0.036380, -0.115078, -0.011268, 0.005703, 0.029712, -0.124525, 0.004397, -0.009006, 0.031152, -0.017603, -0.008221, -0.025784, -0.076493, -0.072924, 0.020338, 0.048654, 0.026879, -0.004834, 0.031791, 0.048236, -0.022173, 0.048909, -0.086894, -0.015131, -0.109172, 0.052403, 0.043510, 0.032635, 0.038633, 0.008689, 0.045026, -0.008844, 0.020831, -0.032813, 0.025666, -0.116298, -0.007147, -0.023017, 0.076879, -0.023322, -0.060059, -0.058710, -0.000210, 0.046318, 0.020348, 0.008208, 0.048338, -0.082416, 0.017611, -0.067714, -0.011307, -0.026085, 0.019076, -0.033865, -0.004207, 0.027384, -0.012815, -0.061235, -0.057947, -0.104320, 0.023218, -0.053376, 0.102366, -0.068928, 0.045014, 0.015006, 0.111156, -0.024112, -0.000482, 0.048251, 0.008716, 0.008861, -0.074499, -0.019742, -0.011700, -0.012076, -0.016288, -0.076751, 0.040420, 0.030345, 0.042551, 0.009928, 0.033719, 0.043753, -0.044367, -0.010079, -0.046363, -0.038538, -0.042529, 0.066020, -0.069730, 0.051549, -0.000000, -0.029407, -0.037549, -0.049252, 0.108539, 0.015851, -0.051930, -0.035001, 0.064095, -0.055954, 0.063638, 0.046899, -0.000257, 0.000468, 0.048813, 0.001276, 0.044116, -0.024420, -0.083540, 0.019046, -0.028318, -0.000785, 0.054332, 0.012608, 0.136836, -0.009938, 0.054117, -0.098889, 0.004268, 0.024162, -0.128907, -0.078713, 0.008074, -0.003723, -0.004421, -0.018507, -0.007043, -0.030660, 0.002207, -0.003049, -0.029657, 0.003070, 0.033796, -0.052545, -0.075860, 0.067245, 0.007097, -0.059651, 0.015202, 0.044368, 0.010372, -0.024077, 0.033587, -0.034630, 0.071671, 0.000600, -0.063423, 0.031020, 0.073231, 0.008664, -0.000425, -0.043810, 0.104990, -0.027654, 0.053549, 0.075081, -0.020551, -0.004192, -0.087336, -0.054071, -0.033114, -0.031463, -0.037247, 0.077785, 0.005855, 0.006189, 0.031237, 0.056185, -0.033137, -0.002490, 0.057865, -0.043995, 0.054317, 0.016063, 0.007534, -0.017084, 0.051624, 0.053505, -0.057730, -0.025104, 0.043665, -0.005531, 0.049371, -0.016481, 0.009007, 0.020095, -0.000000, -0.000716, 0.013512, -0.103809, 0.023695, 0.048659, -0.000830, -0.004802, -0.018749, -0.022374, -0.012482, 0.147248, -0.035034, -0.055356, 0.035946, -0.035672, -0.069621, -0.055475, -0.035465, -0.029264, -0.030284, -0.009101, 0.105141, 0.017695, -0.027209, -0.012949, 0.001053, 0.086982, -0.014062, 0.105237, -0.033316, -0.092895, 0.074231, -0.028261, -0.066834, 0.021020, 0.112148, 0.082879, 0.048742, -0.012869, 0.029437, 0.064795, -0.075323, -0.066861, -0.082624, 0.065752, -0.084327, -0.118633, -0.036757, 0.091861, -0.085967, -0.049939, -0.044313, 0.012607, 0.088491, 0.057986, -0.000704, -0.003140, -0.023404, -0.019453, -0.041564, 0.130216, -0.111996, -0.071525, 0.035352]

=== CHUNK hdfc_balanced_advantage::0::6 ===
source_url: https://groww.in/mutual-funds/hdfc-balanced-advantage-fund-direct-growth
scheme: HDFC Balanced Advantage Fund - Direct Growth
category: balanced_advantage
plan_variant: direct_growth
section: Scheme facts (as published on the scheme page)
fact_type: benchmark
authority: scheme_facts
is_atomic: true
char_len: 59
source_fetched_at: 2026-09-28T13:12:29+00:00
content_hash: 608716cc5a0870fc14d09e6f17304c0e4e5eb0993726f5856277e7a23046430e
---
Benchmark index: NIFTY 50 Hybrid Composite Debt 50:50 Index

embedding_dim: 384
embedding: [-0.001082, 0.000700, -0.058936, 0.007863, 0.000302, -0.011361, 0.021045, 0.031887, -0.014654, 0.011342, -0.027377, -0.018424, -0.022078, 0.002200, -0.107381, -0.008668, 0.004404, -0.008497, 0.031681, 0.048677, -0.059415, 0.015532, -0.001323, -0.033030, 0.080995, 0.059487, -0.014386, 0.015581, -0.024078, -0.092157, -0.019389, 0.018005, 0.052491, 0.008643, 0.011355, -0.024891, -0.012429, -0.053220, 0.031031, -0.033357, 0.030226, -0.021793, 0.011581, -0.038457, 0.015736, -0.022572, -0.013593, 0.048104, 0.052929, 0.054336, -0.111833, 0.071819, 0.002939, 0.068214, -0.000320, 0.045674, -0.048524, -0.098787, 0.016677, -0.032616, 0.067579, 0.013944, 0.020321, 0.006304, 0.118099, 0.047895, 0.108424, 0.005870, -0.074357, -0.035072, 0.033825, -0.041434, -0.105024, 0.009899, 0.048782, 0.033286, 0.056638, -0.000257, 0.003748, -0.092770, -0.077630, -0.037503, 0.037650, -0.018705, -0.063511, -0.056052, 0.001400, 0.028528, -0.008364, -0.054931, 0.052326, 0.085758, 0.032995, -0.026384, -0.012703, 0.040285, -0.064906, 0.010251, -0.041992, 0.057406, 0.076294, 0.000246, 0.028384, 0.026771, -0.021931, 0.014620, 0.083769, -0.059174, 0.028821, -0.034955, -0.011340, 0.095421, -0.021330, -0.079579, 0.017369, -0.047180, 0.007769, 0.040715, 0.119943, 0.043170, 0.096051, -0.008175, -0.023022, 0.045238, -0.008654, 0.098239, -0.058562, 0.000000, 0.050718, -0.011862, 0.053808, -0.045520, -0.119579, -0.012977, 0.005177, 0.021852, -0.125596, 0.004799, -0.014539, 0.036352, -0.021057, -0.014623, -0.021888, -0.072050, -0.070884, 0.031351, 0.048975, 0.023947, -0.008537, 0.036549, 0.057637, -0.026734, 0.031055, -0.086531, -0.009546, -0.111041, 0.049419, 0.043228, 0.040587, 0.039573, 0.016408, 0.022589, -0.011542, 0.025220, -0.031589, 0.039095, -0.107689, -0.001317, -0.019036, 0.069923, -0.020670, -0.052185, -0.042283, 0.003740, 0.051805, 0.018874, 0.012259, 0.060810, -0.097692, 0.006708, -0.059747, -0.007939, -0.025231, 0.020584, -0.031959, -0.004330, 0.017358, -0.021094, -0.058872, -0.058398, -0.102237, 0.032488, -0.041407, 0.098627, -0.067413, 0.050241, 0.026137, 0.105959, -0.022567, -0.013249, 0.056992, 0.022186, 0.006170, -0.068334, -0.028398, -0.001824, -0.014097, -0.021398, -0.083390, 0.042367, 0.032541, 0.024848, 0.018646, 0.031976, 0.035694, -0.041990, -0.000117, -0.054239, -0.050493, -0.042395, 0.055958, -0.077012, 0.054414, -0.000000, -0.029577, -0.045958, -0.061213, 0.096285, 0.018975, -0.057446, -0.024497, 0.046633, -0.062845, 0.070538, 0.046682, 0.001365, 0.001304, 0.054843, -0.001341, 0.056527, -0.027725, -0.078328, 0.013780, -0.032374, -0.006218, 0.057248, 0.010261, 0.137401, -0.012756, 0.052426, -0.089647, 0.007170, 0.023652, -0.120825, -0.069057, -0.001127, 0.003966, 0.010170, -0.010532, -0.010369, -0.032279, -0.026150, -0.010205, -0.022293, -0.006001, 0.036201, -0.031536, -0.073200, 0.072944, 0.002634, -0.055652, 0.015861, 0.038622, 0.006282, -0.022419, 0.035039, -0.024398, 0.071551, -0.005354, -0.055443, 0.027173, 0.090443, -0.000195, 0.008287, -0.025446, 0.107638, -0.039598, 0.052762, 0.081392, -0.015441, -0.004241, -0.103885, -0.060457, -0.039409, -0.039149, -0.045833, 0.076468, -0.001321, 0.013817, 0.035090, 0.042705, -0.014358, 0.000849, 0.051493, -0.048149, 0.053403, 0.014227, 0.014769, -0.030922, 0.061368, 0.056670, -0.052351, -0.036799, 0.042728, -0.000977, 0.043549, -0.015404, 0.004793, 0.027210, -0.000000, 0.004959, 0.008391, -0.112792, 0.021999, 0.046556, -0.014239, -0.006982, -0.021611, -0.026795, -0.011872, 0.147838, -0.034635, -0.060629, 0.041543, -0.028001, -0.082935, -0.074594, -0.031338, -0.025489, -0.022696, -0.006722, 0.101878, 0.015542, -0.032143, -0.005746, 0.003126, 0.083329, -0.020204, 0.098527, -0.022582, -0.083085, 0.076570, -0.027854, -0.068740, 0.021343, 0.113494, 0.076753, 0.042716, -0.009370, 0.023126, 0.057054, -0.073720, -0.058305, -0.081998, 0.073300, -0.077216, -0.114947, -0.033362, 0.094223, -0.095747, -0.065477, -0.052483, 0.007368, 0.081497, 0.059920, 0.003632, -0.003878, -0.010365, -0.024444, -0.036273, 0.133668, -0.116669, -0.071271, 0.025921]

=== CHUNK hdfc_balanced_advantage::0::7 ===
source_url: https://groww.in/mutual-funds/hdfc-balanced-advantage-fund-direct-growth
scheme: HDFC Balanced Advantage Fund - Direct Growth
category: balanced_advantage
plan_variant: direct_growth
section: Scheme facts (as published on the scheme page)
fact_type: expense_ratio
authority: scheme_facts
is_atomic: true
char_len: 82
source_fetched_at: 2026-09-28T13:12:29+00:00
content_hash: 608716cc5a0870fc14d09e6f17304c0e4e5eb0993726f5856277e7a23046430e
---
Expense ratio (base, from scheme data): base expense ratio 0.64%, as on 2026-09-24

embedding_dim: 384
embedding: [0.087851, 0.023352, -0.039435, 0.051811, 0.063624, -0.038696, -0.057324, 0.073294, -0.010080, -0.006137, -0.009073, -0.083483, -0.037333, 0.000527, -0.047743, 0.002160, -0.047516, -0.051259, 0.012348, 0.079134, 0.056919, 0.005837, 0.014473, 0.029718, 0.139572, -0.024083, 0.033740, 0.073743, -0.010564, -0.011174, -0.009245, 0.094799, 0.038985, 0.006406, -0.019754, -0.068272, -0.000391, -0.010897, 0.048116, 0.029890, -0.048973, -0.000471, -0.015075, 0.015875, 0.009659, 0.020213, -0.057308, 0.077094, 0.010250, 0.142434, 0.031917, 0.030145, -0.018332, 0.023055, 0.039042, 0.024165, -0.076893, -0.037788, -0.008572, -0.009997, -0.037580, -0.005650, 0.012270, 0.016027, 0.030641, -0.015900, 0.016215, 0.005662, -0.065970, -0.010114, -0.042843, -0.031227, -0.063055, -0.054790, -0.007282, 0.066746, 0.071392, 0.016433, 0.043798, -0.073818, 0.038224, 0.030220, 0.012864, -0.001786, 0.037541, -0.077406, 0.131162, 0.009304, 0.024861, -0.003755, 0.088736, -0.002225, -0.071275, -0.017172, -0.001031, 0.018792, -0.039335, 0.009520, 0.016997, -0.002788, 0.008308, 0.033981, -0.001499, -0.007941, -0.084938, 0.035293, 0.053153, 0.091081, 0.021767, -0.038795, -0.049481, -0.002454, -0.117997, -0.009928, -0.020476, 0.008333, -0.051748, -0.017689, 0.012291, 0.025717, 0.098130, 0.094392, -0.006327, 0.074260, -0.137553, -0.103565, -0.084570, -0.000000, -0.030584, 0.037622, 0.044143, -0.074390, -0.093406, 0.013109, -0.057989, 0.066569, -0.046213, 0.054129, -0.046590, 0.012740, -0.001474, -0.071572, 0.086843, -0.091376, -0.023633, 0.121380, 0.048524, -0.015609, 0.020507, 0.043202, -0.022310, -0.029343, 0.055286, 0.006357, 0.003243, 0.001597, -0.002430, 0.003060, 0.000537, 0.019476, 0.071956, -0.094292, 0.008262, 0.017065, 0.043914, 0.044492, 0.000438, 0.003202, -0.009258, 0.016560, 0.031564, -0.040943, -0.014088, -0.029979, 0.091018, 0.002788, 0.090770, 0.028676, -0.108719, -0.026546, -0.058359, -0.023040, 0.007675, -0.066178, -0.051086, -0.019034, -0.020375, 0.013272, -0.005405, -0.016117, -0.042545, -0.087824, -0.094093, 0.004814, 0.008775, -0.059874, -0.007972, 0.071826, -0.042422, 0.056596, 0.018720, 0.111267, -0.056543, 0.004234, 0.022509, 0.016862, -0.009421, 0.052760, -0.069542, 0.025891, 0.043308, -0.059101, -0.027398, 0.005276, 0.087882, 0.034244, -0.024560, 0.024871, 0.062158, -0.046387, -0.026030, -0.019347, 0.033928, -0.000000, -0.010330, 0.142631, -0.002458, -0.006810, -0.046659, 0.013559, 0.124523, 0.035262, -0.005493, 0.025613, -0.011887, 0.042685, -0.036733, -0.052281, 0.042451, -0.091831, -0.019459, -0.041477, -0.023338, -0.043637, -0.023887, 0.114167, -0.029962, -0.003381, -0.034391, 0.050157, -0.054507, 0.013707, 0.018296, -0.008831, -0.062338, -0.079381, -0.012086, 0.027417, 0.000499, -0.028879, -0.124115, -0.002164, 0.034400, -0.024513, 0.060622, 0.011292, -0.045938, -0.019857, 0.066815, -0.049366, 0.065959, -0.010483, 0.128922, -0.083103, 0.049400, 0.024239, -0.050166, 0.004698, -0.017611, 0.053499, 0.009241, -0.030478, -0.048611, -0.046270, 0.089768, 0.051388, 0.028396, -0.035445, -0.017017, -0.041326, 0.024291, -0.011134, 0.042501, 0.013532, 0.009615, -0.008299, -0.010976, 0.055841, 0.009068, -0.029907, -0.037610, 0.042565, 0.054944, 0.015085, -0.041306, 0.031275, 0.028832, -0.019249, -0.024767, -0.065984, 0.016705, -0.014374, -0.073763, 0.098603, -0.128367, -0.044212, 0.011922, 0.072472, 0.010576, -0.000000, 0.055609, -0.048148, 0.035807, 0.019578, 0.032353, -0.062276, 0.027145, 0.013762, -0.034122, 0.078839, -0.020075, 0.013913, -0.067183, -0.024824, -0.047299, -0.011177, -0.074990, 0.028353, -0.014019, -0.107753, -0.028441, 0.060051, -0.081273, -0.059637, -0.024973, 0.046330, -0.031383, 0.182634, 0.007854, -0.037262, 0.027692, -0.038205, -0.034063, -0.056228, -0.024167, 0.041672, -0.002808, 0.068215, 0.040601, 0.035915, 0.024684, -0.107341, -0.021938, 0.015746, 0.025907, -0.057654, -0.096698, 0.002408, -0.009164, -0.069077, 0.080557, 0.044776, -0.093300, 0.061958, -0.005813, -0.031901, -0.040026, -0.035000, -0.141052, -0.016882, 0.053829, -0.076739, -0.029143, 0.000768]

=== CHUNK hdfc_balanced_advantage::0::8 ===
source_url: https://groww.in/mutual-funds/hdfc-balanced-advantage-fund-direct-growth
scheme: HDFC Balanced Advantage Fund - Direct Growth
category: balanced_advantage
plan_variant: direct_growth
section: Scheme facts (as published on the scheme page)
fact_type: exit_load
authority: scheme_facts
is_atomic: true
char_len: 469
source_fetched_at: 2026-09-28T13:12:29+00:00
content_hash: 608716cc5a0870fc14d09e6f17304c0e4e5eb0993726f5856277e7a23046430e
---
Exit load note1: Exit Load for units in excess of 15% of the investment,1% will be charged for redemption within 1 year. (as on 2018-06-01)
Exit load note2: Exit load of 1% if redeemed within 1 year (as on 2015-05-08)
Exit load note3: Exit load of 2% if redeemed within 12 months, 1% if redeemed after 12 months but within 24 months and 0.50% if redeemed after 24 months but within 36 months (as on 2014-12-18)
Exit load note4: Exit load of 1% if redeemed within 1 year

embedding_dim: 384
embedding: [-0.009744, 0.032406, -0.045976, -0.027810, -0.006268, 0.004475, 0.009535, 0.067682, 0.026304, 0.048785, 0.070531, -0.020386, -0.023108, -0.019133, 0.008936, 0.073379, -0.036213, -0.098126, -0.039994, 0.006101, 0.052864, -0.055202, -0.053069, -0.028189, 0.054253, 0.034467, -0.033074, 0.008238, 0.002130, 0.002297, 0.021120, 0.008931, 0.028636, -0.085954, 0.036931, 0.028143, -0.094840, -0.032728, -0.001361, 0.001973, -0.023768, 0.001712, -0.029610, 0.015457, 0.049000, 0.003950, -0.088103, 0.085478, -0.001562, 0.128610, 0.061715, -0.001223, -0.021062, 0.080615, -0.082352, -0.017286, 0.043662, 0.046187, 0.003812, 0.006270, 0.039887, 0.011657, -0.042506, -0.035721, -0.024454, 0.003400, 0.050998, -0.026505, -0.009124, -0.002732, -0.043456, -0.103574, -0.075809, -0.079664, -0.020864, 0.040687, 0.068472, 0.027851, -0.025591, -0.127231, 0.008886, 0.016922, 0.037624, -0.059433, 0.004460, -0.008669, -0.010467, -0.001477, 0.108011, 0.030763, 0.060118, 0.117667, 0.025134, -0.002256, 0.014948, 0.033032, -0.091770, -0.024104, -0.008070, 0.017842, 0.030095, -0.000887, 0.004223, -0.017799, 0.039471, -0.056125, 0.011698, -0.008335, 0.032123, -0.042612, 0.041343, 0.005006, 0.116555, -0.020657, 0.041629, 0.057090, -0.048177, 0.055461, 0.074682, 0.051410, 0.112805, 0.048007, -0.058554, -0.050764, -0.088796, -0.010468, 0.033731, 0.000000, -0.044550, -0.054263, -0.067485, -0.009676, -0.077896, -0.047287, 0.054527, 0.111016, -0.042787, -0.028414, -0.019439, -0.047362, -0.013521, -0.000952, 0.021648, -0.023508, 0.031296, 0.003370, 0.136171, -0.015558, 0.044534, -0.114755, 0.028350, -0.000831, 0.084284, 0.071751, 0.001447, -0.051349, -0.037703, -0.010162, 0.064146, 0.020497, -0.009591, -0.097194, 0.003765, 0.051079, 0.057546, -0.009267, 0.034322, -0.071191, -0.016475, 0.080627, 0.033949, 0.018519, -0.039924, -0.121223, 0.073932, -0.027026, 0.014039, 0.066215, -0.057276, -0.086556, -0.036966, 0.043276, -0.041766, -0.010046, -0.065141, -0.048045, -0.041262, -0.041169, 0.010445, -0.045566, -0.034079, 0.010205, -0.149688, 0.011269, -0.002440, -0.025028, -0.125698, 0.048074, -0.037468, -0.052682, 0.054131, -0.089448, 0.014389, -0.032384, 0.057848, 0.014230, 0.070668, 0.014253, -0.022354, -0.009168, -0.018415, 0.005797, 0.000102, 0.032290, 0.127619, -0.158771, -0.021543, -0.006039, 0.004821, -0.036926, -0.022702, 0.026327, 0.052547, -0.000000, -0.024622, 0.070261, -0.055122, 0.002412, -0.058278, 0.047809, 0.000615, 0.105679, -0.006332, 0.072319, 0.004079, 0.021809, 0.013939, 0.038301, -0.027017, -0.012541, 0.003441, -0.009748, 0.013276, -0.006006, 0.036366, -0.022134, -0.001026, 0.024829, 0.033968, -0.007482, -0.079946, -0.025017, -0.052900, -0.036838, 0.001133, -0.079696, -0.019111, 0.047011, -0.053781, -0.002667, 0.048727, -0.001799, -0.004782, 0.101964, 0.108070, -0.003788, 0.017749, 0.005793, -0.020344, -0.015366, 0.051175, 0.033874, -0.011669, -0.071254, -0.002428, -0.044652, 0.015234, 0.057296, -0.060703, 0.041622, 0.120253, 0.012950, -0.139853, -0.040986, 0.001242, 0.022000, 0.072298, -0.002620, -0.035052, -0.080266, 0.038012, 0.045961, 0.019892, 0.022968, 0.005130, 0.018565, 0.028006, -0.097676, -0.062615, 0.056799, -0.037663, -0.131388, -0.011796, -0.071786, -0.002718, 0.027615, -0.009153, 0.049254, -0.054725, -0.057418, 0.049632, -0.024455, -0.034416, 0.073886, -0.028677, -0.016666, 0.066837, 0.020933, -0.025712, -0.000000, -0.037363, 0.043222, 0.083883, -0.024512, 0.051054, 0.013939, 0.042276, 0.048116, -0.009774, 0.034400, 0.111268, -0.003575, -0.082614, -0.078711, -0.109974, 0.053361, -0.012613, 0.018566, 0.021015, -0.028887, -0.031735, 0.040030, -0.028963, -0.079250, -0.017846, -0.032616, 0.073552, 0.126549, -0.003908, -0.058505, -0.019540, 0.034739, 0.055524, -0.041759, -0.080092, 0.037522, 0.026758, 0.012689, 0.016114, 0.083281, -0.006584, 0.057330, -0.036309, -0.011616, -0.030217, -0.021947, -0.066455, -0.006291, 0.060767, -0.047107, -0.016710, -0.037044, -0.076782, 0.059644, 0.032057, -0.025104, -0.049056, 0.065560, -0.075821, 0.028349, 0.001430, -0.028506, -0.040755, -0.038622]

=== CHUNK hdfc_balanced_advantage::0::9 ===
source_url: https://groww.in/mutual-funds/hdfc-balanced-advantage-fund-direct-growth
scheme: HDFC Balanced Advantage Fund - Direct Growth
category: balanced_advantage
plan_variant: direct_growth
section: Scheme facts (as published on the scheme page)
fact_type: general
authority: scheme_facts
is_atomic: true
char_len: 313
source_fetched_at: 2026-09-28T13:12:29+00:00
content_hash: 608716cc5a0870fc14d09e6f17304c0e4e5eb0993726f5856277e7a23046430e
---
Scheme name: HDFC Balanced Advantage Fund Direct Growth
Fund name: HDFC Balanced Advantage Fund
Plan: Direct
Option: Growth
Asset management company: HDFC
Fund house: HDFC Mutual Fund
Stamp duty: 0.005% (from July 1st, 2020)
ISIN: INF179K01WA6
(as on 2013-01-01)
RTA and custodian: RTA: Cams; Custodian: HDFC Bank

embedding_dim: 384
embedding: [-0.001672, -0.023575, -0.110860, -0.000406, 0.072006, 0.031423, 0.058846, 0.007140, -0.043017, -0.017520, 0.007508, -0.113281, -0.088397, -0.050846, -0.033630, -0.022540, -0.037320, -0.049832, 0.037258, -0.023358, -0.043358, -0.015975, -0.028799, 0.030083, 0.031540, -0.019128, -0.006823, 0.053428, -0.031020, -0.031905, 0.042027, 0.091512, 0.055865, -0.045979, 0.017612, 0.072682, -0.073047, -0.024860, 0.019655, -0.065461, 0.003751, -0.057181, -0.000016, -0.026858, 0.054521, -0.005251, -0.034670, 0.056518, 0.036208, 0.035649, -0.030530, -0.007626, -0.007462, 0.027576, 0.006137, 0.094331, -0.030465, -0.027883, 0.032141, -0.011920, -0.053648, -0.053132, 0.057531, -0.031436, -0.013142, -0.000356, -0.013055, 0.025828, 0.028446, -0.079002, -0.031986, -0.018477, -0.062057, -0.046274, 0.000447, 0.056554, 0.025997, 0.028061, 0.061717, -0.115560, -0.049376, 0.065927, 0.080540, 0.042065, -0.003608, 0.002944, -0.001945, -0.066256, 0.022575, -0.018796, 0.045186, 0.045224, 0.005851, 0.038855, -0.084797, -0.038159, -0.086142, -0.074963, -0.040224, -0.003070, 0.019007, 0.003671, -0.035148, -0.021575, -0.045342, -0.006224, 0.023033, 0.075534, 0.095799, -0.048152, -0.031515, 0.066812, 0.009784, -0.020193, -0.035830, 0.004934, -0.123353, -0.117700, 0.038260, -0.020185, 0.067065, -0.003978, -0.053175, -0.078052, -0.073542, -0.052669, -0.000174, 0.000000, -0.026122, 0.054821, 0.068448, -0.050781, -0.003266, -0.065777, 0.032297, -0.002284, -0.037579, 0.031761, -0.017894, 0.025268, -0.012235, -0.056427, -0.089247, -0.135449, 0.014322, 0.133648, 0.034451, 0.054881, 0.022748, 0.111976, 0.012891, -0.075382, 0.110842, 0.015832, 0.002086, 0.003110, 0.040365, 0.064705, 0.048736, -0.086454, -0.057979, -0.089821, -0.018796, -0.019588, -0.017613, -0.081805, -0.078017, 0.046035, 0.029992, 0.071517, 0.023511, -0.018725, -0.006388, 0.011036, 0.104382, 0.078355, 0.059444, 0.073413, -0.098118, -0.082501, -0.042470, -0.043541, 0.021479, 0.015215, -0.070671, 0.035197, 0.015912, -0.005729, -0.019982, -0.048726, -0.158380, -0.004331, -0.080332, 0.006982, 0.037172, -0.077594, 0.011144, -0.023450, 0.014367, 0.052162, 0.038792, 0.082759, 0.008009, -0.062826, -0.006395, 0.132475, 0.013366, 0.097726, -0.047087, 0.086902, 0.006768, 0.007200, 0.024486, 0.031357, 0.062299, -0.024757, -0.045373, -0.076063, -0.060509, -0.035058, 0.072575, 0.013284, -0.004858, -0.000000, 0.013105, -0.007472, -0.005688, -0.024297, 0.050730, 0.039981, 0.032694, 0.024495, 0.048057, 0.039143, 0.123396, 0.023241, -0.037000, -0.071620, 0.022952, -0.090572, 0.049021, -0.026365, -0.066704, -0.010077, 0.027353, -0.022373, 0.000028, 0.103724, 0.001619, 0.028968, 0.002349, 0.041657, 0.031236, 0.036810, -0.016554, -0.025581, -0.071602, 0.080190, 0.023087, -0.108101, 0.011876, -0.002501, -0.034079, 0.071599, 0.025865, -0.006675, 0.068871, 0.034886, -0.085468, -0.007863, -0.002322, -0.006093, 0.072610, 0.010619, -0.014400, -0.049389, -0.022193, -0.002325, -0.030859, 0.048591, 0.086060, 0.076735, -0.002517, -0.022017, 0.085278, 0.045254, 0.005359, 0.106916, 0.028986, 0.025272, -0.062139, -0.080286, 0.027930, -0.067593, 0.037082, -0.024372, 0.062494, 0.035863, -0.020372, -0.019845, 0.053097, -0.025211, 0.047520, 0.061859, 0.070168, 0.001366, -0.037857, 0.091263, -0.053901, -0.057610, 0.033116, -0.043542, -0.015309, 0.005604, -0.053454, -0.045265, 0.005530, 0.084547, 0.026878, -0.000000, -0.000355, -0.055751, 0.027087, -0.027405, 0.021034, -0.063641, -0.003397, -0.030590, -0.007305, 0.008279, 0.036277, 0.071046, -0.024875, -0.092837, -0.018485, -0.063076, -0.036560, 0.067097, -0.013021, 0.012463, 0.027234, 0.026719, -0.005999, -0.037455, 0.023960, -0.028592, 0.045125, -0.004223, 0.031859, 0.000137, 0.048071, 0.005996, 0.038108, 0.004466, -0.005228, 0.102641, -0.013350, 0.059743, 0.058569, 0.088637, -0.018409, -0.048146, 0.052757, -0.048916, -0.062600, 0.006806, -0.030895, 0.017640, 0.035441, -0.130850, -0.054818, -0.029709, -0.022475, -0.015795, -0.062370, 0.065688, -0.018156, -0.038335, -0.016884, -0.023098, 0.090395, -0.068433, -0.017384, 0.094248]

=== CHUNK hdfc_balanced_advantage::1::0 ===
source_url: https://groww.in/mutual-funds/hdfc-balanced-advantage-fund-direct-growth
scheme: HDFC Balanced Advantage Fund - Direct Growth
category: balanced_advantage
plan_variant: direct_growth
section: HDFC Balanced Advantage Fund Direct Growth
fact_type: expense_ratio
authority: page_text
is_atomic: true
char_len: 168
source_fetched_at: 2026-09-28T13:12:29+00:00
content_hash: 608716cc5a0870fc14d09e6f17304c0e4e5eb0993726f5856277e7a23046430e
---
HDFC Balanced Advantage Fund Direct Growth
Hybrid
Dynamic Asset Allocation
Very High Risk Min. for SIP
₹100
Fund size (AUM)
₹1,07,295.79 Cr
Expense ratio
0.78%
Rating
5

embedding_dim: 384
embedding: [0.058505, -0.020847, -0.129492, 0.018308, 0.078479, 0.040819, 0.040570, 0.065332, -0.041024, 0.011784, -0.018991, -0.086519, -0.071196, -0.024626, -0.000484, -0.031219, -0.014331, -0.082041, 0.020318, 0.041610, -0.037862, -0.039913, 0.026205, 0.027298, 0.046377, -0.002107, 0.012727, 0.059080, 0.005547, -0.034303, 0.078537, 0.107326, 0.118108, -0.047414, 0.004432, 0.035435, -0.075666, -0.023676, -0.012803, -0.106133, 0.013089, -0.003277, 0.009725, -0.055287, 0.021845, -0.022194, -0.060585, 0.069244, 0.055793, -0.002044, 0.018995, 0.028013, -0.012273, -0.040583, -0.012250, 0.061167, -0.002050, -0.012772, 0.022656, -0.011132, -0.023380, -0.000571, 0.042637, -0.008310, 0.001811, -0.017707, -0.015673, 0.066722, 0.012010, 0.008350, -0.027977, -0.083447, -0.064445, -0.089603, 0.019636, 0.071490, 0.021052, 0.005150, 0.026363, -0.004849, -0.053567, 0.008281, 0.078593, 0.018137, 0.023720, -0.011017, 0.012983, -0.129885, -0.052865, -0.075327, 0.065887, 0.071245, 0.050845, 0.063669, -0.023931, -0.020675, -0.046686, -0.070439, -0.042193, -0.000693, 0.045326, 0.071411, -0.019195, -0.038197, 0.030553, -0.027192, 0.077796, 0.015647, 0.075023, -0.032171, 0.004957, 0.090867, 0.011874, -0.045688, -0.043175, -0.039123, -0.076842, -0.129063, 0.004135, 0.018823, 0.000968, 0.006611, -0.008089, -0.039678, 0.006165, -0.076777, -0.004811, 0.000000, -0.004065, 0.006625, -0.021227, -0.063353, -0.016497, -0.050894, 0.058742, -0.033484, -0.028715, -0.015321, 0.028866, 0.056402, -0.028699, -0.031568, -0.009950, -0.112938, -0.042879, 0.095447, 0.053154, -0.012136, -0.052674, 0.050044, 0.045236, -0.103002, 0.129976, 0.011197, 0.015690, -0.021289, 0.049410, 0.072252, -0.016307, -0.031921, -0.098265, -0.057238, -0.101743, 0.025938, -0.071204, -0.017195, -0.085898, 0.007927, -0.016412, 0.040807, 0.014688, -0.069732, -0.025940, 0.002386, 0.059252, 0.067658, -0.056116, 0.079545, -0.115186, -0.087635, -0.024805, 0.049740, 0.040385, -0.015357, -0.052586, -0.010704, -0.004956, 0.026778, -0.019386, -0.049463, -0.164086, 0.039222, -0.045721, 0.089253, 0.048379, -0.081978, 0.025441, -0.021950, 0.043929, -0.017867, 0.048270, 0.050898, -0.017191, -0.015470, 0.026727, 0.119530, 0.001977, 0.087689, -0.009827, 0.110699, 0.074395, -0.016202, 0.036872, -0.005157, 0.044763, -0.015214, -0.081824, -0.013706, 0.031252, -0.061589, 0.126895, 0.007813, -0.011965, -0.000000, -0.017229, -0.031657, 0.005044, 0.013686, 0.012709, 0.042531, 0.016089, 0.020311, -0.008727, -0.009020, 0.070787, 0.045743, 0.019246, -0.050229, -0.029254, -0.035649, 0.025104, -0.006024, -0.012811, -0.009142, 0.066083, 0.033540, 0.044525, 0.085793, -0.035937, 0.031104, -0.030206, -0.008348, -0.011932, -0.004407, 0.000702, -0.007266, -0.064689, 0.093259, -0.012433, -0.091514, -0.023822, 0.046100, 0.000976, 0.096224, -0.000761, 0.000864, 0.004992, -0.134432, 0.011131, -0.040796, 0.026567, -0.028324, 0.063677, -0.015688, 0.012281, -0.061757, 0.041521, 0.074451, -0.072376, 0.021478, 0.123809, 0.060748, -0.009854, -0.026943, 0.055907, 0.109386, 0.017646, 0.031610, 0.003821, 0.040981, -0.067330, -0.073862, 0.016703, -0.076202, 0.015942, 0.005712, 0.091235, 0.066453, 0.010147, 0.043425, -0.015488, -0.033984, 0.076537, 0.047238, -0.007930, 0.048631, -0.014646, 0.086780, -0.052386, -0.028143, 0.006019, -0.168972, -0.023426, 0.016862, -0.037165, -0.018693, -0.003994, 0.062334, 0.026521, -0.000000, 0.004574, -0.023369, 0.009379, 0.007948, -0.031948, -0.056962, -0.055188, -0.014463, 0.014595, 0.058193, 0.080764, 0.006270, -0.037208, -0.031309, -0.078253, -0.078856, -0.013649, 0.065604, -0.023198, -0.026699, 0.079961, 0.021056, 0.046146, 0.014227, 0.034165, -0.020437, 0.022945, -0.028342, 0.035244, -0.014769, 0.012177, 0.036215, -0.004916, 0.061648, -0.034220, 0.062586, 0.044145, -0.006765, -0.021033, 0.152283, 0.020261, -0.075381, 0.023033, -0.076872, -0.027754, 0.035178, -0.053657, 0.003971, 0.036219, -0.083414, 0.037472, 0.010102, 0.001377, -0.023052, -0.005306, -0.002040, -0.035644, 0.007651, 0.016780, -0.005841, 0.063900, -0.079166, -0.041010, 0.071855]

=== CHUNK hdfc_balanced_advantage::2::0 ===
source_url: https://groww.in/mutual-funds/hdfc-balanced-advantage-fund-direct-growth
scheme: HDFC Balanced Advantage Fund - Direct Growth
category: balanced_advantage
plan_variant: direct_growth
section: Minimum investments
fact_type: min_sip
authority: page_text
is_atomic: true
char_len: 95
source_fetched_at: 2026-09-28T13:12:29+00:00
content_hash: 608716cc5a0870fc14d09e6f17304c0e4e5eb0993726f5856277e7a23046430e
---
Minimum investments
Min. for 1st investment
₹100
Min. for 2nd investment
₹100
Min. for SIP
₹100

embedding_dim: 384
embedding: [0.051274, 0.046294, -0.092354, 0.002631, -0.071447, 0.015431, 0.046206, 0.109477, -0.001120, 0.005944, 0.020687, -0.082094, -0.026935, 0.044414, -0.000246, -0.055469, -0.018081, -0.086410, -0.018375, -0.010190, 0.082598, -0.054397, -0.014987, -0.046661, 0.086270, 0.012086, 0.041993, 0.068080, 0.038712, 0.012984, 0.076722, 0.070938, 0.078622, -0.046316, 0.005632, 0.009935, -0.018650, 0.019833, 0.037962, -0.073937, -0.044374, -0.049560, 0.019444, -0.058981, -0.001474, -0.028047, -0.037963, 0.105733, 0.036105, 0.013208, -0.015774, 0.023477, -0.064114, -0.031551, -0.053242, -0.038302, -0.056106, 0.013335, 0.012347, 0.026110, -0.010065, 0.008086, 0.000082, 0.057748, 0.048766, -0.025573, -0.025935, -0.004750, -0.020322, 0.058034, 0.013178, -0.077803, -0.106245, -0.091128, -0.056992, -0.017048, 0.060515, 0.071148, -0.025572, -0.033878, 0.013657, -0.018485, -0.007503, -0.002343, -0.022778, 0.010312, 0.002739, -0.001013, -0.017068, -0.058803, 0.097010, 0.105753, -0.025700, 0.058609, -0.024036, 0.003226, -0.017229, -0.026084, -0.046547, 0.037350, 0.011744, -0.056955, -0.012809, 0.023954, 0.010827, -0.054635, 0.080548, -0.063565, 0.017131, -0.008145, -0.065060, 0.099848, 0.036649, -0.047014, -0.043187, 0.074048, -0.046978, -0.028572, 0.096411, 0.053040, -0.025313, 0.040829, -0.027044, -0.061404, -0.057080, -0.057575, 0.000193, 0.000000, -0.059433, -0.008869, -0.052416, -0.012664, -0.059683, -0.000865, 0.074479, -0.030294, -0.047553, -0.088667, 0.022704, -0.071859, -0.027663, -0.003737, 0.013788, -0.067373, 0.053456, 0.088631, 0.052151, -0.043426, -0.027344, -0.080015, 0.041805, -0.022139, 0.103285, -0.010279, 0.041683, -0.114609, 0.074635, 0.042701, 0.094559, 0.022585, -0.105793, -0.018419, -0.055189, 0.075044, 0.051874, -0.004477, -0.040283, -0.011657, -0.062306, 0.050614, -0.021156, -0.063383, 0.010825, 0.054635, 0.049039, 0.101590, -0.033752, 0.015235, -0.084079, -0.012389, -0.084133, 0.006867, 0.030465, -0.033050, -0.029303, -0.083800, -0.069752, -0.005244, -0.031327, -0.082477, -0.119069, 0.017906, -0.075626, 0.077278, -0.016839, -0.019690, 0.056923, 0.049705, -0.072642, -0.047959, 0.120741, 0.007389, 0.057592, 0.051804, 0.068997, 0.059114, 0.008745, 0.083376, -0.008902, 0.060672, -0.019348, 0.007702, 0.044959, 0.012949, 0.048444, 0.007244, -0.042731, -0.002681, -0.073455, 0.000774, 0.038112, 0.059089, 0.027261, -0.000000, -0.033744, 0.026841, 0.056775, 0.060122, 0.023419, 0.031111, 0.093249, 0.032480, 0.062764, 0.067144, -0.053720, -0.001775, 0.042515, -0.069320, -0.095194, -0.041832, 0.038390, -0.025976, 0.046397, -0.018277, 0.048290, 0.068061, 0.001338, 0.036982, 0.015922, 0.048804, -0.047859, 0.017459, -0.095752, -0.046190, -0.035109, -0.028755, -0.089362, 0.031395, -0.057987, -0.032340, 0.019071, -0.044572, -0.022762, 0.102595, 0.105751, 0.029149, 0.037555, -0.063172, 0.017958, -0.075185, 0.060180, -0.044393, -0.030686, -0.109083, 0.002500, -0.031981, 0.024345, 0.033740, 0.016910, 0.031497, 0.031461, -0.020727, 0.036033, -0.013973, 0.031808, 0.065487, -0.028552, 0.097458, -0.035493, -0.018187, -0.001863, -0.010523, 0.053254, -0.109301, -0.020620, 0.022250, 0.085302, -0.017087, -0.052766, 0.025572, -0.046601, -0.047507, 0.069579, 0.028734, -0.041256, 0.113569, -0.042625, 0.024377, 0.031855, 0.003369, 0.013876, -0.083307, 0.036790, -0.025148, -0.087052, 0.051074, 0.082297, 0.053874, -0.000947, -0.000000, -0.014349, -0.062969, 0.022286, 0.011804, 0.037239, -0.025429, -0.041980, -0.007191, 0.047768, 0.024674, 0.064911, -0.016557, -0.037927, 0.021003, -0.116707, -0.067241, 0.008924, -0.017535, -0.024903, -0.061335, 0.080783, 0.029759, 0.057257, 0.037178, -0.019226, -0.032226, 0.082276, 0.013084, 0.029791, 0.033926, -0.087190, 0.042524, 0.040772, -0.001133, -0.083337, 0.011655, 0.056990, 0.047064, -0.039613, 0.032802, 0.005556, -0.146443, -0.021253, -0.059015, 0.000184, -0.011156, -0.026701, -0.002684, 0.037614, -0.083711, 0.054437, 0.011295, 0.027761, 0.011404, -0.030468, 0.037418, -0.068620, 0.042982, -0.069975, -0.034791, 0.018128, 0.008718, -0.054528, 0.009665]

=== CHUNK hdfc_balanced_advantage::3::0 ===
source_url: https://groww.in/mutual-funds/hdfc-balanced-advantage-fund-direct-growth
scheme: HDFC Balanced Advantage Fund - Direct Growth
category: balanced_advantage
plan_variant: direct_growth
section: Expense ratio
fact_type: expense_ratio
authority: page_text
is_atomic: true
char_len: 217
source_fetched_at: 2026-09-28T13:12:29+00:00
content_hash: 608716cc5a0870fc14d09e6f17304c0e4e5eb0993726f5856277e7a23046430e
---
Expense ratio
A fee payable to a mutual fund house for managing your mutual fund investments. It is the total percentage of a company's fund assets used for administrative, management, advertising, and other expenses.

embedding_dim: 384
embedding: [0.055193, -0.068486, -0.106345, 0.042540, 0.148237, -0.007048, 0.068020, -0.014563, 0.039526, -0.009908, -0.043549, -0.021647, -0.010628, 0.070969, -0.071424, -0.096657, -0.023812, 0.041907, -0.007222, 0.058404, -0.016179, 0.029258, 0.079867, 0.056764, 0.067137, -0.037525, 0.032923, 0.006966, -0.082352, -0.005720, 0.045024, 0.003418, -0.022078, -0.069152, 0.002573, 0.056579, -0.057060, -0.016416, 0.043264, 0.014168, -0.049402, 0.053230, -0.017254, -0.014502, -0.062990, 0.066649, -0.074997, 0.023776, 0.010187, 0.091902, 0.045802, 0.047271, -0.077918, -0.011914, -0.010183, 0.015286, -0.069464, -0.042120, -0.026206, -0.054500, -0.048764, -0.068036, 0.035174, 0.027259, 0.023174, -0.000693, 0.019109, 0.089804, -0.041101, -0.041226, 0.012525, 0.000151, -0.026077, -0.083341, 0.012318, 0.077287, 0.004941, 0.068320, 0.002234, 0.001968, -0.049294, 0.043292, 0.105481, 0.019611, -0.003957, -0.014698, 0.084886, -0.059681, 0.041861, -0.010323, 0.035260, -0.008694, -0.032559, -0.064482, 0.054453, 0.041486, -0.069496, -0.011394, -0.024384, -0.027029, 0.011427, -0.066277, 0.016923, -0.044700, 0.012452, -0.021944, 0.090351, 0.024000, 0.081603, 0.024315, -0.032866, 0.054434, 0.034324, -0.020287, 0.027160, 0.002297, 0.000630, -0.031915, 0.139725, 0.034622, 0.054831, 0.012173, -0.021772, -0.059392, -0.004181, -0.062774, -0.086422, -0.000000, -0.031070, 0.018218, 0.017165, 0.025063, -0.107426, 0.038024, 0.003980, 0.044806, -0.048748, -0.080899, -0.003851, 0.068760, -0.009877, -0.028748, -0.015885, -0.109077, 0.008349, 0.163543, 0.106760, -0.047373, -0.006749, 0.070913, 0.027486, -0.022529, 0.002638, -0.046050, -0.016870, 0.013453, 0.026961, 0.002863, 0.022523, 0.053027, 0.032694, -0.045767, -0.077785, 0.027521, -0.018924, 0.078266, 0.014866, 0.020798, -0.063720, -0.021459, -0.022573, -0.086869, -0.078011, -0.024532, 0.120900, 0.025031, -0.058754, -0.047142, -0.067378, -0.085619, -0.007043, 0.019631, 0.075677, -0.041353, -0.011914, -0.042350, -0.089098, 0.020412, 0.022875, -0.006676, -0.050931, -0.026456, -0.028554, -0.073562, -0.006167, 0.055044, -0.012658, 0.037634, -0.014839, -0.015488, -0.006198, 0.111893, -0.011616, 0.012801, 0.006743, 0.006131, -0.018351, 0.095994, -0.093869, -0.015227, 0.005222, 0.061423, -0.071741, -0.018295, 0.077519, 0.061305, -0.088102, -0.025049, 0.103116, -0.064994, -0.007179, 0.003781, 0.014281, 0.000000, 0.022536, 0.010717, 0.080545, 0.031805, -0.026738, -0.005009, 0.001162, -0.013052, 0.049987, 0.035087, -0.108907, 0.006475, -0.050493, -0.079061, -0.079201, -0.085599, -0.038067, 0.009816, -0.010186, -0.012302, 0.069437, 0.010083, 0.092477, -0.061468, -0.071665, 0.017068, -0.034131, 0.028969, -0.023513, 0.071774, -0.039859, -0.086080, -0.040386, 0.032453, -0.019719, -0.051183, -0.035046, 0.028576, 0.015419, 0.028602, 0.053967, 0.014651, 0.050191, -0.049425, 0.116330, -0.090069, -0.024164, -0.063134, 0.068248, -0.033660, -0.080962, -0.054185, -0.000036, -0.011897, -0.105612, 0.038817, -0.000190, 0.076864, 0.024365, 0.049395, 0.051060, 0.081504, 0.016768, 0.070990, -0.119970, 0.034089, -0.023004, -0.041678, 0.004122, 0.065809, -0.005817, 0.026181, 0.029685, 0.076966, -0.014253, 0.023279, 0.035534, -0.024433, 0.012772, -0.015682, 0.062093, -0.011973, -0.055840, -0.016890, -0.008805, -0.041619, 0.055265, -0.028279, -0.006851, -0.029745, 0.039126, -0.107412, 0.089913, 0.091173, -0.044832, -0.000000, -0.027080, -0.055888, 0.036308, -0.046943, -0.048412, -0.026270, 0.005892, -0.024332, 0.057755, 0.076273, 0.084729, 0.018479, -0.092706, 0.041984, -0.055038, -0.051859, -0.024715, 0.029936, 0.003223, 0.005080, 0.004983, 0.025364, -0.020775, 0.016438, 0.056788, -0.055705, 0.010690, 0.042279, -0.018256, -0.082396, 0.038564, 0.029017, -0.018568, 0.006776, -0.037106, 0.063309, -0.040083, 0.059277, 0.013204, 0.119978, 0.024916, -0.038777, 0.049746, -0.033590, 0.048960, -0.001155, -0.093102, -0.020270, -0.013998, -0.111473, 0.048791, 0.070389, -0.023603, 0.036726, -0.060735, -0.019467, -0.028547, 0.023180, -0.070684, -0.001901, 0.022637, -0.011333, -0.009948, -0.024796]

=== CHUNK hdfc_balanced_advantage::4::0 ===
source_url: https://groww.in/mutual-funds/hdfc-balanced-advantage-fund-direct-growth
scheme: HDFC Balanced Advantage Fund - Direct Growth
category: balanced_advantage
plan_variant: direct_growth
section: Tax
fact_type: general
authority: page_text
is_atomic: true
char_len: 256
source_fetched_at: 2026-09-28T13:12:29+00:00
content_hash: 608716cc5a0870fc14d09e6f17304c0e4e5eb0993726f5856277e7a23046430e
---
Tax
A percentage of your capital gains payable to the government upon exiting your mutual fund investments. Taxation is categorized as long-term capital gains (LTCG) and short-term capital gains (STCG) depending on your holding period and the type of fund.

embedding_dim: 384
embedding: [0.045199, -0.081162, -0.013279, 0.004471, 0.116711, 0.068932, 0.081745, 0.036595, 0.008286, 0.026332, 0.009733, 0.017792, -0.071654, -0.012336, -0.021195, -0.052049, -0.063911, 0.044842, 0.039504, -0.024102, 0.050077, 0.002299, -0.012816, 0.027755, 0.130319, -0.069667, -0.023953, -0.002469, 0.025471, -0.012168, -0.004616, 0.014227, -0.092816, -0.031153, -0.048707, 0.048733, 0.000357, -0.083433, 0.035614, -0.057994, 0.021101, -0.009610, 0.035923, 0.009221, -0.028802, 0.012713, 0.032053, 0.006956, -0.035477, 0.026377, 0.073100, 0.039266, -0.080390, 0.095152, -0.029045, -0.010856, -0.030142, 0.038795, 0.012561, -0.020022, -0.070887, -0.056924, 0.060927, -0.005699, -0.003603, -0.018221, -0.037392, 0.033139, 0.039086, -0.029364, -0.004904, -0.026743, -0.041153, -0.086397, -0.104109, 0.038751, 0.008711, 0.072611, 0.021438, -0.062048, 0.001091, 0.092035, 0.105061, -0.050912, 0.004637, -0.001603, 0.074211, 0.031166, 0.059218, 0.058671, 0.054957, 0.030351, -0.027153, 0.015132, -0.057909, -0.040632, -0.001215, -0.063324, -0.041893, 0.016748, 0.048149, -0.028938, -0.027925, 0.005856, 0.034956, -0.033346, -0.017475, -0.008285, 0.010256, -0.080125, -0.081063, 0.160409, -0.020334, 0.015486, -0.046855, 0.112751, -0.053729, -0.030059, 0.064011, -0.059070, -0.014549, -0.017868, -0.034672, -0.006175, -0.047827, -0.036733, 0.006545, -0.000000, -0.084370, 0.018044, 0.025386, -0.004611, -0.069170, 0.017620, 0.085923, -0.051296, -0.022453, -0.084441, 0.009084, 0.022191, -0.013218, 0.039181, 0.044221, -0.131947, -0.038653, 0.075823, 0.107557, -0.046497, 0.059152, 0.078687, 0.020880, 0.010406, 0.071401, 0.021329, -0.059026, -0.013474, -0.057196, 0.039142, 0.042337, 0.080193, 0.001410, -0.033284, -0.058756, 0.008643, -0.047557, -0.032013, 0.028286, 0.001448, -0.009357, -0.043691, 0.044513, -0.063615, -0.159480, -0.016652, 0.054344, 0.060024, -0.042346, -0.027507, 0.038758, -0.103927, -0.068899, -0.031717, 0.029733, 0.007730, -0.063791, -0.057460, -0.043398, -0.017194, 0.031192, -0.029376, -0.045296, 0.019266, -0.077619, 0.053957, -0.051840, -0.000286, 0.060347, 0.025846, -0.023528, -0.010391, 0.005078, 0.057481, 0.105543, -0.023955, -0.093149, 0.045860, 0.029423, 0.078085, 0.002352, -0.004047, -0.072683, -0.072444, 0.070044, 0.016963, 0.029422, -0.001899, -0.002329, -0.033784, 0.021535, -0.026897, 0.046760, 0.023355, -0.072620, -0.000000, 0.002078, 0.008027, 0.035985, 0.021350, -0.038968, -0.012867, 0.016429, -0.000365, -0.049327, 0.079495, 0.003026, -0.050151, -0.103705, -0.027005, -0.077452, -0.139339, -0.000360, -0.014594, -0.004262, -0.022750, 0.046023, -0.036969, 0.018462, 0.070488, -0.038363, -0.015084, -0.074717, 0.048454, -0.032364, 0.036420, 0.050619, 0.067152, -0.033891, -0.011624, 0.022263, -0.043447, 0.054389, -0.026102, 0.051826, 0.050922, 0.015269, 0.020011, 0.120968, 0.051623, 0.069296, -0.038667, -0.015829, 0.055787, 0.009795, 0.014117, -0.024787, -0.032319, -0.000747, -0.056630, -0.066056, 0.042613, -0.005426, -0.008935, -0.076502, 0.024027, 0.055877, 0.047827, -0.026926, 0.062237, -0.010963, -0.078397, -0.020503, -0.070814, 0.080906, -0.032535, 0.042076, 0.006522, -0.025458, -0.015382, 0.018198, -0.010751, 0.079488, 0.024976, 0.086965, -0.019408, 0.045376, -0.022022, 0.024382, 0.001082, -0.002887, -0.006225, 0.008897, -0.035977, 0.069852, -0.061708, -0.024624, -0.017590, 0.093702, 0.042987, 0.038477, -0.000000, -0.023804, -0.007127, 0.018624, 0.003093, -0.068602, 0.038802, -0.015255, -0.032974, 0.014928, -0.023196, 0.025641, 0.029103, -0.077427, -0.044446, -0.140949, -0.018082, -0.016697, 0.043929, 0.033624, 0.018934, 0.049995, -0.019166, -0.014333, 0.094515, 0.038215, -0.031040, 0.113681, 0.072258, 0.010584, 0.049311, 0.058191, 0.013572, -0.029077, 0.106112, -0.018851, 0.060847, 0.039816, 0.016743, 0.049945, 0.169313, 0.003775, 0.049510, 0.068371, -0.030476, -0.124892, -0.001257, -0.033496, -0.032375, -0.022393, -0.051718, 0.093938, -0.038044, -0.088969, -0.039799, -0.050522, -0.021846, -0.029294, 0.044753, -0.088481, -0.081480, -0.027408, -0.055642, 0.029454, -0.005127]

=== CHUNK hdfc_balanced_advantage::5::0 ===
source_url: https://groww.in/mutual-funds/hdfc-balanced-advantage-fund-direct-growth
scheme: HDFC Balanced Advantage Fund - Direct Growth
category: balanced_advantage
plan_variant: direct_growth
section: Exit load
fact_type: exit_load
authority: page_text
is_atomic: true
char_len: 159
source_fetched_at: 2026-09-28T13:12:29+00:00
content_hash: 608716cc5a0870fc14d09e6f17304c0e4e5eb0993726f5856277e7a23046430e
---
Exit load
A fee payable to a mutual fund house for exiting a fund (fully or partially) before the completion of a specified period from the date of investment.

embedding_dim: 384
embedding: [0.056902, 0.010251, -0.041701, 0.051720, 0.088564, 0.010061, 0.041278, -0.014979, 0.006100, 0.052224, -0.044543, 0.012784, -0.041278, 0.019864, -0.054330, -0.056194, -0.037347, -0.001777, 0.051542, 0.072269, 0.049296, -0.018388, -0.003165, 0.037348, 0.077765, -0.038981, 0.028870, -0.022254, -0.020044, -0.018404, 0.016735, -0.008113, -0.080776, -0.091869, 0.054674, 0.082998, -0.084051, 0.011330, 0.013002, 0.006213, 0.027246, 0.012186, 0.066283, 0.038585, -0.023071, 0.091665, -0.044285, 0.022843, 0.001276, 0.088782, 0.033244, 0.023866, -0.021132, 0.038897, -0.013641, 0.067274, 0.053220, -0.053127, -0.035238, 0.022622, -0.008012, -0.028592, -0.035805, -0.014931, 0.003489, 0.025393, -0.028012, 0.024046, 0.054031, 0.013647, 0.021369, -0.063370, -0.086432, -0.067141, 0.000603, 0.071029, 0.029696, 0.018077, -0.015885, -0.057027, -0.033433, 0.012166, 0.126005, -0.018617, -0.000727, 0.016407, 0.033497, 0.006296, 0.134403, 0.012931, 0.001398, 0.061798, -0.019697, -0.003043, 0.025021, -0.022298, -0.026624, -0.090230, -0.034433, 0.036533, 0.040036, -0.055489, -0.062289, -0.004397, 0.026169, -0.063423, 0.030988, 0.009943, 0.020515, -0.002053, -0.046196, 0.021837, 0.123739, -0.054226, 0.051856, 0.125189, -0.060009, 0.028246, 0.166850, -0.040079, 0.061045, 0.053355, -0.047214, -0.097522, -0.036701, -0.022114, 0.031371, -0.000000, -0.033199, -0.072862, -0.013550, -0.009071, -0.085226, -0.015399, 0.006182, 0.011083, -0.031114, -0.084110, 0.071460, -0.078511, -0.052808, -0.069889, -0.027191, -0.131913, 0.060863, 0.120753, 0.139723, -0.021115, 0.094069, -0.008228, -0.007003, -0.026128, 0.030182, -0.032633, -0.014555, -0.017481, 0.062735, 0.037897, 0.032991, 0.002577, -0.064143, -0.023392, -0.057172, -0.022393, -0.055584, 0.010729, 0.000513, -0.042396, -0.002297, 0.025292, -0.005247, -0.030499, -0.115074, -0.076470, 0.144091, 0.006895, -0.057487, -0.007587, -0.042568, -0.097022, -0.033014, -0.007655, -0.017276, -0.023423, -0.040298, -0.036034, -0.028464, -0.049620, 0.072453, 0.001910, -0.075777, 0.046523, -0.073980, -0.007145, -0.026226, -0.012114, -0.044272, 0.052568, -0.032450, -0.018276, 0.069935, -0.055947, 0.021685, -0.010769, -0.015262, 0.017129, 0.103464, 0.065079, 0.061101, -0.039768, -0.013836, 0.026737, 0.109252, 0.014871, 0.060523, -0.054093, -0.066101, -0.087619, -0.013338, -0.042829, -0.000554, 0.028428, -0.000438, 0.000000, 0.019504, -0.028265, 0.046322, 0.051979, 0.002792, 0.002485, -0.013057, -0.001529, 0.036326, 0.064898, -0.021054, -0.057415, -0.001741, -0.028183, -0.068508, -0.126573, 0.015829, -0.048089, 0.027318, 0.044345, 0.036871, -0.052675, -0.049247, -0.027998, 0.013816, 0.005439, -0.039516, 0.051027, -0.137433, 0.061481, -0.017264, -0.017212, -0.026357, 0.038498, -0.074173, 0.028868, 0.002661, 0.040032, -0.047156, 0.080907, 0.058098, 0.018219, 0.084002, -0.022739, 0.071331, -0.044394, -0.052150, -0.023060, 0.027285, 0.028403, -0.123989, -0.046848, 0.029242, -0.016164, -0.087620, -0.001096, 0.097608, 0.088189, -0.007150, 0.041889, 0.042228, 0.011165, 0.078043, 0.003185, -0.020999, -0.011770, -0.053978, -0.029812, 0.013342, 0.004203, -0.003936, 0.077115, 0.015689, 0.042019, 0.037187, 0.052183, 0.089847, -0.088559, 0.008476, -0.014506, 0.033278, -0.011278, -0.017213, 0.034773, 0.043419, -0.039538, -0.040504, -0.050912, 0.010187, -0.006927, 0.018636, -0.053417, 0.159199, 0.032198, -0.046847, -0.000000, -0.001157, 0.005725, 0.090751, -0.046930, 0.022501, -0.065803, 0.080361, 0.023452, 0.044246, -0.014811, 0.080421, 0.046251, 0.011943, 0.044036, -0.117492, -0.060575, 0.042366, 0.023343, -0.011740, -0.005912, 0.006439, -0.018011, -0.036977, -0.008416, 0.015828, -0.051382, 0.050942, -0.000989, 0.036745, -0.030222, -0.028652, 0.048355, 0.014879, 0.030621, -0.100889, 0.099535, -0.039436, 0.023026, -0.038942, 0.107061, 0.034396, 0.019872, 0.017261, -0.047331, 0.033400, 0.001407, -0.063105, -0.021866, -0.027262, -0.068532, 0.050422, -0.019483, -0.031865, 0.048470, 0.001230, -0.033001, -0.035352, 0.038530, -0.108199, -0.004789, 0.002676, -0.048208, 0.009178, 0.006567]

=== CHUNK hdfc_balanced_advantage::6::0 ===
source_url: https://groww.in/mutual-funds/hdfc-balanced-advantage-fund-direct-growth
scheme: HDFC Balanced Advantage Fund - Direct Growth
category: balanced_advantage
plan_variant: direct_growth
section: Stamp duty
fact_type: exit_load
authority: page_text
is_atomic: true
char_len: 82
source_fetched_at: 2026-09-28T13:12:29+00:00
content_hash: 608716cc5a0870fc14d09e6f17304c0e4e5eb0993726f5856277e7a23046430e
---
Stamp duty
A form of tax payable for the purchase or sale of an asset or security.

embedding_dim: 384
embedding: [-0.072629, 0.055176, -0.024456, -0.037701, -0.035974, 0.012713, 0.114806, -0.012086, -0.114043, -0.007836, 0.061175, 0.012743, -0.043850, -0.014524, -0.038212, -0.017716, 0.019783, 0.032642, -0.037355, 0.084187, 0.049908, 0.017194, 0.015982, 0.021850, -0.043650, -0.020798, -0.068913, -0.015213, -0.012571, -0.002582, 0.063583, 0.033771, -0.030995, -0.011781, -0.023333, 0.040603, 0.069687, -0.073534, 0.033108, -0.058916, 0.018363, -0.090680, -0.070079, 0.015128, -0.009221, 0.046753, 0.151550, 0.020891, -0.003105, 0.069646, 0.052693, 0.086602, -0.074497, 0.039272, 0.001751, -0.107632, 0.032727, -0.001621, -0.043585, -0.077371, -0.136653, -0.045983, -0.049805, -0.013183, 0.049217, -0.044852, -0.071916, -0.055130, -0.090839, -0.079833, 0.013384, -0.058812, 0.002337, 0.064582, -0.029287, -0.066208, 0.014938, -0.018555, -0.044610, -0.045481, -0.038743, 0.087580, 0.014446, 0.014559, 0.041853, -0.044302, -0.019452, 0.022168, 0.123281, 0.058279, 0.026099, -0.019766, -0.009292, 0.008616, -0.068419, -0.027396, 0.059499, -0.011167, -0.019949, 0.004137, 0.044079, 0.014313, -0.057153, -0.004553, -0.023177, 0.018627, -0.050508, -0.031650, -0.052686, -0.022006, -0.029658, -0.008750, -0.132622, -0.057973, 0.010343, 0.006677, -0.083111, -0.045224, 0.109485, -0.149010, 0.042744, -0.027281, -0.029956, -0.112811, -0.042156, -0.001060, 0.072380, -0.000000, -0.016454, 0.047349, -0.014642, -0.025545, 0.005524, -0.013235, 0.033760, 0.024416, -0.015304, 0.058840, 0.073792, -0.064703, 0.067526, 0.038448, 0.070524, 0.104620, -0.073247, 0.032276, 0.178924, 0.035489, 0.063840, -0.015909, 0.055406, 0.006238, 0.017072, 0.047334, -0.030100, -0.031015, -0.038567, 0.042470, 0.104130, 0.010560, 0.089520, -0.040659, -0.035987, 0.028675, -0.013434, -0.038185, 0.022377, -0.026062, 0.025110, -0.070312, 0.067456, 0.037426, -0.105029, -0.016597, 0.021756, -0.004631, 0.013310, 0.070155, 0.042059, -0.090681, 0.073521, -0.046870, -0.005105, -0.075823, 0.007957, -0.028852, -0.079506, -0.046839, 0.018073, -0.048634, 0.002798, 0.067058, -0.028949, -0.050411, -0.022248, -0.027648, 0.051680, -0.010620, -0.012110, 0.004011, 0.058848, -0.030578, 0.035029, 0.015387, 0.007496, 0.025885, 0.099014, 0.010332, -0.078811, -0.052724, -0.033872, -0.015396, -0.010952, 0.046302, 0.012987, -0.017269, -0.028890, -0.043525, -0.052340, -0.039559, -0.005522, -0.019436, 0.040158, 0.000000, 0.048954, -0.008308, -0.066160, 0.071940, -0.055063, -0.005742, -0.042550, -0.037664, -0.070076, 0.069743, -0.151223, -0.000163, 0.003274, 0.029032, -0.024801, -0.031770, -0.068617, 0.013754, 0.024842, -0.043465, -0.012366, 0.066805, 0.116146, 0.117219, -0.038667, -0.034279, -0.054546, -0.025031, 0.088068, 0.027874, 0.006680, -0.014516, 0.078315, -0.025695, -0.027394, 0.031203, 0.062080, 0.025179, 0.075224, 0.065718, -0.008712, 0.016165, 0.104086, 0.033013, -0.011667, -0.070353, -0.053631, 0.075372, 0.016671, 0.024521, -0.030403, 0.017280, -0.001906, 0.022087, -0.052097, 0.107210, -0.056559, -0.011769, 0.024722, 0.008694, 0.064571, -0.021362, 0.015192, 0.048368, 0.047216, 0.025450, 0.022291, -0.056984, 0.037952, 0.033471, -0.004584, -0.041883, 0.061795, -0.057530, -0.022580, -0.023379, 0.056522, 0.039439, -0.002123, -0.006428, 0.013937, -0.059541, -0.024428, 0.080987, -0.000686, -0.030781, -0.035066, -0.039441, 0.036600, -0.064523, -0.031797, 0.034939, -0.001702, 0.019832, -0.051874, -0.000000, -0.024806, 0.002364, -0.019589, 0.039911, -0.054844, 0.027796, 0.019790, -0.027301, 0.035114, 0.018067, 0.065655, -0.045364, 0.003583, -0.069944, -0.015805, 0.004831, 0.008306, 0.012409, -0.107352, 0.052272, 0.033785, -0.041480, -0.013174, 0.000862, -0.055299, -0.018997, 0.033845, -0.008995, 0.092389, 0.054247, -0.002187, 0.037004, 0.091839, -0.012446, 0.037593, 0.026570, 0.019265, -0.042896, 0.046315, 0.070020, -0.018883, 0.023915, -0.017629, 0.013805, -0.012750, 0.018680, -0.162886, -0.006511, -0.040280, -0.028138, 0.078200, 0.055042, -0.036502, 0.039757, -0.094924, 0.040167, -0.009535, -0.021335, 0.059435, 0.017589, 0.095757, -0.013975, 0.022350, 0.031961]

=== CHUNK hdfc_balanced_advantage::7::0 ===
source_url: https://groww.in/mutual-funds/hdfc-balanced-advantage-fund-direct-growth
scheme: HDFC Balanced Advantage Fund - Direct Growth
category: balanced_advantage
plan_variant: direct_growth
section: Exit Load
fact_type: exit_load
authority: page_text
is_atomic: true
char_len: 402
source_fetched_at: 2026-09-28T13:12:29+00:00
content_hash: 608716cc5a0870fc14d09e6f17304c0e4e5eb0993726f5856277e7a23046430e
---
Exit Load
01 Jun 2018
Exit Load for units in excess of 15% of the investment,1% will be charged for redemption within 1 year.
08 May 2015
Exit load of 1% if redeemed within 1 year
18 Dec 2014
Exit load of 2% if redeemed within 12 months, 1% if redeemed after 12 months but within 24 months and 0.50% if redeemed after 24 months but within 36 months
01 Jan 2013
Exit load of 1% if redeemed within 1 year

embedding_dim: 384
embedding: [0.024981, 0.028979, -0.043125, -0.017584, -0.006088, 0.018162, 0.001365, 0.051918, 0.007596, 0.040505, 0.063475, -0.010117, -0.022704, -0.006639, -0.014758, 0.083637, -0.034520, -0.074362, -0.035234, -0.003267, 0.020141, -0.066546, -0.094150, -0.021906, 0.052308, 0.026213, -0.003990, -0.001756, 0.007803, -0.004032, 0.010022, -0.016838, 0.005677, -0.084268, 0.046899, 0.012351, -0.098714, -0.047230, 0.020098, -0.022706, -0.026595, -0.003989, -0.050031, 0.058645, 0.052317, 0.013457, -0.070475, 0.049690, 0.001069, 0.129995, 0.066827, 0.001691, 0.021203, 0.068644, -0.086792, -0.034459, 0.069221, 0.030376, 0.002556, 0.017425, 0.010829, 0.004401, -0.059825, -0.029892, 0.005614, -0.014917, 0.010629, -0.023906, -0.000164, -0.028932, -0.030477, -0.104631, -0.080515, -0.107242, -0.031175, 0.073295, 0.061168, 0.030512, 0.003568, -0.112431, 0.009156, 0.004986, 0.026636, -0.073651, 0.015275, -0.001424, -0.013182, 0.049731, 0.116479, 0.038832, 0.038187, 0.141433, 0.022205, 0.019224, 0.008236, 0.015639, -0.080151, -0.017632, -0.020846, 0.030405, 0.008928, -0.016013, -0.024167, -0.055725, 0.014238, -0.067532, -0.000497, -0.001645, 0.038602, -0.035688, -0.002558, -0.002043, 0.101901, -0.052847, 0.052202, 0.082099, -0.053345, 0.034163, 0.041326, -0.008739, 0.108294, 0.042728, -0.026448, -0.054305, -0.067863, -0.005830, 0.063719, 0.000000, -0.057835, -0.092894, -0.060775, 0.005124, -0.091173, -0.072553, 0.097035, 0.082377, -0.035069, -0.021462, -0.026873, -0.010587, -0.046182, -0.019560, 0.013781, -0.030414, 0.048418, -0.007887, 0.105400, -0.014820, 0.040208, -0.151682, 0.012211, 0.005160, 0.046331, 0.051931, -0.007160, -0.041291, -0.033897, 0.009674, 0.121246, 0.016929, -0.033500, -0.091232, -0.011626, 0.056752, 0.077949, 0.023556, 0.033147, -0.060118, -0.009217, 0.049189, 0.029365, -0.000088, -0.048641, -0.136833, 0.101395, -0.046013, -0.023512, 0.060505, -0.056458, -0.068798, -0.057634, 0.044340, -0.032935, 0.007597, -0.076967, -0.044799, -0.007123, -0.046656, 0.057542, -0.036824, -0.010841, -0.030491, -0.134194, -0.008610, 0.021001, -0.023415, -0.131753, 0.056500, -0.011670, -0.059588, 0.043389, -0.126709, 0.043982, -0.033220, 0.056832, 0.013556, 0.074992, 0.053511, 0.022079, -0.013513, -0.025206, 0.003843, 0.006769, 0.026742, 0.127062, -0.108905, -0.064339, 0.003535, 0.011795, -0.060214, -0.031265, 0.060828, 0.090619, -0.000000, -0.002635, 0.069255, -0.041768, -0.008031, -0.005684, 0.013818, 0.006116, 0.129542, -0.009680, 0.070644, 0.005079, 0.007706, 0.011084, 0.062597, -0.007131, -0.026703, -0.002284, 0.007826, 0.025617, -0.001405, 0.038233, -0.018671, -0.015949, 0.022552, 0.003542, -0.005668, -0.044722, -0.014021, -0.078986, -0.035906, -0.005864, -0.059271, -0.016169, 0.078046, -0.057319, -0.006779, 0.061000, 0.011912, 0.002287, 0.068649, 0.058297, -0.015706, -0.008318, 0.008528, -0.011109, -0.042177, 0.044939, 0.022972, 0.069394, -0.021099, 0.020992, -0.007553, 0.014951, 0.053783, -0.016880, 0.053008, 0.089087, 0.013775, -0.083019, -0.014014, -0.011463, 0.013329, 0.066420, -0.041157, -0.024950, -0.078027, 0.027481, 0.047259, 0.052557, -0.013586, 0.020758, 0.022729, 0.021173, -0.082041, -0.072585, 0.035657, 0.005946, -0.109558, 0.011205, -0.066206, -0.020255, 0.031955, -0.033514, 0.038285, -0.024330, -0.069569, 0.051026, -0.045833, -0.038330, 0.039003, -0.013728, 0.007725, 0.052226, 0.008116, -0.024891, -0.000000, -0.031362, 0.045869, 0.103438, 0.000604, 0.090018, 0.038463, 0.058548, 0.040704, -0.032153, 0.021487, 0.128916, 0.023521, -0.073781, -0.052394, -0.133928, 0.040191, -0.034391, 0.018109, 0.012668, -0.049776, -0.042342, 0.014675, 0.010423, -0.086813, -0.053485, -0.037896, 0.045549, 0.090768, -0.005186, -0.032832, -0.006529, 0.051462, 0.044531, -0.040778, -0.102892, 0.064898, -0.027949, 0.020133, -0.009588, 0.056234, -0.002109, -0.001058, 0.015133, -0.021943, -0.044194, 0.007896, -0.081044, 0.012001, 0.050285, -0.077488, -0.006464, -0.062681, -0.066471, 0.056291, 0.036795, -0.034217, -0.042647, 0.031294, -0.075401, 0.029747, -0.010276, -0.058636, -0.070248, -0.042883]

=== CHUNK hdfc_balanced_advantage::8::0 ===
source_url: https://groww.in/mutual-funds/hdfc-balanced-advantage-fund-direct-growth
scheme: HDFC Balanced Advantage Fund - Direct Growth
category: balanced_advantage
plan_variant: direct_growth
section: Exit load
fact_type: exit_load
authority: page_text
is_atomic: true
char_len: 113
source_fetched_at: 2026-09-28T13:12:29+00:00
content_hash: 608716cc5a0870fc14d09e6f17304c0e4e5eb0993726f5856277e7a23046430e
---
Exit load
Exit Load for units in excess of 15% of the investment,1% will be charged for redemption within 1 year.

embedding_dim: 384
embedding: [0.014764, 0.053660, -0.037099, 0.000379, 0.020839, -0.029944, -0.001833, 0.036026, 0.001946, 0.051901, 0.082301, -0.010542, 0.021881, -0.006684, -0.040530, 0.072892, 0.004567, -0.088422, -0.067681, 0.028905, 0.003830, -0.068266, -0.048970, -0.019321, 0.070216, -0.000414, 0.003380, -0.000591, -0.006394, -0.044761, -0.023310, -0.030390, -0.004431, -0.081863, 0.046926, 0.065439, -0.091592, -0.047620, 0.010701, -0.003617, 0.023663, 0.013278, -0.013615, 0.030394, 0.012972, 0.005439, -0.057655, 0.062309, 0.034326, 0.111234, 0.082546, 0.018102, 0.006646, 0.065118, -0.067435, -0.057042, 0.065019, 0.009873, -0.011121, -0.005377, 0.003778, 0.014024, -0.043356, -0.024828, 0.033143, -0.032795, 0.024146, -0.018361, -0.030909, -0.012661, 0.001108, -0.113609, -0.089715, -0.096158, -0.051745, 0.084016, 0.047502, 0.061107, 0.013336, -0.074921, 0.039416, 0.023499, 0.012109, -0.077839, 0.014003, 0.031464, 0.029027, 0.062338, 0.162442, 0.074711, 0.006109, 0.084187, 0.039088, -0.012158, -0.001583, 0.069669, -0.081851, -0.027536, -0.055867, 0.000894, 0.013829, -0.023015, 0.021576, -0.043377, -0.008134, -0.073047, 0.016688, 0.036939, 0.034475, -0.057134, 0.036524, -0.028517, 0.097067, -0.028679, 0.067940, 0.079003, -0.055337, 0.018254, 0.065966, -0.019183, 0.102438, 0.035844, -0.073911, -0.025463, -0.068315, -0.010532, 0.055325, 0.000000, -0.060076, -0.034037, -0.041832, -0.003118, -0.084851, -0.090645, 0.032978, 0.109004, -0.010095, -0.030453, -0.049678, -0.028757, 0.009688, -0.015467, 0.010146, -0.022520, 0.047876, 0.024284, 0.117133, -0.054020, 0.023853, -0.085692, 0.011646, 0.028207, 0.062356, 0.017565, -0.028695, -0.037740, -0.043049, 0.006889, 0.109544, 0.063182, -0.029851, -0.081391, -0.042324, 0.046819, 0.125585, 0.005772, 0.052050, -0.046476, -0.053177, 0.035529, 0.015826, 0.018947, -0.065123, -0.132205, 0.092310, -0.074952, -0.083473, 0.027865, -0.018215, -0.054477, -0.031921, 0.041021, -0.002979, 0.044065, -0.017517, -0.016544, 0.008768, -0.000009, 0.052414, -0.010618, -0.010558, 0.013075, -0.111279, 0.009783, -0.001715, 0.008397, -0.069735, 0.062206, -0.023036, -0.080778, 0.033838, -0.132275, 0.041016, -0.011252, 0.016795, -0.008524, 0.107727, 0.061560, -0.032044, -0.048667, -0.070367, -0.046399, 0.043912, 0.009313, 0.133877, -0.124366, -0.048374, -0.012049, 0.045526, -0.026366, -0.044518, 0.056971, 0.075426, -0.000000, 0.000143, 0.060900, -0.028879, 0.005965, -0.039305, -0.006121, -0.031383, 0.070394, -0.022233, 0.084634, -0.038216, -0.013145, -0.027856, 0.079446, -0.016959, -0.050212, 0.041537, -0.016285, 0.007893, 0.003261, 0.074742, -0.042268, -0.028447, 0.002633, 0.009263, 0.013181, -0.086886, -0.030151, -0.044556, -0.011989, -0.033261, -0.044638, -0.000277, 0.067034, -0.073149, 0.021455, 0.062571, 0.008743, 0.002098, 0.027736, 0.069966, -0.034101, 0.005272, 0.010715, -0.034835, -0.055781, 0.040558, -0.015009, 0.053031, -0.009227, 0.014112, -0.016230, 0.013317, 0.087289, -0.049463, 0.030956, 0.113312, 0.044196, -0.086312, -0.003089, 0.036336, 0.020354, 0.062245, -0.017482, -0.033452, -0.067118, 0.030806, 0.034502, 0.037210, -0.029581, 0.033220, 0.046313, 0.035172, -0.074514, -0.081541, 0.056519, 0.023575, -0.148417, 0.006115, -0.070542, -0.027776, -0.010282, -0.015483, 0.008422, -0.014635, -0.059774, 0.054739, -0.022795, 0.017899, 0.053466, -0.025119, -0.023676, 0.049404, 0.023688, -0.057171, -0.000000, -0.084459, 0.073008, 0.077146, 0.041620, 0.081138, 0.021596, 0.056336, 0.043279, -0.017482, 0.014704, 0.129237, -0.004980, -0.036701, 0.012889, -0.117489, 0.001234, -0.022423, 0.041122, 0.012601, -0.048560, -0.037815, 0.038882, -0.011113, -0.088461, -0.034099, -0.004770, 0.027865, 0.073515, 0.003244, -0.074676, -0.043851, 0.013179, 0.035323, -0.017583, -0.058739, 0.080861, -0.014696, 0.018276, 0.019678, 0.042190, -0.012293, 0.034192, 0.012112, -0.018558, -0.029492, 0.051976, -0.077289, 0.031487, 0.027586, -0.056113, 0.041105, -0.049970, -0.051933, 0.055952, 0.036251, -0.044124, -0.047967, 0.027854, -0.099647, 0.035221, -0.021640, -0.064983, -0.035843, -0.044020]

=== CHUNK hdfc_balanced_advantage::9::0 ===
source_url: https://groww.in/mutual-funds/hdfc-balanced-advantage-fund-direct-growth
scheme: HDFC Balanced Advantage Fund - Direct Growth
category: balanced_advantage
plan_variant: direct_growth
section: Stamp duty on investment: 0.005% (from July 1st, 2020)
fact_type: exit_load
authority: page_text
is_atomic: true
char_len: 128
source_fetched_at: 2026-09-28T13:12:29+00:00
content_hash: 608716cc5a0870fc14d09e6f17304c0e4e5eb0993726f5856277e7a23046430e
---
Stamp duty on investment: 0.005% (from July 1st, 2020)
Stamp duty on investment:
0.005% (from July 1st, 2020)
from July 1st 2020

embedding_dim: 384
embedding: [0.028161, 0.001555, -0.007287, 0.032888, -0.025621, -0.024236, 0.020776, 0.021008, -0.081243, 0.022922, 0.061266, -0.004342, -0.049523, -0.002202, -0.063295, 0.055100, -0.033865, -0.075647, -0.064657, 0.026633, 0.002676, -0.044913, 0.013258, -0.006492, 0.071271, 0.038919, -0.029610, 0.015235, -0.000639, -0.024772, -0.041806, 0.075384, -0.030663, -0.042964, 0.002244, -0.004180, 0.000832, -0.005210, 0.084496, -0.031048, -0.015094, -0.107880, -0.020192, 0.018356, 0.011675, 0.020632, 0.020033, 0.090347, 0.025785, 0.100658, -0.009193, 0.059798, -0.040966, -0.033803, 0.009656, -0.016558, 0.018355, 0.004000, 0.000589, -0.001007, -0.098341, -0.012664, -0.003590, 0.000949, 0.057535, -0.052485, -0.081255, -0.049908, -0.106145, -0.073404, 0.026263, -0.029973, -0.086043, -0.065785, -0.046868, 0.018123, 0.041062, 0.072981, 0.046608, -0.107480, -0.010538, -0.050322, 0.028188, -0.016490, -0.021919, -0.025654, 0.027428, 0.055406, 0.135515, 0.062116, 0.075241, 0.000825, -0.039212, 0.082332, -0.128642, 0.027771, -0.061226, 0.008724, -0.072059, 0.017942, 0.038271, 0.013647, -0.074257, -0.042452, -0.054024, -0.004321, -0.002754, -0.070521, -0.030027, -0.055574, -0.020948, -0.013274, -0.028460, -0.065930, -0.086291, -0.013892, -0.025136, -0.036707, 0.160550, -0.065662, 0.088284, 0.015147, -0.066953, -0.011629, -0.114770, -0.046983, 0.027126, 0.000000, -0.022487, -0.001642, 0.018878, 0.016226, -0.093906, -0.062001, 0.079791, 0.018691, -0.026994, -0.044417, 0.028471, -0.034602, 0.018453, 0.013181, 0.028573, 0.000564, -0.029507, 0.017295, 0.100490, 0.033778, 0.032526, -0.043108, -0.005879, 0.019914, 0.069823, 0.045651, -0.043909, -0.084197, -0.075082, 0.063814, 0.136192, 0.039456, -0.025616, -0.094911, -0.025712, 0.078814, 0.015805, -0.027144, -0.001772, 0.019518, -0.018831, 0.024736, 0.030024, -0.009034, -0.079155, 0.001387, 0.077113, 0.018182, 0.085846, 0.023235, -0.001624, -0.038543, -0.029694, -0.013321, -0.011984, -0.041417, -0.052955, -0.062286, -0.039540, -0.035439, 0.031458, -0.016830, -0.037740, 0.007760, -0.046927, 0.068909, 0.031954, 0.022450, 0.016778, 0.057170, 0.031334, -0.026904, 0.032285, -0.086499, 0.049442, -0.025776, 0.041947, 0.014796, 0.103733, 0.038304, -0.056024, 0.014361, -0.026878, -0.094989, 0.025501, 0.009378, 0.093294, 0.063181, 0.033297, -0.015201, -0.003869, -0.055935, 0.020723, 0.025818, -0.022921, -0.000000, -0.010653, 0.129689, 0.030609, 0.030462, -0.053411, -0.028085, 0.057514, 0.068021, 0.001161, 0.103016, -0.047227, 0.024457, 0.004266, 0.050552, -0.104741, -0.043312, -0.015165, 0.041318, -0.027314, -0.075381, -0.018162, 0.042265, 0.067154, 0.183458, -0.011718, 0.001603, -0.026024, -0.018132, 0.044318, -0.032880, -0.036607, -0.066345, 0.063527, 0.007501, -0.041349, 0.007712, 0.075474, 0.002190, 0.071324, 0.028218, 0.019739, -0.011738, 0.041960, 0.049253, -0.028218, -0.059343, 0.044374, 0.094557, 0.066676, -0.005918, 0.006189, 0.047701, -0.043416, 0.070322, -0.030032, 0.106954, 0.012104, -0.013252, -0.094811, 0.016224, -0.015670, 0.069436, 0.024932, -0.004096, 0.032147, -0.027968, -0.002878, -0.029401, 0.059939, -0.030086, 0.004599, 0.008175, 0.020827, -0.113825, -0.039389, 0.011588, 0.126836, -0.028797, 0.011774, 0.023288, -0.024346, 0.035337, -0.039744, 0.036119, -0.052572, 0.007353, 0.016592, -0.057592, -0.014443, 0.008554, -0.094883, 0.068149, 0.006567, -0.026670, -0.036047, -0.000000, -0.019271, 0.008226, -0.022392, 0.055903, 0.033852, 0.036149, 0.027081, -0.001010, 0.022333, 0.003031, 0.085192, 0.000058, -0.073833, -0.064642, -0.066789, 0.009138, -0.040001, 0.043335, -0.038247, -0.029304, 0.093296, 0.024919, 0.064752, -0.027779, -0.066041, 0.018830, -0.014930, 0.007578, -0.015661, 0.018572, -0.001633, 0.003035, 0.102700, -0.051724, -0.008423, 0.013748, 0.035383, 0.006802, 0.045426, 0.038929, -0.006581, -0.061207, 0.005523, -0.000075, -0.027119, -0.052334, -0.147584, -0.051388, 0.019943, -0.139801, 0.067782, 0.012773, -0.038402, 0.047678, 0.012908, 0.040616, -0.078071, -0.014389, -0.050957, 0.036420, 0.087920, -0.101054, -0.033772, 0.070251]

=== CHUNK hdfc_balanced_advantage::10::0 ===
source_url: https://groww.in/mutual-funds/hdfc-balanced-advantage-fund-direct-growth
scheme: HDFC Balanced Advantage Fund - Direct Growth
category: balanced_advantage
plan_variant: direct_growth
section: Tax implication
fact_type: general
authority: page_text
is_atomic: true
char_len: 189
source_fetched_at: 2026-09-28T13:12:29+00:00
content_hash: 608716cc5a0870fc14d09e6f17304c0e4e5eb0993726f5856277e7a23046430e
---
Tax implication
If you redeem within one year, returns are taxed at 20%. If you redeem after one year, returns exceeding Rs 1.25 lakh in a financial year are taxed at 12.5%.
Check past data

embedding_dim: 384
embedding: [-0.021293, -0.029618, -0.029164, -0.020686, 0.007865, 0.031351, 0.077463, 0.045174, 0.007372, 0.005640, 0.081646, 0.015228, -0.063622, -0.017473, 0.016313, 0.001828, -0.045190, -0.026675, -0.024896, -0.023217, 0.133668, -0.047354, -0.083839, -0.030598, 0.100436, -0.071269, 0.006991, -0.010719, -0.022929, -0.007546, 0.079517, 0.013517, -0.053781, -0.046699, -0.006254, 0.001344, 0.017834, -0.052281, 0.011954, -0.032596, -0.070139, 0.030819, -0.039534, -0.044342, 0.056719, -0.046024, 0.021537, 0.065701, -0.024696, 0.104064, 0.015200, 0.112822, -0.015413, 0.046768, -0.034638, -0.098776, -0.041891, 0.088827, -0.008977, -0.107298, -0.040424, -0.033142, -0.002342, -0.026288, -0.029963, 0.009688, 0.001268, -0.078983, -0.027861, -0.031208, -0.048035, -0.086374, -0.011282, -0.061664, -0.042518, -0.066473, -0.004634, 0.081750, -0.049440, -0.059968, 0.068254, 0.050196, -0.018107, -0.095018, -0.002654, -0.003166, 0.016030, 0.039706, 0.020233, 0.038886, 0.108699, 0.040624, 0.039597, 0.053127, -0.034198, -0.032001, -0.007554, -0.005717, 0.072884, 0.032588, -0.030250, 0.077013, -0.064975, -0.022713, 0.002324, -0.017640, 0.008925, 0.033233, 0.027169, -0.059967, 0.007153, 0.064172, -0.003755, 0.034190, -0.025650, 0.062943, -0.080156, -0.010297, -0.031215, -0.038284, 0.067196, 0.011888, -0.006346, -0.036941, -0.039930, -0.120648, 0.042212, 0.000000, -0.020238, 0.027777, -0.039329, -0.111008, -0.034780, -0.003563, 0.061803, 0.053902, -0.018683, 0.003246, -0.029215, -0.033677, 0.033966, -0.037847, 0.013568, 0.058465, -0.038864, 0.001002, 0.079696, 0.040854, 0.024525, -0.069208, 0.039846, -0.008841, -0.030122, 0.066505, -0.042209, -0.025294, -0.046788, 0.006528, 0.059432, 0.044113, 0.064673, -0.088061, -0.030352, 0.083503, 0.121745, -0.011376, 0.020569, 0.009415, 0.008768, 0.055603, 0.047116, 0.003187, -0.075435, -0.071342, 0.017550, 0.009059, -0.002331, 0.075029, -0.043472, 0.004976, -0.003554, -0.030751, -0.036213, -0.008279, -0.015402, -0.002504, 0.014128, 0.013193, 0.035759, -0.114957, 0.006013, -0.025553, -0.076273, -0.020563, 0.114185, -0.023476, -0.004393, -0.008964, -0.013451, -0.039267, 0.028322, -0.024834, 0.054498, 0.046471, 0.051418, 0.014725, 0.079855, 0.058701, -0.041400, -0.041259, -0.127045, -0.058539, 0.019024, 0.084364, 0.045958, -0.055814, 0.014164, 0.017189, 0.084246, -0.043183, 0.019030, -0.059784, 0.077038, -0.000000, 0.012884, 0.038061, -0.046591, 0.012924, -0.061836, 0.050738, 0.041184, 0.112577, -0.102743, 0.119315, 0.010066, 0.019587, 0.048024, 0.043589, 0.033227, 0.029276, -0.002561, 0.056565, 0.006658, -0.036390, 0.018941, 0.070115, 0.070108, 0.080014, -0.009033, 0.057293, -0.064474, 0.031730, 0.000943, -0.022417, 0.087807, -0.016583, -0.049089, -0.046116, 0.039774, -0.025954, 0.035249, -0.072573, 0.049559, 0.050413, -0.021289, 0.019652, -0.016027, -0.048293, 0.074582, -0.078746, -0.021841, 0.086979, 0.089826, -0.074831, 0.133321, 0.025061, 0.021868, -0.053689, -0.023565, 0.071354, -0.033608, -0.008467, -0.068980, -0.035584, -0.014388, -0.026630, -0.012467, 0.088631, -0.012177, -0.091242, 0.100720, -0.025076, 0.127626, -0.054826, 0.021718, -0.092248, 0.008686, -0.021731, -0.016255, 0.047875, -0.042310, 0.031951, 0.081336, 0.012405, -0.028473, 0.024465, 0.031792, 0.021054, 0.016268, -0.131021, 0.031101, -0.050575, 0.007064, -0.002989, -0.002212, -0.005745, 0.013139, -0.013912, 0.050361, -0.000000, 0.019655, -0.012887, 0.016966, 0.052333, -0.013431, 0.055323, -0.024061, -0.015475, -0.091137, -0.046937, 0.053584, -0.038050, -0.085768, -0.046070, -0.073212, 0.023797, -0.042179, 0.018935, -0.001624, -0.000395, 0.090757, 0.032901, 0.024004, -0.026810, -0.048629, -0.015871, 0.060661, 0.085777, 0.018935, -0.042972, 0.007981, -0.007860, 0.013515, -0.006823, -0.038305, -0.060724, 0.039416, 0.018832, 0.009068, 0.009975, 0.026480, -0.118794, 0.002081, -0.020582, -0.125413, -0.015303, -0.087785, -0.043000, -0.027583, -0.120019, 0.027206, 0.021592, -0.079217, -0.030573, -0.048461, 0.014117, -0.088094, 0.075344, -0.005184, -0.036566, 0.050354, -0.007202, -0.077486, -0.024317]

=== CHUNK hdfc_balanced_advantage::11::0 ===
source_url: https://groww.in/mutual-funds/hdfc-balanced-advantage-fund-direct-growth
scheme: HDFC Balanced Advantage Fund - Direct Growth
category: balanced_advantage
plan_variant: direct_growth
section: AB Anil Bamboli Jul 2022 - Present View details
fact_type: general
authority: page_text
is_atomic: true
char_len: 979
source_fetched_at: 2026-09-28T13:12:29+00:00
content_hash: 608716cc5a0870fc14d09e6f17304c0e4e5eb0993726f5856277e7a23046430e
---
AB Anil Bamboli Jul 2022 - Present View details
AB
Anil Bamboli
Jul 2022
- Present
View details
Education
Mr. Bamboli is a CFA from Association for Investment Management and Research, U.S.A, Masters in Management Studies (Finance) and a Graduate in Cost and Works Accountant from ICWAI.
Experience
Prior to joining HDFC AMC he has worked with SBI Fund Management for 11 years.
Also manages these schemes
HDFC Floating Interest Rates Fund Direct Plan Growth
HDFC Gilt Fund Direct Growth
HDFC Balanced Advantage Fund Direct Growth
HDFC Dynamic Term Fund Direct Plan Growth
HDFC Medium Term Fund Direct Growth
HDFC Equity Savings Direct Plan Growth
HDFC Multi Asset Allocation Fund Direct Growth
HDFC Short Term Fund Direct Plan Growth
HDFC Banking and PSU Debt Fund Direct Growth
HDFC Arbitrage Fund Direct Growth
HDFC Income Plus Arbitrage Active FoF Direct Growth
HDFC Ultra Short Term Fund Direct Growth
HDFC Multi Asset Active FoF Direct Growth
HDFC Children's Fund Direct Plan

embedding_dim: 384
embedding: [-0.034678, -0.078280, -0.100369, 0.018782, 0.019021, 0.010451, 0.000039, -0.004892, -0.006417, -0.009572, -0.018499, -0.079677, -0.069737, -0.047525, 0.016963, 0.006510, 0.013953, -0.086034, -0.027173, -0.036474, 0.016300, -0.029393, -0.026012, -0.012630, -0.033337, -0.006266, 0.016581, 0.022894, -0.054681, -0.097339, 0.060974, 0.120585, 0.105818, -0.062657, 0.023693, 0.067641, -0.007994, 0.018104, -0.018653, -0.044535, -0.029546, -0.088866, 0.008597, -0.076214, 0.032816, -0.084992, -0.006872, 0.009073, 0.068261, 0.029617, -0.104820, -0.009194, 0.018524, -0.023190, 0.005082, 0.028339, -0.003616, 0.004012, 0.006615, -0.028693, -0.077447, 0.015509, 0.033901, 0.009228, -0.001786, 0.016639, -0.006619, 0.003153, -0.002859, 0.026528, -0.022227, -0.095346, -0.072293, -0.010475, -0.011894, -0.007608, 0.036533, 0.031525, 0.125243, -0.087581, -0.029727, 0.003072, 0.030771, -0.037173, -0.035555, -0.013296, 0.077165, -0.005995, 0.007878, 0.006206, 0.082141, 0.034481, 0.039372, 0.012288, -0.040362, -0.038987, -0.045830, -0.070281, -0.055699, -0.003521, 0.035981, 0.039949, -0.000706, -0.008961, -0.066356, -0.023739, 0.045750, 0.063203, 0.115759, -0.025474, -0.014324, 0.071224, -0.058160, -0.042489, -0.045669, -0.020563, -0.113750, -0.038947, 0.002642, 0.035039, 0.028519, 0.072192, -0.077050, 0.009360, -0.071591, -0.051863, -0.055611, 0.000000, -0.004597, 0.032602, -0.020889, -0.005415, -0.122785, -0.029119, -0.010780, 0.022846, -0.043790, 0.062806, 0.053856, 0.053800, -0.069841, 0.064002, 0.047834, -0.100520, -0.023451, 0.046850, 0.029371, 0.016836, -0.005836, 0.067307, 0.025739, -0.130659, 0.120390, 0.020305, 0.025413, 0.000224, 0.005308, 0.074690, 0.050408, -0.059723, -0.171576, -0.061155, -0.054576, -0.028190, -0.002583, -0.063952, -0.074710, -0.034139, -0.057389, 0.021449, -0.056853, 0.020030, -0.001452, -0.011831, 0.131027, -0.010815, 0.042509, 0.006752, -0.088540, -0.057460, 0.048790, -0.048158, 0.056175, -0.003113, -0.045944, 0.009610, 0.004572, 0.033155, 0.002120, -0.038900, -0.093833, 0.066878, -0.137247, 0.047452, 0.068496, -0.019611, 0.090638, -0.053666, 0.039509, 0.019783, 0.084162, 0.065146, -0.048513, -0.047590, 0.057994, 0.091106, -0.025951, 0.054431, -0.005057, 0.049190, 0.066799, -0.052893, 0.020641, 0.108663, 0.120423, -0.015616, -0.076136, -0.057976, -0.022996, -0.035490, 0.100472, 0.028815, 0.044030, -0.000000, 0.034846, -0.009214, 0.050081, -0.073420, -0.037036, 0.025378, 0.075542, -0.042014, 0.055956, -0.022662, -0.066502, 0.033299, -0.030573, -0.100841, -0.022367, -0.066637, -0.005291, -0.090689, -0.037256, -0.015512, -0.010262, 0.065615, 0.024978, 0.057915, -0.039386, 0.044144, -0.010971, 0.025248, -0.043075, 0.032525, 0.028463, -0.023910, -0.089235, 0.015141, -0.040158, -0.115734, 0.030830, 0.032991, -0.076658, 0.045220, 0.047003, 0.040740, 0.019082, -0.040298, 0.019831, 0.001613, -0.029660, -0.025856, 0.055383, -0.006574, -0.045929, -0.002492, 0.000931, -0.026392, 0.007204, -0.028658, 0.075330, -0.019051, -0.045377, -0.032671, -0.021577, 0.071437, 0.088016, 0.090828, 0.032637, 0.063368, 0.007782, -0.120165, -0.007481, -0.050066, -0.008292, -0.050692, 0.003704, 0.019433, 0.011858, 0.106076, -0.009328, -0.035407, -0.007485, 0.002825, 0.023154, 0.011769, -0.048259, 0.052765, -0.055490, -0.057981, -0.002044, -0.102794, 0.065523, 0.004722, -0.026613, -0.052919, 0.046232, 0.027800, -0.009420, -0.000000, 0.034161, -0.008098, 0.011565, 0.003356, 0.025937, -0.038497, -0.055729, -0.039935, 0.048667, -0.016353, 0.011576, 0.045751, -0.019534, -0.029323, 0.018225, -0.032527, -0.014264, -0.006704, 0.016064, -0.020836, 0.070102, 0.019437, 0.007870, 0.023004, 0.038425, 0.000264, 0.008142, -0.002027, 0.037581, 0.045506, 0.024570, 0.020936, 0.066397, 0.002569, 0.082391, 0.037984, 0.053412, 0.040275, -0.000081, 0.086769, 0.024054, -0.067045, 0.058586, -0.053274, 0.010185, 0.015347, -0.109276, 0.016476, 0.066847, -0.083825, -0.018585, -0.020311, 0.002142, 0.048273, -0.002780, 0.043423, -0.027710, -0.033213, 0.034348, 0.013336, 0.127369, -0.093355, -0.066580, 0.031391]

=== CHUNK hdfc_balanced_advantage::12::0 ===
source_url: https://groww.in/mutual-funds/hdfc-balanced-advantage-fund-direct-growth
scheme: HDFC Balanced Advantage Fund - Direct Growth
category: balanced_advantage
plan_variant: direct_growth
section: AA Arun Agarwal Oct 2022 - Present View details
fact_type: general
authority: page_text
is_atomic: false
char_len: 1196
source_fetched_at: 2026-09-28T13:12:29+00:00
content_hash: 608716cc5a0870fc14d09e6f17304c0e4e5eb0993726f5856277e7a23046430e
---
AA Arun Agarwal Oct 2022 - Present View details
AA
Arun Agarwal
Oct 2022
- Present
View details
Education
Mr. Agarwal is a B.Com. and Chartered Accountant
Experience
Prior to joining HDFC Asset Management Company Limited, he has worked with SBI Funds Management Pvt. Ltd., ICICI Bank Limited, UTI Asset Management Pvt. Ltd.
Also manages these schemes
HDFC Gold ETF Fund of Fund Direct Plan Growth
HDFC Balanced Advantage Fund Direct Growth
HDFC NIFTY 50 Index Fund Direct Growth
HDFC BSE Sensex Index Fund Direct Growth
HDFC Equity Savings Direct Plan Growth
HDFC Multi Asset Allocation Fund Direct Growth
HDFC Arbitrage Fund Direct Growth
HDFC Retirement Fund Equity Plan Direct Growth
HDFC Retirement Fund Hybrid Equity Plan Direct Growth
HDFC Retirement Fund Hybrid Debt Plan Direct Growth
HDFC NIFTY 50 ETF IDCW
HDFC NIFTY50 Equal Weight Index Fund Direct Growth
HDFC Developed World Overseas Equity Passive FoF Direct Growth
HDFC NIFTY Next 50 Index Fund Direct Growth
HDFC NIFTY 100 Index Fund Direct Growth
HDFC NIFTY 100 Equal Weight Index Fund Direct Growth
HDFC Silver ETF FoF Direct Growth
HDFC NIFTY Midcap 150 Index Fund Direct Growth
HDFC Nifty Smallcap 250 Index Fund Direct Growth

embedding_dim: 384
embedding: [-0.008947, -0.053399, -0.078609, 0.006344, 0.074736, -0.001428, -0.003444, -0.007649, 0.026151, -0.014510, -0.048629, -0.064259, -0.062361, -0.050189, 0.026235, -0.021317, -0.080972, -0.031189, -0.016726, -0.045404, -0.015831, -0.002516, -0.040764, -0.092249, -0.001770, -0.015297, 0.020453, 0.040145, -0.081203, -0.093205, 0.028920, 0.096964, 0.062342, 0.003571, -0.009448, 0.062912, -0.076635, 0.095829, 0.060726, -0.097291, -0.011624, -0.078978, 0.025748, -0.109950, 0.044608, -0.037275, -0.030406, -0.031057, 0.017848, 0.036955, -0.063316, 0.036025, 0.041365, -0.025170, 0.041683, 0.016864, -0.040637, -0.082147, -0.015435, -0.010160, -0.048469, 0.017087, -0.017397, -0.002499, 0.023269, -0.027074, -0.001580, 0.001945, -0.019263, 0.005400, -0.016408, -0.067056, -0.089822, -0.005029, -0.018940, -0.031167, -0.000578, 0.053821, 0.091127, -0.054230, -0.011684, 0.052705, 0.052416, 0.013176, -0.082904, -0.041295, 0.084516, -0.022254, 0.007837, -0.045491, 0.093054, 0.059272, -0.003868, 0.022654, 0.021712, -0.069182, -0.023219, -0.067515, -0.055387, 0.032733, 0.053797, 0.034877, -0.065881, -0.013688, -0.100428, -0.071811, 0.078139, 0.038878, 0.049486, -0.015225, 0.000512, 0.036559, -0.072164, -0.084015, -0.035245, -0.036546, -0.119980, -0.034332, 0.006843, -0.011124, -0.004745, 0.087307, -0.055092, 0.029844, -0.001232, -0.019167, -0.043600, 0.000000, -0.048355, 0.075399, 0.053134, -0.024890, -0.079444, -0.053826, 0.072768, -0.039543, -0.034448, 0.054718, 0.051411, 0.053066, -0.077228, -0.014907, 0.007755, -0.054556, -0.001151, 0.024992, -0.007518, -0.030749, 0.048312, 0.041762, 0.074667, -0.049303, 0.102894, -0.048232, 0.095223, -0.002392, 0.019893, 0.051119, 0.041611, -0.066039, -0.111235, -0.054380, -0.038011, 0.019107, -0.058321, -0.041200, -0.055683, -0.007952, 0.001734, 0.034126, -0.003733, -0.013852, -0.081373, 0.037108, 0.083824, 0.065882, -0.011464, 0.040455, -0.058654, -0.057772, -0.000207, -0.007405, 0.071865, 0.007350, -0.036048, -0.008406, -0.012477, -0.004125, -0.023944, -0.079172, -0.133736, 0.049027, -0.122740, 0.087177, 0.027801, -0.024782, 0.095300, 0.018826, 0.033821, 0.011768, 0.053330, 0.033306, -0.022003, -0.011274, -0.014507, 0.109756, -0.013231, 0.063836, 0.001898, 0.119644, 0.046144, -0.042519, 0.054539, 0.001610, 0.059299, -0.030291, -0.031620, -0.020691, 0.010500, -0.039797, 0.094342, 0.019799, -0.037120, -0.000000, 0.044434, -0.042551, 0.037777, -0.016191, 0.008905, 0.007952, 0.050014, -0.007528, 0.076728, 0.003189, -0.031063, 0.107355, -0.003972, -0.039903, -0.025607, -0.085878, 0.038212, -0.007532, -0.001844, -0.001206, -0.009453, 0.068034, 0.027210, 0.014020, -0.011201, 0.011963, -0.016828, 0.075689, -0.055916, -0.024247, 0.002715, -0.042447, -0.082412, 0.086895, -0.031165, -0.091896, 0.065182, 0.031176, -0.085440, 0.111311, -0.009130, 0.005638, 0.024127, -0.000722, 0.017699, -0.138044, -0.010844, -0.019117, 0.013419, -0.022103, -0.025947, -0.000837, -0.036094, -0.040132, 0.020691, 0.041044, 0.098742, -0.014144, -0.035301, -0.025806, -0.001249, 0.069126, 0.048378, 0.129634, 0.044660, 0.012317, -0.033356, -0.081051, -0.024704, -0.061361, -0.042760, -0.041751, -0.028605, -0.031639, 0.050858, 0.083733, 0.019290, -0.037720, 0.037760, 0.017260, -0.009521, -0.027637, -0.030398, 0.083002, -0.077174, -0.022650, 0.052545, -0.076768, 0.026256, 0.023609, -0.017673, -0.067990, 0.062555, 0.049216, 0.002092, -0.000000, -0.034831, -0.001329, -0.024446, -0.001277, -0.008191, -0.056399, -0.005559, -0.002188, 0.023918, -0.034560, 0.044359, 0.033581, -0.047645, -0.056124, 0.005369, -0.093962, -0.024758, 0.044216, -0.044368, -0.042891, 0.038079, -0.007962, -0.017046, 0.033483, 0.030810, -0.040949, 0.013701, -0.058515, 0.020868, -0.004142, -0.015454, 0.019383, 0.072457, -0.027503, 0.084432, 0.050302, 0.057270, 0.019402, 0.046470, 0.076607, 0.019636, -0.062912, 0.047307, -0.044993, -0.058659, 0.035998, -0.115195, -0.019926, 0.041190, -0.150172, -0.014938, 0.006213, 0.029466, 0.012920, -0.002334, 0.073590, -0.054724, 0.019977, -0.022829, 0.031154, 0.150261, -0.078526, -0.054557, 0.061212]

=== CHUNK hdfc_balanced_advantage::12::1 ===
source_url: https://groww.in/mutual-funds/hdfc-balanced-advantage-fund-direct-growth
scheme: HDFC Balanced Advantage Fund - Direct Growth
category: balanced_advantage
plan_variant: direct_growth
section: AA Arun Agarwal Oct 2022 - Present View details
fact_type: general
authority: page_text
is_atomic: false
char_len: 907
source_fetched_at: 2026-09-28T13:12:29+00:00
content_hash: 608716cc5a0870fc14d09e6f17304c0e4e5eb0993726f5856277e7a23046430e
---
AA Arun Agarwal Oct 2022 - Present View details
HDFC Silver ETF FoF Direct Growth
HDFC NIFTY Midcap 150 Index Fund Direct Growth
HDFC Nifty Smallcap 250 Index Fund Direct Growth
HDFC BSE 500 Index Fund Direct Growth
HDFC BSE Sensex ETF
HDFC NIFTY200 Momentum 30 Index Fund Direct Growth
HDFC NIFTY Realty Index Fund Direct Growth
HDFC NIFTY100 Low Volatility 30 Index Fund Direct Growth
HDFC Nifty500 Multicap 50:25:25 Index Fund Direct Growth
HDFC Nifty LargeMidcap 250 Index Fund Direct Growth
HDFC Nifty India Digital Index Fund Direct Growth
HDFC Nifty100 Quality 30 Index Fund Direct Growth
HDFC Nifty Top 20 Equal Weight Index Fund Direct Growth
HDFC BSE India Sector Leaders Index Fund Direct Growth
HDFC Nifty India Consumption Index Fund Direct Growth
HDFC Nifty Auto Index Fund Direct Growth
HDFC Nifty Metal ETF FoF Direct Growth
HDFC BSE REITS and Commercial Real Estate Index Fund Direct Growth

embedding_dim: 384
embedding: [0.059229, -0.071581, -0.010848, 0.052263, 0.084472, 0.028142, -0.043821, -0.012885, -0.028641, 0.008225, -0.037757, -0.105584, -0.031186, -0.036095, -0.039255, -0.061801, -0.070512, -0.006236, 0.012146, -0.052828, 0.033106, -0.005491, -0.003134, -0.071419, -0.017888, 0.011358, -0.048091, 0.035177, -0.079402, -0.086824, -0.031807, 0.116591, 0.043975, 0.025540, -0.032021, 0.038044, -0.040314, 0.044177, 0.065821, -0.071196, -0.019079, -0.095195, 0.036895, -0.083875, 0.040609, -0.022070, -0.038259, -0.006434, 0.063202, 0.005830, -0.033333, 0.068023, 0.010073, 0.007311, 0.026205, 0.022802, -0.092611, -0.096295, 0.011484, -0.018133, -0.031785, 0.009682, -0.007674, 0.001278, 0.024814, -0.026145, -0.056506, 0.001509, -0.028878, -0.006812, 0.006307, -0.052948, -0.051153, 0.045267, -0.010827, -0.033183, 0.011106, 0.012103, 0.046751, -0.016833, -0.037676, 0.017891, 0.051813, -0.016846, -0.075704, 0.006399, 0.066598, -0.049665, -0.023985, -0.065451, 0.049771, 0.039260, 0.010390, 0.113438, -0.016366, -0.044779, -0.047391, -0.081129, -0.067726, 0.006073, 0.035135, 0.017168, -0.022928, -0.018766, -0.116579, -0.058539, 0.038852, 0.059885, 0.032999, -0.034538, -0.032338, 0.044629, -0.075276, -0.074669, -0.070179, -0.042109, -0.050561, -0.086764, 0.039398, 0.019290, 0.022852, 0.026567, -0.072519, -0.004058, -0.040547, 0.035591, -0.020216, 0.000000, -0.070910, 0.043671, 0.062645, -0.021903, -0.067875, -0.055959, 0.038388, -0.014383, -0.061660, 0.051978, 0.065099, 0.090135, -0.071685, -0.049988, 0.067251, -0.049643, -0.005289, 0.039047, -0.027839, -0.025835, 0.000626, 0.085138, 0.084414, -0.050680, 0.079404, -0.060226, 0.047616, -0.018326, -0.013597, 0.039933, 0.019961, -0.046351, -0.114251, -0.090834, -0.078342, 0.000012, -0.027581, -0.043487, -0.074574, -0.014458, 0.009327, 0.026509, 0.006444, -0.010833, -0.047221, 0.071760, 0.101124, -0.001068, -0.010885, 0.045281, -0.031605, -0.051827, -0.037357, 0.015546, 0.040588, 0.042272, -0.018826, 0.000288, 0.039989, -0.016414, -0.077414, -0.038554, -0.082380, 0.035584, -0.095035, 0.040511, 0.082581, 0.014168, 0.059479, 0.029820, 0.045113, -0.021938, 0.023184, 0.045085, 0.041347, 0.028080, -0.038891, 0.053915, 0.032496, 0.066896, 0.010554, 0.064489, -0.006155, -0.040048, 0.095811, -0.010796, 0.052134, -0.019496, 0.007029, -0.054179, -0.049099, -0.026004, 0.039168, -0.056634, -0.095443, -0.000000, 0.060013, -0.025482, 0.005282, 0.043018, 0.020763, -0.009861, 0.017566, -0.013658, 0.112257, 0.003362, -0.001543, 0.106715, 0.042686, -0.028583, -0.066863, -0.064925, 0.038745, -0.005244, -0.017745, 0.015525, -0.032771, 0.016366, -0.053402, 0.047312, -0.046734, 0.024843, -0.058790, 0.055352, -0.027217, -0.060303, 0.008169, -0.068091, -0.034595, 0.123264, 0.009542, -0.055872, 0.072568, -0.010911, -0.083806, 0.121900, -0.010341, 0.022798, 0.049458, -0.003755, -0.004100, -0.134588, -0.051006, -0.024004, 0.017379, 0.012974, -0.012807, 0.071940, -0.070604, -0.029212, -0.013197, 0.043713, 0.049672, 0.046465, -0.045808, 0.027415, 0.004399, 0.091120, -0.005783, 0.060554, 0.053609, -0.065780, -0.075864, -0.099558, -0.050639, -0.028284, -0.019600, -0.045691, -0.048306, -0.027872, -0.025583, 0.034701, 0.106000, 0.001358, 0.095063, 0.014117, 0.040526, -0.020687, -0.013015, 0.097487, -0.042719, 0.010558, 0.039789, -0.089422, 0.053964, 0.047283, -0.001340, -0.056103, 0.026233, -0.004731, 0.005594, -0.000000, -0.014477, 0.025175, -0.004560, 0.047817, 0.013597, -0.038989, 0.006474, 0.022551, 0.009729, -0.021829, 0.047613, 0.032210, -0.053080, -0.032450, -0.016463, -0.078218, -0.075960, 0.078934, -0.038086, -0.023889, 0.065774, 0.044230, 0.021137, 0.037874, -0.004027, -0.073346, 0.035246, -0.111199, -0.053399, 0.028681, 0.038463, -0.032668, 0.044113, -0.040493, 0.094812, 0.080527, 0.003864, 0.029037, 0.001885, 0.048382, 0.007701, -0.043906, 0.034749, -0.032843, -0.054111, 0.006282, -0.101578, -0.004951, 0.076976, -0.149024, -0.012206, -0.008291, -0.063250, -0.029760, 0.000833, 0.081566, -0.065988, 0.034858, -0.016598, 0.026192, 0.147121, -0.079794, -0.023078, 0.071553]

=== CHUNK hdfc_balanced_advantage::13::0 ===
source_url: https://groww.in/mutual-funds/hdfc-balanced-advantage-fund-direct-growth
scheme: HDFC Balanced Advantage Fund - Direct Growth
category: balanced_advantage
plan_variant: direct_growth
section: DM Dhruv Muchhal Jun 2023 - Present View details
fact_type: general
authority: page_text
is_atomic: false
char_len: 1159
source_fetched_at: 2026-09-28T13:12:29+00:00
content_hash: 608716cc5a0870fc14d09e6f17304c0e4e5eb0993726f5856277e7a23046430e
---
DM Dhruv Muchhal Jun 2023 - Present View details
DM
Dhruv Muchhal
Jun 2023
- Present
View details
Education
Mr. Dhruv has done B.Com, CA and CFA
Experience
Prior to joining HDFC MF,he has worked with Motilal Oswal Financial Services Ltd., Goldman Sachs, CRISIL Global Research & Analytics and Deloitte Haskins & Sells
Also manages these schemes
HDFC Flexi Cap Direct Plan Growth
HDFC Value Fund Direct Plan Growth
HDFC Ultra Short to Short Term Fund Direct Growth
HDFC Focused Fund Direct Growth
HDFC Floating Interest Rates Fund Direct Plan Growth
HDFC Balanced Advantage Fund Direct Growth
HDFC Dynamic Term Fund Direct Plan Growth
HDFC Medium Term Fund Direct Growth
HDFC Medium to Long Term Fund Direct Growth
HDFC Infrastructure Fund Direct Growth
HDFC Corporate Bond Fund Direct Plan Growth
HDFC Conservative Hybrid Fund Direct Growth
HDFC Mid Cap Fund Direct Growth
HDFC Equity Savings Direct Plan Growth
HDFC Multi Asset Allocation Fund Direct Growth
HDFC Aggressive Hybrid Fund Direct Plan Growth
HDFC Short Term Fund Direct Plan Growth
HDFC ELSS Tax Saver Fund Direct Plan Growth
HDFC Large Cap Fund Direct Growth
HDFC Credit Risk Fund Direct Growth

embedding_dim: 384
embedding: [0.003806, -0.068160, -0.034056, 0.001224, 0.029630, -0.017315, -0.062087, -0.007960, -0.051752, -0.009853, 0.006740, -0.040348, -0.048299, -0.012718, 0.022232, -0.010758, 0.005012, 0.016494, -0.011508, -0.035504, -0.003591, -0.033096, 0.019770, -0.043868, -0.042542, 0.016940, -0.003214, 0.068793, -0.068310, -0.118284, 0.036831, 0.119026, 0.023243, 0.027951, 0.031645, 0.094195, -0.054163, 0.059718, 0.009584, -0.071780, -0.032755, -0.059150, 0.039960, -0.009152, 0.049422, -0.035327, -0.040280, -0.003539, 0.017000, 0.031626, -0.093275, -0.001728, 0.038790, 0.000545, 0.009015, -0.016892, -0.014039, 0.019238, -0.010080, -0.016389, -0.091596, 0.033608, -0.001959, 0.034352, -0.036733, -0.060525, -0.014159, 0.017522, -0.038464, -0.001073, -0.017232, -0.102781, -0.056270, 0.007689, -0.026860, -0.029307, -0.007097, -0.012858, 0.081165, -0.050043, 0.003223, 0.038803, 0.013470, 0.035951, -0.039381, -0.041275, 0.000777, -0.036988, 0.024197, -0.092065, 0.078552, 0.046053, -0.011196, 0.044687, -0.062722, -0.071154, -0.003883, -0.009982, -0.073595, 0.006352, 0.029719, -0.002109, -0.039014, -0.026260, -0.084646, -0.058241, 0.068868, 0.098218, 0.034356, -0.000493, -0.019385, 0.091715, -0.005675, -0.064313, 0.032571, -0.087350, -0.086285, -0.059282, 0.032609, 0.019404, -0.044942, 0.063711, -0.021598, -0.012109, -0.083483, -0.004518, -0.055128, 0.000000, -0.015794, 0.044551, 0.025867, 0.020572, -0.085142, -0.015034, 0.102045, 0.015031, -0.090686, 0.063725, 0.005988, 0.064168, -0.039186, 0.060124, -0.026526, -0.090183, 0.003511, 0.030079, -0.011157, 0.025584, 0.034467, 0.058307, 0.084649, -0.044384, 0.134729, -0.044422, 0.079440, 0.009683, 0.042570, 0.063977, -0.020876, -0.053394, -0.087267, -0.088360, -0.063797, 0.079264, -0.102153, -0.088496, -0.069574, -0.094170, -0.037429, 0.012407, -0.028716, -0.072955, -0.081903, 0.055372, 0.084991, 0.067450, -0.030964, -0.021358, -0.026552, -0.043495, -0.032511, -0.012333, 0.008859, 0.093451, -0.021686, -0.030619, -0.004151, 0.036968, -0.108772, -0.037425, -0.153811, 0.048894, -0.077390, 0.007141, 0.014261, -0.033539, 0.089525, 0.018870, 0.023636, -0.004305, 0.015839, 0.062876, 0.004719, -0.067262, 0.018715, 0.085835, 0.017371, 0.013405, 0.041102, 0.095401, 0.100029, -0.041764, 0.106874, 0.021134, 0.068109, -0.003151, -0.061114, 0.050117, -0.025027, -0.100365, 0.117146, 0.015549, -0.017737, -0.000000, -0.030113, -0.006819, 0.022648, -0.005533, 0.039034, 0.016559, -0.021645, -0.018630, 0.080963, -0.030366, 0.015273, 0.038043, -0.008062, -0.055259, -0.074318, -0.069245, -0.031677, -0.018863, 0.011811, -0.004304, 0.013034, 0.049879, -0.021892, 0.052746, -0.048986, 0.012803, -0.007354, 0.081802, -0.004495, 0.073082, 0.004227, -0.062075, -0.130049, 0.076277, -0.018476, -0.056814, -0.035666, 0.035517, -0.027133, 0.083889, -0.007628, -0.017249, 0.054252, -0.074869, 0.011105, -0.065202, -0.025180, -0.038190, 0.033398, -0.008718, -0.084287, 0.007601, -0.040889, 0.001040, -0.005836, -0.012416, 0.074460, -0.013121, -0.041210, -0.023092, -0.027557, 0.068413, 0.042048, 0.083241, 0.061706, -0.029415, -0.055795, -0.108025, -0.032829, -0.065517, -0.016608, -0.007408, 0.004931, -0.017594, 0.027538, -0.003458, -0.068967, -0.026308, 0.000698, 0.060592, 0.092599, -0.027942, -0.021399, 0.090664, -0.026688, -0.019566, 0.057092, -0.066091, 0.016080, 0.012915, 0.002859, -0.087226, 0.020772, -0.007994, 0.007205, -0.000000, -0.027638, -0.000560, 0.009259, -0.003186, 0.020054, -0.031611, -0.016753, 0.029713, 0.033381, -0.007373, 0.153112, 0.030976, -0.064130, -0.046147, -0.000846, -0.043954, -0.033886, 0.057118, -0.028560, -0.004713, 0.046906, -0.000977, -0.013028, 0.089728, 0.081262, -0.013449, 0.010928, -0.037928, 0.034518, 0.059666, 0.018182, -0.023960, 0.031782, -0.034960, 0.074572, 0.056623, 0.020316, 0.033217, 0.048053, 0.099914, 0.002501, -0.011715, 0.033268, 0.002256, -0.027876, 0.008748, -0.134824, -0.009178, 0.035305, -0.121610, -0.000953, 0.006808, 0.057384, -0.016813, -0.001312, 0.050191, -0.017851, 0.027400, -0.021887, -0.019059, 0.131449, -0.086202, -0.010481, 0.073964]

=== CHUNK hdfc_balanced_advantage::13::1 ===
source_url: https://groww.in/mutual-funds/hdfc-balanced-advantage-fund-direct-growth
scheme: HDFC Balanced Advantage Fund - Direct Growth
category: balanced_advantage
plan_variant: direct_growth
section: DM Dhruv Muchhal Jun 2023 - Present View details
fact_type: general
authority: page_text
is_atomic: false
char_len: 1000
source_fetched_at: 2026-09-28T13:12:29+00:00
content_hash: 608716cc5a0870fc14d09e6f17304c0e4e5eb0993726f5856277e7a23046430e
---
DM Dhruv Muchhal Jun 2023 - Present View details
HDFC ELSS Tax Saver Fund Direct Plan Growth
HDFC Large Cap Fund Direct Growth
HDFC Credit Risk Fund Direct Growth
HDFC Banking and PSU Debt Fund Direct Growth
HDFC Arbitrage Fund Direct Growth
HDFC Large & Mid Cap Fund Direct Growth
HDFC Small Cap Fund Direct Growth
HDFC Ultra Short Term Fund Direct Growth
HDFC Liquid Direct Plan Growth
HDFC Overnight Fund Direct Growth
HDFC Money Market Fund Direct Growth
HDFC Housing Opportunities Fund Direct Growth
HDFC Banking & Financial Services Fund Direct Growth
HDFC Multi Cap Fund Direct Growth
HDFC Business Cycle Fund Direct Growth
HDFC Long Term Fund Direct Growth
HDFC MNC Fund Direct Growth
HDFC Defence Fund Direct Growth
HDFC Consumption Fund Direct Growth
HDFC Transportation and Logistics Fund Direct Growth
HDFC Technology Fund Direct Growth
HDFC Pharma And Healthcare Fund Direct Growth
HDFC Manufacturing Fund Direct Growth
HDFC Children's Fund Direct Plan
HDFC Innovation Fund Direct Growth

embedding_dim: 384
embedding: [0.026302, -0.083034, -0.002436, -0.000939, 0.080854, 0.060179, -0.032119, 0.009490, -0.084466, 0.006044, -0.006720, -0.078565, -0.022102, -0.012344, 0.013668, -0.057203, -0.009133, -0.016230, 0.025906, -0.063388, 0.030946, -0.032564, 0.027736, -0.017045, -0.042525, 0.056652, -0.030005, 0.034954, -0.101719, -0.074855, 0.016426, 0.110376, 0.053938, 0.030820, 0.003630, 0.071984, 0.000341, 0.056247, 0.028497, -0.043885, -0.035573, -0.071860, 0.015385, -0.038101, 0.097746, -0.033163, -0.067512, -0.018133, 0.065612, 0.011559, -0.024845, 0.007628, 0.011713, 0.007397, 0.009097, -0.022039, -0.064762, -0.036441, -0.019069, 0.008924, -0.105454, 0.015353, 0.001088, -0.007671, -0.041748, -0.041851, 0.004436, 0.069177, -0.040274, 0.027317, -0.033742, -0.047808, -0.044215, 0.080092, -0.037672, -0.034627, 0.005971, 0.009059, 0.054600, -0.036965, -0.051513, 0.018862, 0.027148, 0.005934, -0.070955, 0.035817, 0.017066, -0.053829, 0.014308, -0.077882, 0.040727, -0.008769, 0.048313, 0.107315, -0.059996, -0.037291, -0.079032, -0.073558, -0.041800, -0.034447, 0.045216, -0.002407, 0.021262, -0.044569, -0.068546, -0.022462, 0.028301, 0.050870, 0.055159, -0.013221, -0.039100, 0.068698, -0.015982, -0.052920, -0.030227, -0.059656, -0.033659, -0.121004, 0.022819, 0.070182, 0.005538, 0.017627, -0.012983, -0.017802, -0.064323, 0.018217, -0.058045, 0.000000, -0.031747, -0.002705, 0.068541, 0.053367, -0.064246, -0.035427, 0.062694, 0.007054, -0.060241, 0.099612, -0.028614, 0.061753, -0.036809, 0.021977, 0.038723, -0.057625, -0.030310, 0.048261, 0.001438, 0.055222, -0.013353, 0.078284, 0.118240, -0.057107, 0.163558, -0.040400, 0.018857, -0.023520, 0.035590, 0.040669, -0.020646, -0.050206, -0.109065, -0.100930, -0.093671, 0.038180, -0.046689, -0.067336, -0.053320, -0.040738, -0.008167, -0.022146, -0.021015, -0.007254, -0.031128, 0.041167, 0.123071, 0.008139, -0.061494, -0.029340, -0.038077, -0.043541, 0.002601, -0.042612, 0.014086, 0.070824, -0.026354, -0.001054, 0.026498, 0.022123, -0.080799, -0.063018, -0.092922, 0.072773, -0.068838, 0.006726, 0.042925, -0.002127, 0.060578, -0.007579, 0.036857, -0.061418, -0.025004, 0.062091, 0.039671, 0.006287, -0.026154, 0.065038, -0.004137, 0.020040, -0.004499, 0.060819, 0.030472, 0.001367, 0.146946, 0.042189, 0.094796, -0.055672, -0.055514, 0.009207, -0.090678, -0.061149, 0.157153, -0.008222, -0.027750, -0.000000, 0.029650, 0.024445, -0.004405, 0.010417, 0.052777, 0.002807, 0.003558, -0.043811, 0.098694, 0.019428, -0.026414, 0.055836, 0.024040, -0.038941, -0.069230, -0.086464, -0.003569, -0.001289, -0.018628, -0.012843, -0.021397, 0.011787, -0.060621, 0.075371, -0.041075, 0.036171, -0.052743, 0.051769, 0.013567, 0.011127, -0.002072, -0.061455, -0.046601, 0.109541, -0.006872, -0.073615, 0.006834, -0.026605, -0.016743, 0.064613, 0.018962, -0.042906, 0.033889, -0.038608, 0.003804, -0.105945, -0.025650, -0.051689, 0.026354, 0.002919, -0.031090, 0.035023, -0.088964, 0.009006, -0.018229, -0.000684, 0.054254, -0.014654, -0.031180, -0.006145, -0.032131, 0.041855, 0.000950, 0.075180, 0.039726, -0.079612, -0.041629, -0.101068, -0.060177, -0.051305, -0.010276, 0.008582, -0.045439, 0.032332, -0.011060, 0.006605, 0.009999, 0.012632, 0.046378, 0.056880, 0.075094, -0.081428, -0.039176, 0.086358, -0.043967, -0.036345, 0.084713, -0.106969, 0.021860, 0.035605, -0.008418, -0.072253, 0.025403, -0.011222, 0.012654, -0.000000, 0.021861, 0.002449, 0.019696, 0.042483, 0.003435, -0.063337, -0.039052, 0.029834, 0.018479, -0.000264, 0.092296, 0.073788, -0.007725, -0.070823, -0.005414, -0.043218, -0.077377, 0.096755, -0.038885, 0.006770, 0.066972, 0.016067, -0.029425, 0.071765, 0.045236, -0.075241, 0.046429, -0.068260, 0.011170, 0.059348, 0.044025, -0.072485, -0.006908, -0.046084, 0.068705, 0.046684, -0.017025, 0.004185, 0.030334, 0.026831, -0.023944, -0.051622, 0.028734, -0.024118, -0.046651, -0.015449, -0.141547, -0.022068, 0.027731, -0.150937, 0.000732, 0.050967, 0.023394, -0.034689, 0.025788, 0.105387, -0.036250, 0.016397, 0.015484, 0.001640, 0.098072, -0.065260, -0.005994, 0.071616]

=== CHUNK hdfc_balanced_advantage::14::0 ===
source_url: https://groww.in/mutual-funds/hdfc-balanced-advantage-fund-direct-growth
scheme: HDFC Balanced Advantage Fund - Direct Growth
category: balanced_advantage
plan_variant: direct_growth
section: NM Nandita Menezes Mar 2025 - Present View details
fact_type: general
authority: page_text
is_atomic: false
char_len: 1191
source_fetched_at: 2026-09-28T13:12:29+00:00
content_hash: 608716cc5a0870fc14d09e6f17304c0e4e5eb0993726f5856277e7a23046430e
---
NM Nandita Menezes Mar 2025 - Present View details
NM
Nandita Menezes
Mar 2025
- Present
View details
Education
CA (ICAI, INDIA), B.Com (University of Mumbai)
Experience
Prior to joining HDFC AMC, she was associated with S.V. Ghatalia & Associates LLP.
Also manages these schemes
HDFC Gold ETF Fund of Fund Direct Plan Growth
HDFC Balanced Advantage Fund Direct Growth
HDFC NIFTY 50 Index Fund Direct Growth
HDFC BSE Sensex Index Fund Direct Growth
HDFC Equity Savings Direct Plan Growth
HDFC Multi Asset Allocation Fund Direct Growth
HDFC Arbitrage Fund Direct Growth
HDFC Retirement Fund Equity Plan Direct Growth
HDFC Retirement Fund Hybrid Equity Plan Direct Growth
HDFC Retirement Fund Hybrid Debt Plan Direct Growth
HDFC NIFTY50 Equal Weight Index Fund Direct Growth
HDFC Developed World Overseas Equity Passive FoF Direct Growth
HDFC NIFTY Next 50 Index Fund Direct Growth
HDFC NIFTY 100 Index Fund Direct Growth
HDFC NIFTY 100 Equal Weight Index Fund Direct Growth
HDFC Silver ETF FoF Direct Growth
HDFC NIFTY Midcap 150 Index Fund Direct Growth
HDFC Nifty Smallcap 250 Index Fund Direct Growth
HDFC BSE 500 Index Fund Direct Growth
HDFC NIFTY200 Momentum 30 Index Fund Direct Growth

embedding_dim: 384
embedding: [0.039595, -0.042929, -0.071268, 0.016191, 0.042270, 0.037757, 0.007848, 0.014856, -0.038809, 0.030006, -0.048689, -0.053566, -0.024616, -0.039154, -0.002063, -0.061674, -0.015863, -0.047836, 0.043018, -0.019071, 0.051677, -0.049059, -0.027715, -0.084201, -0.042123, 0.013455, -0.024587, 0.039930, -0.076451, -0.107942, 0.036246, 0.101599, 0.060260, -0.014709, 0.012935, 0.021116, 0.008352, -0.008681, -0.027042, -0.041673, -0.018992, -0.027705, 0.024023, -0.049681, 0.074510, -0.039068, -0.016795, 0.007936, 0.061096, -0.007364, -0.021546, 0.028579, 0.039001, 0.032681, 0.045149, 0.067677, -0.052781, -0.078620, 0.021749, -0.046255, -0.053546, 0.016796, 0.055910, -0.004909, 0.036004, -0.056879, -0.046293, 0.009436, 0.014829, 0.037198, 0.006410, -0.073958, -0.118884, 0.020253, -0.052491, 0.012485, 0.011500, 0.003078, 0.072872, -0.076882, -0.073506, 0.016533, 0.042117, 0.023545, -0.041922, 0.002143, 0.048916, -0.019490, -0.009097, -0.055750, 0.053293, 0.058983, -0.020309, 0.053320, -0.032753, -0.094872, -0.037986, -0.027424, -0.121884, -0.005776, 0.094627, 0.038147, -0.034233, -0.069411, -0.111180, -0.001291, 0.059084, 0.084856, 0.079994, 0.001945, -0.121530, 0.107629, -0.046338, -0.018498, -0.047481, -0.034530, -0.078569, -0.058578, 0.010741, 0.025048, 0.000593, 0.060089, -0.027438, 0.013539, -0.012803, -0.008304, -0.049193, 0.000000, -0.089376, 0.089131, 0.042596, -0.051460, -0.052514, -0.024741, 0.083067, -0.044950, 0.002340, 0.046911, -0.009926, 0.083489, -0.053183, -0.026620, -0.026864, -0.082987, -0.028845, 0.035796, -0.013694, 0.002649, 0.008901, 0.072768, 0.076064, -0.073141, 0.088465, -0.058438, 0.030679, -0.010035, 0.027632, 0.057148, 0.000071, -0.057144, -0.085712, -0.107336, -0.042692, 0.001871, 0.040126, -0.064754, -0.086093, 0.001759, 0.008903, 0.011389, -0.000146, -0.018196, -0.022721, 0.044023, 0.096210, 0.117017, 0.024180, -0.013995, -0.076860, -0.088622, 0.012780, -0.048533, 0.047528, 0.037257, -0.044162, 0.002905, 0.035643, -0.001757, -0.041293, -0.056686, -0.118974, 0.028072, -0.078040, 0.062594, 0.073978, -0.012744, 0.066925, 0.029063, -0.001283, -0.008195, 0.048735, 0.101595, 0.005135, -0.031535, -0.045836, 0.084532, 0.057501, 0.055270, 0.002531, 0.067760, -0.008412, -0.070920, 0.129971, 0.030187, 0.092608, -0.035298, -0.055349, -0.011452, 0.037173, -0.042106, 0.111591, -0.045293, -0.047076, -0.000000, -0.030839, 0.006298, -0.011432, 0.029435, 0.081591, -0.007101, 0.050930, 0.005870, 0.097673, -0.055000, 0.025316, 0.001715, 0.007489, -0.094413, -0.049460, -0.096226, 0.015256, -0.002185, 0.008112, -0.016472, -0.008537, -0.007611, -0.024798, 0.045154, 0.001207, 0.056753, -0.029454, 0.091350, -0.036984, 0.034650, 0.026519, -0.057558, -0.135657, 0.056019, 0.030732, -0.089982, -0.031443, 0.068737, 0.017109, 0.082834, 0.000636, 0.006491, 0.022901, -0.008000, 0.018101, -0.053998, -0.081288, 0.002873, 0.021423, 0.012945, -0.064035, -0.008932, -0.062793, -0.047590, 0.021630, -0.002446, 0.044736, -0.000634, -0.020796, 0.032113, 0.014339, 0.079615, 0.015143, 0.113915, 0.032984, -0.031856, -0.025607, -0.078304, -0.051129, -0.025622, -0.004165, -0.052791, 0.009087, -0.002161, 0.000307, 0.042381, 0.023300, 0.005322, 0.060039, -0.009768, 0.022816, 0.026663, -0.023525, 0.051069, -0.046729, 0.030451, -0.006396, -0.045821, 0.056084, 0.025826, -0.008417, -0.085989, 0.019726, 0.020164, -0.038242, -0.000000, 0.011698, -0.022939, 0.034736, -0.022121, 0.030465, -0.025883, -0.080378, -0.024791, 0.045279, -0.059415, 0.108751, 0.031167, -0.016223, -0.068674, -0.027402, -0.043390, 0.013001, 0.069002, -0.029547, -0.089877, 0.036704, -0.003868, 0.001951, 0.028274, 0.058448, -0.008920, 0.017267, -0.077816, 0.010187, 0.004877, 0.021585, -0.036618, 0.063525, -0.012366, 0.069471, 0.092181, 0.009458, 0.074683, 0.065785, 0.033457, -0.017853, -0.060393, 0.066970, -0.067374, -0.045441, -0.008672, -0.104386, 0.024650, 0.020281, -0.109860, -0.040906, -0.020469, 0.000371, -0.047030, -0.006920, 0.058343, -0.058170, 0.019020, -0.010387, -0.040528, 0.091143, -0.103605, -0.041801, 0.091811]

=== CHUNK hdfc_balanced_advantage::14::1 ===
source_url: https://groww.in/mutual-funds/hdfc-balanced-advantage-fund-direct-growth
scheme: HDFC Balanced Advantage Fund - Direct Growth
category: balanced_advantage
plan_variant: direct_growth
section: NM Nandita Menezes Mar 2025 - Present View details
fact_type: general
authority: page_text
is_atomic: false
char_len: 852
source_fetched_at: 2026-09-28T13:12:29+00:00
content_hash: 608716cc5a0870fc14d09e6f17304c0e4e5eb0993726f5856277e7a23046430e
---
NM Nandita Menezes Mar 2025 - Present View details
HDFC Nifty Smallcap 250 Index Fund Direct Growth
HDFC BSE 500 Index Fund Direct Growth
HDFC NIFTY200 Momentum 30 Index Fund Direct Growth
HDFC NIFTY Realty Index Fund Direct Growth
HDFC NIFTY100 Low Volatility 30 Index Fund Direct Growth
HDFC Nifty500 Multicap 50:25:25 Index Fund Direct Growth
HDFC Nifty LargeMidcap 250 Index Fund Direct Growth
HDFC Nifty India Digital Index Fund Direct Growth
HDFC Nifty100 Quality 30 Index Fund Direct Growth
HDFC Nifty Top 20 Equal Weight Index Fund Direct Growth
HDFC BSE India Sector Leaders Index Fund Direct Growth
HDFC Nifty India Consumption Index Fund Direct Growth
HDFC Gold Silver Passive FoF Direct Growth
HDFC Nifty Auto Index Fund Direct Growth
HDFC Nifty Metal ETF FoF Direct Growth
HDFC BSE REITS and Commercial Real Estate Index Fund Direct Growth

embedding_dim: 384
embedding: [0.061948, -0.078850, -0.021315, 0.042437, 0.072572, 0.037364, -0.013097, -0.003520, -0.036155, 0.009356, -0.040429, -0.085127, -0.030254, -0.035336, -0.050420, -0.063859, -0.057102, -0.010138, 0.022157, -0.044299, 0.065719, -0.028637, -0.006533, -0.061213, -0.046432, 0.031573, -0.060539, 0.026642, -0.079607, -0.097235, -0.022700, 0.113779, 0.045829, -0.003026, -0.005553, 0.018413, 0.001112, 0.008819, 0.024741, -0.046687, -0.028587, -0.093793, 0.021517, -0.068856, 0.053281, -0.022061, -0.013818, 0.006207, 0.081318, -0.014194, -0.035586, 0.056696, 0.006270, 0.023345, 0.015225, 0.038484, -0.099012, -0.101166, 0.045882, -0.036106, -0.030608, 0.022378, 0.027944, -0.010822, 0.047899, -0.028670, -0.051088, 0.005945, -0.019632, 0.015162, 0.025679, -0.062051, -0.084339, 0.048309, -0.041382, -0.023494, 0.024781, -0.003366, 0.030377, -0.033629, -0.050104, -0.001637, 0.052947, -0.022781, -0.063280, 0.009578, 0.029373, -0.041957, -0.012678, -0.043967, 0.036846, 0.046093, 0.019517, 0.107196, -0.031599, -0.052703, -0.061070, -0.074161, -0.093924, 0.000452, 0.058466, 0.014185, -0.017620, -0.047356, -0.106799, -0.028914, 0.033047, 0.071443, 0.028571, -0.013760, -0.087682, 0.068692, -0.083917, -0.054735, -0.061260, -0.051610, -0.044168, -0.074589, 0.044462, 0.039986, 0.039239, 0.024819, -0.065776, -0.011289, -0.034072, 0.048528, -0.029229, 0.000000, -0.051129, 0.050580, 0.066565, -0.022412, -0.077757, -0.031895, 0.045862, -0.007601, -0.055576, 0.044651, 0.043820, 0.101192, -0.068322, -0.044917, 0.032417, -0.058901, 0.003718, 0.042190, -0.016973, -0.019406, -0.000650, 0.094404, 0.098685, -0.056561, 0.098915, -0.082245, 0.002914, -0.030130, -0.004516, 0.046010, 0.010086, -0.045062, -0.095996, -0.122275, -0.063948, 0.006708, 0.000553, -0.035806, -0.081168, -0.015254, 0.001514, 0.021538, -0.002511, -0.004750, -0.028928, 0.082385, 0.093381, 0.034779, 0.008916, 0.008961, -0.028356, -0.062641, -0.050155, -0.001354, 0.038481, 0.035865, -0.021932, 0.010134, 0.039217, -0.029978, -0.066676, -0.020133, -0.076747, 0.030188, -0.076652, 0.041369, 0.084502, 0.040504, 0.041434, 0.036012, 0.015379, -0.043250, 0.031562, 0.078789, 0.058087, -0.002254, -0.052927, 0.040402, 0.055843, 0.069304, 0.016415, 0.040504, -0.013819, -0.056806, 0.109569, 0.026167, 0.080791, -0.025015, -0.001210, -0.050755, -0.035469, -0.033256, 0.067694, -0.064272, -0.097429, -0.000000, 0.003548, -0.011384, -0.002723, 0.068657, 0.034175, -0.025809, 0.001789, -0.015126, 0.108760, -0.005312, 0.021109, 0.049857, 0.029461, -0.050793, -0.076020, -0.072314, 0.027786, -0.014883, -0.013144, -0.005910, -0.043776, 0.001948, -0.049407, 0.060596, -0.049317, 0.025631, -0.053465, 0.053471, -0.013040, -0.035970, 0.015297, -0.071559, -0.043284, 0.104038, 0.032660, -0.060768, 0.019088, -0.015373, -0.026045, 0.109910, -0.006046, 0.030489, 0.056544, 0.007340, -0.011011, -0.100949, -0.080078, 0.004231, 0.039300, 0.014108, -0.027058, 0.049024, -0.082366, -0.030407, -0.007667, 0.040040, 0.019122, 0.055403, -0.047798, 0.048373, 0.008136, 0.091577, -0.013938, 0.049237, 0.048047, -0.080540, -0.061045, -0.092510, -0.035589, -0.021955, -0.002187, -0.048657, -0.035253, -0.022027, -0.043359, 0.023526, 0.091845, 0.009293, 0.097837, -0.006844, 0.040811, 0.009856, -0.018248, 0.062858, -0.034233, 0.027169, 0.034921, -0.074067, 0.065474, 0.061024, 0.005673, -0.071823, 0.016781, -0.007911, -0.020405, -0.000000, 0.027654, 0.000314, 0.012691, 0.034753, 0.028879, -0.030651, -0.016595, -0.002776, 0.028436, -0.025079, 0.095196, 0.034358, -0.054490, -0.052020, -0.041533, -0.062292, -0.064704, 0.092072, -0.021555, -0.040894, 0.082888, 0.059208, 0.023796, 0.030528, 0.017361, -0.058217, 0.027704, -0.100052, -0.060879, 0.050232, 0.062431, -0.050065, 0.051727, -0.050140, 0.093105, 0.095247, -0.005849, 0.041693, -0.001625, 0.013475, -0.011090, -0.045054, 0.042223, -0.038146, -0.070519, -0.034350, -0.103201, 0.020461, 0.058317, -0.138554, -0.026524, -0.030862, -0.054785, -0.027177, 0.008126, 0.088801, -0.058196, 0.048906, -0.024847, -0.016119, 0.128482, -0.096976, -0.025941, 0.087799]

=== CHUNK hdfc_balanced_advantage::15::0 ===
source_url: https://groww.in/mutual-funds/hdfc-balanced-advantage-fund-direct-growth
scheme: HDFC Balanced Advantage Fund - Direct Growth
category: balanced_advantage
plan_variant: direct_growth
section: GA Gopal Agrawal Jul 2022 - Present View details
fact_type: general
authority: page_text
is_atomic: true
char_len: 645
source_fetched_at: 2026-09-28T13:12:29+00:00
content_hash: 608716cc5a0870fc14d09e6f17304c0e4e5eb0993726f5856277e7a23046430e
---
GA Gopal Agrawal Jul 2022 - Present View details
GA
Gopal Agrawal
Jul 2022
- Present
View details
Education
Mr.Agrawal is a B.E and MBM.
Experience
Prior to joining HDFC Mutual Fund he has worked with DSP Mutual Fund, Tata AMC, Mirae Asset Mutual Fund ,SBI Mutual Fund, Kotak Securities, HDFC Securities, IDBI Capital, UTI Securities and IPCL.
Also manages these schemes
HDFC Balanced Advantage Fund Direct Growth
HDFC Large & Mid Cap Fund Direct Growth
HDFC Retirement Fund Equity Plan Direct Growth
HDFC Retirement Fund Hybrid Equity Plan Direct Growth
HDFC Retirement Fund Hybrid Debt Plan Direct Growth
HDFC Dividend Yield Fund Direct Growth

embedding_dim: 384
embedding: [-0.013768, -0.052736, -0.021423, -0.016766, 0.032900, 0.014197, 0.079029, -0.010092, -0.009037, -0.015709, -0.025086, -0.023606, -0.032910, -0.020835, 0.044028, -0.022942, 0.005464, -0.021819, 0.020203, -0.021135, -0.027640, -0.015634, -0.051981, -0.030978, 0.011878, -0.003608, 0.052295, 0.007108, -0.038779, -0.009503, 0.034323, 0.101677, -0.013462, -0.012414, -0.072947, 0.054974, -0.091760, 0.004294, 0.002062, -0.047471, -0.007356, -0.017348, 0.041007, -0.093438, 0.080855, -0.037058, -0.027785, -0.028214, 0.030686, -0.016435, -0.026038, 0.032518, 0.025231, -0.046642, 0.081504, 0.072299, 0.011323, -0.053408, 0.006033, 0.051646, -0.049687, -0.008386, 0.034935, -0.033716, 0.072443, -0.022446, 0.025074, 0.036614, 0.002810, -0.002144, -0.060666, -0.042506, -0.092923, -0.062869, -0.078545, 0.003575, -0.004615, 0.062099, 0.075935, -0.059716, -0.036826, 0.063063, 0.078979, 0.082474, -0.052224, -0.006902, 0.032004, 0.013866, -0.046111, -0.053991, 0.123427, 0.060895, 0.000061, 0.037055, -0.029626, -0.025995, -0.087066, -0.108396, -0.070356, 0.007055, 0.029913, 0.047709, 0.001714, -0.017252, -0.049579, -0.053139, 0.055844, 0.057141, 0.091601, 0.013421, -0.014450, 0.075825, -0.026590, -0.023113, -0.088392, -0.003558, -0.095218, -0.065524, -0.034484, 0.018574, 0.059627, 0.043239, -0.098520, 0.008592, -0.024787, -0.100133, -0.031221, 0.000000, 0.008032, -0.001326, 0.053019, -0.009792, -0.084180, 0.008014, 0.062178, -0.079509, -0.036843, 0.018417, 0.029914, 0.050774, -0.052107, 0.055855, -0.075296, -0.059126, -0.018810, 0.070175, 0.045571, -0.027255, 0.061965, 0.082140, 0.023123, -0.063169, 0.109443, -0.041973, 0.009193, -0.068744, 0.039416, 0.054451, 0.015549, -0.030762, -0.121578, 0.007553, -0.028744, -0.048351, -0.038567, -0.071990, -0.102636, -0.040678, -0.020101, 0.062701, -0.021053, 0.001604, -0.023823, 0.023738, 0.108123, 0.058272, 0.029109, 0.072569, -0.089002, -0.056406, -0.016347, -0.003873, 0.017369, 0.015386, -0.068675, -0.019981, 0.024165, 0.045918, -0.024748, -0.017169, -0.168506, 0.025034, -0.056295, 0.119746, 0.039699, -0.072145, 0.058183, 0.009959, 0.052178, 0.018852, 0.031997, 0.065627, -0.076195, -0.062879, -0.012027, 0.150631, -0.026192, 0.088847, -0.003604, 0.071515, 0.032785, -0.041966, 0.040676, 0.034842, 0.043784, -0.005281, -0.043504, 0.003199, 0.002027, -0.010590, 0.095729, 0.062737, -0.010848, -0.000000, -0.024643, -0.022557, 0.014471, -0.015030, 0.051155, 0.002504, 0.058707, 0.012991, 0.040722, 0.034020, 0.027214, 0.082875, 0.012820, -0.051349, -0.038354, -0.060872, 0.009228, 0.007981, -0.013589, -0.016279, 0.045096, 0.062955, -0.007058, 0.011594, 0.031872, 0.038699, -0.011729, 0.021365, -0.068656, -0.000087, 0.048979, -0.041161, -0.123246, 0.049857, 0.007833, -0.122420, 0.020257, 0.038272, -0.049271, 0.054283, -0.037372, 0.004670, 0.096881, -0.061990, 0.070591, -0.006419, -0.053432, 0.020953, 0.106872, -0.041617, -0.038414, -0.020220, 0.010350, -0.027557, -0.021940, -0.030750, 0.114381, -0.003109, 0.016376, -0.021071, 0.058660, 0.024827, 0.031565, 0.092408, -0.043027, 0.037874, 0.036544, -0.058041, -0.025105, -0.054184, -0.003048, -0.063557, 0.080503, -0.020359, 0.022222, 0.050409, 0.003546, 0.019515, 0.060466, 0.031818, 0.073161, 0.028348, -0.033058, 0.089874, -0.040352, -0.044076, -0.004805, -0.078447, 0.066200, -0.052001, -0.071462, -0.102584, 0.014091, 0.062771, 0.014951, -0.000000, 0.023124, -0.074701, -0.037955, -0.048428, -0.038382, -0.037924, -0.034844, -0.035135, 0.059283, -0.029592, 0.084469, 0.031870, -0.071403, -0.048527, -0.014056, -0.103013, -0.002359, 0.013861, -0.007787, -0.039579, 0.073354, -0.043374, 0.031584, 0.037126, 0.024524, -0.005556, 0.051693, -0.026696, 0.013391, 0.030399, -0.015293, 0.026382, 0.022179, 0.015933, 0.001552, 0.043973, 0.026572, 0.060648, 0.060838, 0.111614, 0.012911, -0.079865, 0.095408, -0.068351, -0.004208, -0.003670, -0.013385, -0.049234, 0.044863, -0.101648, -0.005101, -0.006278, 0.014429, 0.046487, -0.004516, 0.014189, -0.003558, -0.015465, -0.051314, -0.029831, 0.073945, -0.095144, -0.030149, 0.088217]

=== CHUNK hdfc_balanced_advantage::16::0 ===
source_url: https://groww.in/mutual-funds/hdfc-balanced-advantage-fund-direct-growth
scheme: HDFC Balanced Advantage Fund - Direct Growth
category: balanced_advantage
plan_variant: direct_growth
section: ID Ihab Dalwai Sep 2026 - Present View details
fact_type: general
authority: page_text
is_atomic: true
char_len: 491
source_fetched_at: 2026-09-28T13:12:29+00:00
content_hash: 608716cc5a0870fc14d09e6f17304c0e4e5eb0993726f5856277e7a23046430e
---
ID Ihab Dalwai Sep 2026 - Present View details
ID
Ihab Dalwai
Sep 2026
- Present
View details
Education
Mr. Dalwai is a Chartered Accountant.
Experience
Prior to joining the HDFC AMC, he was associated with ICICI Prudential AMC.
Also manages these schemes
HDFC Balanced Advantage Fund Direct Growth
HDFC Multi Asset Allocation Fund Direct Growth
HDFC Aggressive Hybrid Fund Direct Plan Growth
HDFC Multi Asset Active FoF Direct Growth
HDFC Diversified Equity All Cap Active FoF Direct Growth

embedding_dim: 384
embedding: [-0.025891, -0.007066, -0.049065, 0.023725, 0.011420, 0.035622, 0.061303, 0.002832, -0.007527, 0.007950, 0.001280, -0.085229, -0.003402, -0.008636, 0.012764, -0.019563, -0.012558, -0.033207, -0.009669, 0.006160, -0.055848, -0.027389, -0.109357, 0.008530, 0.022176, -0.021065, -0.011945, -0.020883, -0.052051, -0.051234, -0.016486, -0.000591, 0.063679, -0.019858, 0.037665, 0.033968, -0.047293, 0.017872, 0.027902, -0.014600, 0.009904, -0.016200, 0.043208, -0.110428, 0.054208, -0.038981, -0.077858, -0.037718, 0.015094, 0.018500, -0.093719, 0.068546, 0.013134, -0.014233, 0.031567, -0.001872, -0.004078, 0.019136, -0.016824, -0.000236, -0.064874, 0.039101, 0.065874, 0.003675, 0.034463, -0.019962, -0.002451, 0.072976, 0.042055, -0.041623, -0.022962, 0.006161, -0.053999, -0.029609, 0.036309, -0.068066, 0.039143, 0.009979, 0.066088, -0.037001, -0.051950, 0.055054, -0.065225, 0.016171, -0.003443, 0.034720, 0.021883, -0.037693, -0.037342, -0.018373, 0.074995, 0.029305, -0.022955, 0.057889, -0.047621, -0.041104, -0.073355, -0.016369, -0.084806, 0.013831, 0.050004, -0.000126, -0.055735, -0.065532, -0.047775, -0.026058, 0.059710, -0.007956, 0.092923, -0.018745, -0.042417, 0.041517, -0.091372, -0.023489, 0.003870, 0.045793, -0.068584, -0.028671, 0.032734, -0.028040, 0.014290, -0.012232, -0.065045, -0.014468, -0.063695, -0.109785, 0.009603, 0.000000, -0.069910, -0.007564, 0.012459, 0.022597, -0.031695, -0.074905, 0.014069, -0.094341, -0.085686, 0.042118, -0.004062, 0.074272, -0.046233, -0.004424, -0.021538, -0.096939, -0.045828, 0.054557, 0.004412, -0.023385, 0.042813, 0.075675, 0.030947, -0.106047, 0.107439, -0.029203, 0.053915, -0.005939, 0.004540, 0.109774, -0.010916, -0.044617, -0.106214, 0.001660, -0.041016, -0.031119, -0.077803, -0.073392, -0.028604, 0.050043, 0.002928, 0.027218, -0.018204, -0.051622, -0.050562, 0.055308, 0.112208, 0.080531, 0.011917, 0.057669, -0.016451, -0.052824, -0.003594, -0.050874, 0.044645, -0.033275, -0.081962, -0.004137, 0.051692, 0.054799, 0.007548, -0.070665, -0.161644, 0.094201, -0.115880, 0.027163, 0.026877, -0.022891, 0.142788, -0.072385, 0.043127, -0.035460, -0.010254, 0.049701, -0.036282, -0.051119, -0.044802, 0.143057, -0.013941, 0.096029, 0.080854, 0.099396, 0.049372, -0.035575, 0.016517, 0.063892, 0.100964, 0.026644, -0.051351, -0.013404, 0.071990, -0.033657, 0.147555, 0.015881, 0.022274, -0.000000, 0.033184, -0.046995, 0.031654, -0.156591, -0.019398, 0.012019, 0.087543, -0.029524, 0.030734, 0.030636, 0.038023, 0.025197, 0.002689, -0.016133, -0.027008, -0.010127, 0.043449, -0.064258, 0.000803, -0.023679, 0.027468, -0.034583, -0.054340, 0.053737, -0.063412, 0.038452, -0.009332, 0.046580, 0.021372, 0.001718, -0.017012, -0.059312, -0.131923, 0.098674, -0.020123, -0.083395, 0.024710, -0.005418, -0.065055, 0.047249, -0.014690, -0.016682, 0.027766, -0.004719, 0.022244, 0.002508, 0.029789, -0.029462, 0.058383, 0.028125, -0.001739, -0.030526, 0.030567, -0.022957, -0.064652, 0.008953, 0.076964, 0.028967, -0.045333, -0.033868, 0.030668, 0.042879, 0.020491, 0.099946, -0.006970, 0.032414, 0.017456, -0.178655, -0.043862, -0.111793, 0.062113, -0.092094, 0.004356, -0.124418, -0.021111, 0.027002, -0.041243, 0.047094, -0.013646, 0.068318, 0.061257, -0.035357, -0.017417, 0.088573, -0.083037, -0.041963, 0.021662, -0.085319, 0.022740, -0.026208, -0.055465, 0.002417, -0.008783, 0.007267, 0.009151, -0.000000, 0.001985, -0.060195, -0.032835, 0.034761, -0.053583, -0.026580, -0.083783, -0.008134, 0.030932, 0.057205, 0.067321, 0.047200, 0.018113, -0.030160, -0.012407, -0.076201, -0.002290, 0.065866, 0.030702, 0.008633, 0.045974, 0.029177, 0.020417, 0.001295, -0.006485, 0.056908, 0.017422, -0.018316, 0.007762, 0.027209, 0.002820, 0.019262, -0.009827, 0.001395, -0.000067, 0.055099, 0.013623, 0.058696, 0.002668, 0.047662, 0.062857, 0.014339, 0.086922, 0.002662, 0.018758, 0.026681, -0.070236, -0.016636, 0.036653, -0.115512, -0.020626, -0.026717, 0.017827, 0.010996, 0.041847, 0.038890, -0.032471, -0.008172, -0.027057, 0.045464, 0.086876, -0.037271, 0.008027, 0.078464]

=== CHUNK hdfc_balanced_advantage::17::0 ===
source_url: https://groww.in/mutual-funds/hdfc-balanced-advantage-fund-direct-growth
scheme: HDFC Balanced Advantage Fund - Direct Growth
category: balanced_advantage
plan_variant: direct_growth
section: About HDFC Balanced Advantage Fund Direct Growth
fact_type: general
authority: page_text
is_atomic: true
char_len: 697
source_fetched_at: 2026-09-28T13:12:29+00:00
content_hash: 608716cc5a0870fc14d09e6f17304c0e4e5eb0993726f5856277e7a23046430e
---
About HDFC Balanced Advantage Fund Direct Growth
About
HDFC Balanced Advantage Fund Direct Growth
HDFC Balanced Advantage Fund Direct Growth is a Hybrid Mutual Fund Scheme launched by HDFC Mutual Fund. This scheme was made available to investors on 10 Dec 1999. Anil Bamboli is the Current Fund Manager of HDFC Balanced Advantage Fund Direct Growth fund. The fund currently has an Asset Under Management(AUM) of Cr and the Latest as of 25 Sep 2026 is .
The HDFC Balanced Advantage Fund Direct Growth is rated Very High risk. Minimum SIP Investment is set to . Minimum Lumpsum Investment is . Exit Load for units in excess of 15% of the investment,1% will be charged for redemption within 1 year.
;

embedding_dim: 384
embedding: [-0.004368, -0.046334, -0.112235, -0.025000, 0.086883, 0.026098, 0.015903, 0.036592, -0.061725, -0.003699, -0.000251, -0.090532, -0.022616, -0.061872, -0.018785, -0.007137, -0.026480, -0.059342, 0.032472, 0.009461, -0.055008, -0.057197, 0.006218, 0.032105, 0.019461, -0.007785, -0.009397, 0.064580, -0.004970, -0.025051, 0.070526, 0.082629, 0.086679, -0.068167, -0.030810, 0.080098, -0.063884, -0.025019, -0.029251, -0.045315, -0.000754, -0.036184, 0.025807, -0.045542, 0.015942, -0.024295, -0.069172, 0.039433, 0.027271, -0.028084, -0.024560, -0.012156, -0.003187, -0.016783, -0.015959, 0.057342, -0.021602, 0.007540, 0.025361, -0.009901, -0.039353, -0.042356, 0.060420, -0.042595, 0.019744, -0.052950, -0.025546, 0.039044, 0.026966, -0.018678, -0.014512, -0.085036, -0.077633, -0.089121, 0.012946, 0.054401, 0.006060, 0.026356, 0.070640, -0.058065, -0.076026, 0.060297, 0.127376, -0.014358, -0.019439, -0.014409, 0.004546, -0.079233, -0.009435, -0.004357, 0.062269, 0.085834, 0.014361, 0.058349, -0.056608, -0.007747, -0.108541, -0.069804, -0.053147, -0.013750, 0.046979, 0.043423, -0.006749, -0.034153, 0.032243, -0.014070, 0.041420, 0.041767, 0.094820, -0.041359, 0.014352, 0.088373, 0.024923, -0.051289, -0.074863, 0.034254, -0.109520, -0.115390, 0.010591, -0.007660, 0.039564, -0.008496, -0.042232, -0.075264, -0.024003, -0.038966, -0.027789, 0.000000, -0.012977, 0.002778, 0.004785, -0.041806, -0.070517, -0.079114, 0.027513, 0.014500, -0.043485, -0.034691, 0.016883, 0.089933, -0.068808, -0.003642, -0.022804, -0.164827, -0.006291, 0.102238, 0.061046, -0.019210, 0.002563, 0.066412, 0.023260, -0.110129, 0.153033, -0.001695, 0.005911, 0.003075, 0.049681, 0.078471, 0.023125, -0.041159, -0.126493, -0.083309, -0.073278, -0.018679, -0.060598, -0.029316, -0.082367, 0.033579, -0.020426, 0.058537, 0.008667, -0.035860, -0.014920, -0.000183, 0.075672, 0.032036, -0.000303, 0.058753, -0.052635, -0.105154, 0.002475, 0.006415, 0.041806, 0.023281, -0.080715, 0.015818, 0.011971, 0.037913, -0.023626, -0.028634, -0.135362, 0.091394, -0.070837, 0.063727, 0.065073, -0.073590, 0.042202, -0.035173, 0.047219, 0.038198, 0.015450, 0.028303, -0.010996, -0.058879, 0.046840, 0.145989, 0.031808, 0.072194, 0.012991, 0.086066, 0.053922, -0.039750, -0.007374, 0.019324, 0.048303, 0.004036, -0.068616, -0.061753, 0.026215, -0.083582, 0.092093, 0.023745, 0.026323, -0.000000, 0.032547, -0.004638, 0.012443, -0.031195, -0.002159, 0.071219, 0.053378, 0.017903, -0.021384, 0.005383, 0.086044, 0.028080, 0.007886, -0.067706, -0.043310, -0.086720, 0.051045, -0.030660, -0.074336, -0.015404, 0.059076, 0.022074, 0.021787, 0.074350, -0.019166, 0.001582, -0.043420, 0.014943, -0.029137, 0.044754, 0.033452, -0.011707, -0.062851, 0.054311, 0.012312, -0.100883, -0.008293, 0.045115, -0.051591, 0.075287, 0.026631, -0.002865, 0.061488, -0.066388, -0.015930, 0.031812, 0.007574, -0.020456, 0.074578, -0.008406, -0.017107, -0.056303, 0.054601, 0.008172, -0.042447, -0.009044, 0.116958, 0.092640, -0.056194, -0.017357, 0.053086, 0.049857, 0.001703, 0.034647, -0.006907, 0.071785, -0.048604, -0.107503, 0.037644, -0.060627, 0.065367, 0.019264, 0.084494, 0.031608, -0.018156, 0.049083, 0.071814, -0.043025, 0.025687, 0.020101, 0.004946, 0.025204, -0.002800, 0.080876, -0.047407, -0.069810, -0.023345, -0.162491, -0.028253, 0.012607, -0.044268, -0.025917, 0.010760, 0.058266, 0.024991, -0.000000, 0.013247, -0.029160, 0.006913, -0.016102, -0.006680, -0.045892, -0.041359, -0.062489, 0.025709, 0.012334, 0.026834, 0.046557, 0.003856, -0.045184, -0.032153, -0.066087, 0.009201, 0.048836, -0.002886, -0.000002, 0.057958, 0.036266, 0.030621, 0.014339, 0.030810, -0.006435, 0.042726, -0.042529, 0.036602, -0.009896, 0.057721, 0.017386, 0.002036, 0.052264, -0.008306, 0.098110, 0.028906, 0.041600, 0.006141, 0.116974, 0.045620, -0.031060, 0.052981, -0.065614, -0.033211, 0.034193, -0.033004, 0.012423, 0.052672, -0.064678, 0.001579, -0.014357, -0.024155, 0.001383, -0.021159, 0.026661, -0.013750, -0.030142, 0.005366, -0.011166, 0.055983, -0.106366, -0.003735, 0.084221]

=== CHUNK hdfc_balanced_advantage::18::0 ===
source_url: https://groww.in/mutual-funds/hdfc-balanced-advantage-fund-direct-growth
scheme: HDFC Balanced Advantage Fund - Direct Growth
category: balanced_advantage
plan_variant: direct_growth
section: Investment Objective
fact_type: general
authority: page_text
is_atomic: true
char_len: 230
source_fetched_at: 2026-09-28T13:12:29+00:00
content_hash: 608716cc5a0870fc14d09e6f17304c0e4e5eb0993726f5856277e7a23046430e
---
Investment Objective
The Scheme seeks to provide long term capital appreciation / income from a dynamic mix of equity and debt investments.
Fund benchmark
NIFTY 50 Hybrid Composite Debt 50:50 Index
Scheme Information Document(SID)

embedding_dim: 384
embedding: [0.060353, 0.015938, -0.095900, -0.018557, 0.002103, 0.005337, 0.021902, 0.013995, -0.042797, 0.037000, -0.087708, -0.050269, 0.033156, -0.020393, -0.071888, 0.003175, -0.027748, -0.039196, 0.028572, 0.059297, 0.008789, 0.043703, -0.013260, -0.037781, 0.042591, 0.059913, 0.061733, 0.000135, -0.010763, -0.008504, 0.035390, 0.055072, 0.081420, -0.040623, -0.058320, 0.081773, -0.051047, 0.015067, -0.047520, 0.010373, -0.012986, -0.019007, 0.033107, -0.075709, 0.016215, -0.055810, -0.030187, 0.020309, 0.028522, 0.050920, -0.057290, 0.026802, -0.052974, 0.066980, -0.035504, 0.034315, -0.075684, -0.015889, 0.010816, -0.063297, 0.035061, 0.034279, 0.097497, 0.023040, 0.115469, -0.007536, -0.011042, 0.023520, -0.083419, -0.054691, -0.000661, -0.055977, -0.087958, -0.087259, -0.010550, 0.059575, 0.066284, 0.007805, 0.021151, -0.096460, -0.013457, 0.072137, 0.068020, -0.041971, -0.033050, 0.023420, 0.034713, -0.017251, 0.003510, -0.008521, 0.062634, -0.017265, -0.011602, -0.026485, -0.029592, -0.043948, -0.116572, -0.035908, -0.047911, 0.064048, 0.029326, -0.025579, -0.020439, -0.057116, -0.061826, -0.046527, 0.099744, -0.054240, 0.027843, -0.051814, -0.038583, 0.115178, -0.003144, -0.076884, -0.017691, 0.028546, -0.011023, 0.026640, 0.088659, 0.060296, 0.067185, -0.083139, -0.020223, 0.037916, -0.041883, 0.047104, -0.029819, 0.000000, -0.070705, -0.005686, 0.084471, -0.005020, -0.145801, -0.056855, 0.035695, -0.036054, -0.124696, -0.040091, 0.062533, 0.101951, 0.002381, 0.028054, 0.034454, -0.056359, -0.088403, 0.106647, 0.094946, -0.021944, 0.028081, 0.036657, 0.043162, -0.036622, 0.084193, -0.013744, 0.031089, -0.038521, -0.018422, 0.042700, 0.050925, 0.062134, -0.044279, -0.044877, -0.040550, 0.048374, 0.016890, -0.004119, -0.018028, 0.000390, -0.032617, 0.015078, 0.017482, -0.058161, -0.096656, 0.052122, 0.082202, 0.085459, 0.022970, 0.079970, -0.041974, -0.061979, -0.075006, -0.008468, 0.000937, -0.000685, -0.088216, -0.032162, -0.018979, -0.044564, 0.011061, -0.148746, -0.103881, 0.002427, -0.104697, 0.111996, 0.046927, 0.030579, 0.073841, 0.050528, -0.065295, 0.021422, 0.026277, 0.021216, -0.020775, -0.088472, -0.016305, 0.066244, 0.026639, 0.068563, -0.037535, 0.047021, -0.036565, -0.036906, 0.060463, 0.050052, 0.058490, -0.020765, -0.049764, -0.061440, 0.020253, -0.026130, 0.022803, -0.009840, 0.041919, -0.000000, 0.025395, -0.026400, -0.079187, 0.042489, 0.030344, -0.022252, -0.020667, 0.047634, -0.067387, 0.030393, 0.029624, -0.009675, -0.024541, 0.042058, -0.037761, -0.035569, -0.017870, -0.045406, 0.038442, -0.052425, 0.057214, 0.011330, 0.016954, 0.017359, -0.016384, 0.071656, -0.115641, 0.065968, 0.010707, -0.023888, -0.029615, -0.004494, -0.069920, 0.020995, -0.023685, -0.004580, 0.009865, -0.088585, -0.010664, 0.034432, 0.017274, 0.048883, 0.025486, -0.019613, 0.049477, -0.032372, 0.024026, 0.043734, 0.128136, -0.044321, 0.019938, 0.007161, 0.016913, 0.048283, -0.062254, 0.021978, 0.009658, 0.032140, -0.012936, -0.004949, 0.003942, 0.107211, -0.032319, 0.087521, -0.004930, -0.005247, 0.023556, -0.095277, -0.061200, -0.028366, -0.003114, -0.060026, 0.075864, -0.007193, -0.026097, 0.047689, 0.077799, -0.047837, -0.002072, 0.021706, -0.009573, 0.038603, 0.016758, 0.068007, -0.030505, 0.009402, -0.001813, -0.037366, -0.026906, 0.055435, -0.043413, 0.054230, 0.055491, 0.047683, 0.012691, -0.000000, -0.020856, -0.034508, -0.078322, 0.006618, -0.025621, -0.020783, 0.009501, -0.088419, -0.002420, -0.029550, 0.104047, 0.021354, -0.063527, 0.013002, -0.069877, -0.073788, -0.051111, 0.008738, -0.008718, 0.010473, 0.049571, 0.042224, 0.024438, -0.053561, -0.013843, 0.015441, 0.102132, 0.007480, 0.072390, -0.000576, -0.073087, 0.080602, 0.014634, -0.020839, -0.012700, 0.109053, 0.070936, 0.084354, 0.032042, 0.033221, 0.012154, -0.049926, -0.014479, -0.100841, 0.023759, 0.025294, -0.110814, -0.064176, 0.052738, -0.112238, -0.052664, 0.015877, -0.025450, 0.043831, 0.020979, 0.018697, -0.060345, 0.004572, -0.000250, -0.042658, 0.027840, -0.081103, -0.040919, -0.003972]

=== CHUNK hdfc_balanced_advantage::19::0 ===
source_url: https://groww.in/mutual-funds/hdfc-balanced-advantage-fund-direct-growth
scheme: HDFC Balanced Advantage Fund - Direct Growth
category: balanced_advantage
plan_variant: direct_growth
section: Fund house
fact_type: general
authority: page_text
is_atomic: false
char_len: 1200
source_fetched_at: 2026-09-28T13:12:29+00:00
content_hash: 608716cc5a0870fc14d09e6f17304c0e4e5eb0993726f5856277e7a23046430e
---
Fund house
HDFC Mutual Fund
Rank (total assets)
#2 in India
Total AUM
₹9,86,236.84 Cr
Date of Incorporation
10 Dec 1999
Phone
022 – 66316333
E-mail
[email protected]
Website
http://www.hdfcfund.com
Launch Date
10 Dec 1999
Address
"HDFC House", 2nd Floor, H. T. Parekh Marg, 165-166, BackbayReclamation, Churchgate Mumbai 400020
Custodian
HDFC Bank
Registrar & Transfer Agent
Cams
Email
[email protected]
Website
www.camsonline.com
Address
7th Floor, Tower II, Rayala Towers, 158, Anna Salai,
Home
>
Mutual Funds
>
HDFC Mutual Fund
>
HDFC Balanced Advantage Fund Direct Growth
Vaishnavi Tech Park, South Tower, 3rd Floor
Sarjapur Main Road, Bellandur, Bengaluru – 560103
Karnataka
Contact Us
Download the App
GROWW
About Us
Pricing
Blog
Media & Press
Careers
Help & Support
Trust & Safety
Investor Relations
PRODUCTS
Stocks
F&O
MTF
ETF
IPO
Mutual Funds
Commodities
Groww Terminal
915 Terminal
Stock Screens
Algo Trading
Groww Charts
Groww Digest
Demat Account
Groww AMC
PMS
Bonds
Credit
© 2016-
2026
Groww. All rights reserved.
Version:
8.0.3
Share Market
Indices
F&O
Mutual Funds
ETFs
Funds By Groww
Calculators
IPO
Miscellaneous
Top Gainers Stocks
52 Weeks High Stocks
Tata Motors
NHPC
ITC
Wipro
BSE

embedding_dim: 384
embedding: [0.041484, -0.117371, -0.126019, 0.055657, 0.056448, 0.059069, -0.045881, 0.056921, -0.072433, -0.034769, -0.052181, -0.090946, -0.038217, -0.052015, 0.010399, -0.027735, 0.055879, -0.083642, 0.060462, 0.015210, -0.040135, -0.052614, 0.003557, -0.027856, 0.083346, 0.025306, -0.054690, 0.050338, -0.068776, -0.078585, 0.054421, 0.044075, -0.002916, 0.047845, 0.039579, 0.046386, -0.054701, -0.003973, 0.021856, -0.085273, 0.031546, -0.029570, -0.006581, -0.068732, 0.081196, -0.035436, -0.030332, 0.035103, 0.045392, -0.003103, 0.003439, 0.023623, 0.030025, 0.009490, 0.013054, 0.065940, 0.029949, -0.056059, 0.069596, 0.003004, 0.014189, 0.004130, 0.032491, -0.019973, 0.060217, -0.077579, -0.019722, 0.068911, 0.059190, -0.048766, 0.018905, -0.049028, -0.061357, -0.037305, -0.020463, 0.040960, 0.007286, 0.025496, 0.055530, -0.068707, -0.039045, -0.012030, 0.103398, 0.099773, -0.062426, 0.025973, 0.090823, -0.024023, -0.022092, -0.044648, 0.105643, 0.079275, -0.016366, 0.040128, -0.004035, -0.079362, -0.038880, -0.034166, -0.058659, -0.007090, 0.041856, 0.014913, -0.032959, -0.070223, -0.032238, -0.041136, 0.023134, 0.090347, 0.081050, -0.049100, -0.046880, 0.052369, -0.066207, -0.010167, -0.050592, -0.005324, -0.023293, -0.121924, -0.033490, -0.046968, 0.002919, 0.008961, -0.039537, -0.057244, -0.021415, -0.083196, -0.052635, 0.000000, 0.002182, 0.094833, 0.006763, -0.088068, 0.011318, -0.029199, 0.010904, 0.015474, -0.019180, 0.069723, -0.009865, 0.013262, -0.047946, -0.031046, -0.053054, -0.107777, 0.016982, 0.019936, -0.013943, -0.008771, 0.000406, 0.050716, 0.032492, -0.041519, 0.060873, -0.018892, 0.030306, 0.016432, 0.014153, 0.062313, 0.027465, -0.027397, -0.041706, -0.029846, -0.068716, -0.023300, -0.016244, -0.074763, -0.125176, -0.018924, 0.007297, 0.078375, -0.035164, -0.035180, 0.007456, 0.029312, 0.120877, 0.044484, 0.037536, 0.018255, -0.140949, -0.037562, -0.056570, 0.021417, 0.056692, 0.015838, 0.000211, -0.039916, 0.060904, 0.016740, -0.034137, -0.072864, -0.133590, 0.030523, -0.084241, 0.044682, 0.052676, -0.006650, 0.031891, 0.013575, 0.033456, -0.043523, 0.090637, 0.034634, 0.016788, -0.011289, -0.073650, 0.109036, 0.015273, 0.037500, 0.025218, 0.047146, 0.070962, 0.004183, 0.091610, 0.005607, 0.056220, -0.015794, -0.068637, -0.017482, -0.042236, -0.044083, 0.089236, -0.004368, -0.023803, -0.000000, 0.016739, -0.002490, -0.031698, -0.003369, 0.014011, 0.056756, 0.033697, 0.017089, 0.066365, 0.037099, 0.076740, 0.054247, 0.015200, -0.069501, -0.052329, -0.022014, 0.014016, -0.046757, -0.024841, -0.028881, 0.051906, 0.002978, -0.068863, 0.079728, -0.004794, 0.078325, -0.004208, 0.036622, -0.013534, 0.058485, -0.003147, -0.023203, -0.094751, 0.090385, -0.035821, -0.045058, 0.062831, 0.082358, -0.036804, 0.089262, 0.005922, 0.035186, 0.024263, -0.050018, 0.023332, -0.060708, 0.003495, -0.036720, 0.071404, -0.001176, -0.029537, -0.048813, 0.033422, 0.018420, -0.057971, 0.038343, 0.077367, 0.120924, -0.071881, -0.026121, 0.047362, 0.090974, 0.042277, 0.119046, -0.012239, 0.019477, -0.012484, -0.048908, 0.026605, -0.091722, -0.024802, -0.033461, 0.056828, 0.009217, -0.011669, 0.028799, -0.004643, -0.018285, 0.032578, 0.023645, 0.105147, 0.027650, -0.016946, 0.029806, -0.013108, -0.028698, 0.029765, -0.054476, 0.016037, -0.023781, -0.021845, -0.038729, 0.003532, 0.003766, -0.011533, -0.000000, 0.016960, -0.019963, -0.000268, -0.007139, -0.001016, -0.147476, 0.019778, 0.044740, 0.009614, -0.012911, 0.059494, 0.022006, -0.051436, -0.070937, -0.017752, -0.089369, -0.055991, 0.036225, -0.009157, 0.001905, 0.071883, 0.004294, 0.067253, 0.002189, 0.036065, -0.022951, 0.003034, -0.092139, 0.036727, 0.041669, 0.020249, 0.033335, 0.012619, -0.011691, -0.002985, 0.097434, 0.060618, -0.023681, 0.042797, 0.071922, -0.003906, -0.100539, 0.014426, -0.037841, -0.007397, 0.008446, -0.065633, -0.019075, 0.060600, -0.150260, -0.007718, 0.006570, -0.007205, -0.043039, -0.022012, 0.071672, -0.063370, -0.001587, 0.013521, 0.005366, 0.078459, -0.122768, -0.016433, 0.033203]

=== CHUNK hdfc_balanced_advantage::19::1 ===
source_url: https://groww.in/mutual-funds/hdfc-balanced-advantage-fund-direct-growth
scheme: HDFC Balanced Advantage Fund - Direct Growth
category: balanced_advantage
plan_variant: direct_growth
section: Fund house
fact_type: general
authority: page_text
is_atomic: false
char_len: 1181
source_fetched_at: 2026-09-28T13:12:29+00:00
content_hash: 608716cc5a0870fc14d09e6f17304c0e4e5eb0993726f5856277e7a23046430e
---
Fund house
Indices
F&O
Mutual Funds
ETFs
Funds By Groww
Calculators
IPO
Miscellaneous
Top Gainers Stocks
52 Weeks High Stocks
Tata Motors
NHPC
ITC
Wipro
BSE
NTPC
Top Losers Stocks
52 Weeks Low Stocks
IREDA
State Bank of India
Adani Power
CDSL
Cochin Shipyard
SJVN
Most Traded Stocks
Stocks Market Calender
Tata Steel
Tata Power
Bharat Heavy Electricals
Indian Oil Corporation
HUDCO
SAIL
Stocks Feed
Suzlon Energy
Zomato (Eternal)
Yes Bank
Infosys
NBCC
IRCTC
Share Market Live Update
FII DII Activity
IRFC
Bharat Electronics
HDFC Bank
Vedanta
Reliance Power
Jaiprakash Power Ventures
Stocks Sectors
NIFTY 50
NIFTY Midcap 100
NIFTY 100
US Tech 100
NIFTY Realty
Nikkei index
SENSEX
NIFTY Smallcap 100
NIFTY Auto
Dow Jones Futures
NIFTY PSU Bank
NIFTY FMCG
NIFTY BANK
NIFTY MIDCAP 150
KOSPI Index
Dow Jones Index
Gift Nifty
BSE BANKEX
India VIX
NIFTY Pharma
HANG SENG Index
BSE 100
FTSE 100 Index
S&P 500
NIFTY NEXT 50
NIFTY Metal
DAX Index
NIFTY Fin Service
CAC Index
Nifty Pvt Bank
NIFTY Bank Options
SBI Options
Bajaj Finance Options
Axis Bank Options
Hindustan Unilever Options
NIFTY Bank Futures
Finnifty Futures
ITC Futures
ICICI Bank Futures
Biocon Futures
Indusind Bank Futures

embedding_dim: 384
embedding: [0.035952, -0.093367, -0.039640, 0.031972, 0.065337, 0.004954, 0.069942, -0.001222, -0.047649, -0.039502, -0.059248, -0.019519, -0.012238, -0.034853, -0.016413, -0.041461, 0.045569, -0.046419, 0.023076, 0.003120, -0.000747, -0.047595, -0.007248, -0.075339, 0.011016, 0.002919, -0.051852, 0.033028, -0.095323, -0.073364, -0.080926, 0.108630, -0.022612, 0.024947, -0.050813, 0.006560, -0.006313, 0.071909, 0.095334, -0.052069, -0.054693, -0.095286, 0.005900, -0.039401, 0.054459, -0.050042, -0.057311, -0.023035, 0.068909, -0.033910, -0.073298, 0.015707, 0.031599, 0.067334, -0.031108, -0.030815, -0.086839, -0.069674, 0.039535, 0.018842, -0.016073, 0.040624, 0.025339, 0.011189, 0.046603, -0.009867, -0.076718, 0.046906, -0.015747, 0.015722, 0.015544, -0.039989, -0.094071, 0.006365, -0.022048, -0.001456, 0.011772, 0.022819, 0.034846, -0.028137, -0.042178, -0.016404, 0.061249, 0.021491, -0.081608, 0.015306, 0.022951, -0.002255, -0.043190, -0.018134, 0.041371, 0.056331, 0.025187, 0.009956, 0.029964, -0.022207, -0.068923, -0.013536, -0.084805, -0.004047, 0.040345, 0.044038, -0.016366, -0.025002, -0.131181, -0.026895, 0.030974, 0.028721, 0.062781, -0.029485, -0.039187, 0.073674, -0.072785, -0.082075, -0.144916, -0.033899, -0.093175, 0.006088, 0.058950, 0.051696, -0.000457, 0.075767, -0.065239, 0.015844, -0.010523, 0.081140, -0.027091, 0.000000, -0.078535, 0.054370, 0.074361, -0.049320, -0.071578, -0.039963, 0.045414, -0.051325, -0.097332, 0.028589, -0.022770, 0.087451, -0.043305, -0.016206, 0.059390, -0.136392, 0.011915, -0.012877, -0.010537, -0.074642, 0.069354, 0.049689, 0.066592, -0.046543, 0.062923, -0.096354, -0.026061, -0.022908, -0.032832, 0.061734, -0.005007, -0.024295, -0.049473, -0.060780, -0.069782, -0.043218, 0.046593, -0.008692, -0.037112, -0.065406, -0.015461, 0.034314, -0.008822, -0.014300, -0.043534, 0.086792, 0.039527, 0.052438, -0.009579, 0.007220, -0.086682, -0.039023, -0.041782, 0.055289, 0.013383, 0.062887, 0.015642, -0.022748, 0.035500, 0.012655, -0.079101, -0.001644, -0.050058, -0.059420, -0.048858, 0.056501, 0.070410, 0.004283, -0.029876, 0.117276, 0.009309, -0.051834, 0.059339, 0.030703, 0.105799, 0.037583, -0.034984, -0.020193, 0.042518, -0.006349, 0.010874, -0.046035, -0.010193, -0.018335, 0.125318, -0.003959, 0.049494, -0.038046, -0.025003, -0.010426, -0.055520, -0.023899, 0.066063, -0.074007, -0.117811, -0.000000, -0.006220, -0.005572, 0.020021, 0.071372, 0.030625, -0.049760, 0.043022, -0.023160, 0.071723, 0.041145, 0.034293, 0.034566, -0.020138, -0.016071, -0.051066, -0.032713, 0.012387, 0.019380, -0.009131, 0.005486, -0.022592, -0.004115, -0.014299, 0.058678, -0.000614, 0.039636, -0.036395, 0.077668, -0.010899, 0.017856, -0.026685, -0.056591, -0.014179, 0.100789, -0.032111, 0.007377, 0.024456, -0.030736, -0.017263, 0.037950, -0.029283, -0.001743, -0.007622, 0.007281, -0.035173, -0.105329, -0.090691, 0.000723, 0.002937, -0.011632, -0.012980, 0.064308, -0.051400, 0.003117, -0.046526, 0.033650, 0.018764, 0.022679, -0.097957, -0.021127, 0.033965, 0.065916, 0.030684, 0.104259, 0.091352, -0.084119, -0.073967, 0.006822, -0.062127, -0.071037, 0.036190, -0.022858, -0.070431, -0.011075, 0.001912, 0.047010, 0.065204, -0.036254, 0.050395, 0.028419, 0.053435, 0.003714, -0.037561, 0.041566, -0.004334, 0.057018, 0.026611, -0.016934, 0.080659, 0.027605, 0.026880, -0.088096, 0.037823, 0.025242, -0.007077, -0.000000, -0.022945, -0.031500, 0.019364, 0.041561, 0.031562, -0.042706, 0.000385, 0.013572, 0.001655, -0.023081, 0.114665, 0.016829, -0.074933, -0.022181, 0.007188, -0.096653, -0.040550, 0.087741, -0.026052, -0.069342, 0.055260, 0.041118, 0.009818, 0.063863, 0.029308, -0.060921, -0.017285, -0.136600, 0.011606, 0.078306, -0.024677, -0.066745, 0.023141, -0.070395, 0.049606, 0.083030, -0.004372, -0.014679, -0.017014, 0.044683, -0.050823, -0.052651, 0.028072, -0.031215, -0.063279, -0.021971, -0.066149, -0.001628, 0.076390, -0.140561, 0.005709, -0.029265, -0.012348, -0.004309, -0.010609, 0.052272, -0.128743, 0.080347, -0.011484, -0.060770, 0.118636, -0.028008, 0.040298, 0.044013]

=== CHUNK hdfc_balanced_advantage::19::2 ===
source_url: https://groww.in/mutual-funds/hdfc-balanced-advantage-fund-direct-growth
scheme: HDFC Balanced Advantage Fund - Direct Growth
category: balanced_advantage
plan_variant: direct_growth
section: Fund house
fact_type: general
authority: page_text
is_atomic: false
char_len: 1192
source_fetched_at: 2026-09-28T13:12:29+00:00
content_hash: 608716cc5a0870fc14d09e6f17304c0e4e5eb0993726f5856277e7a23046430e
---
Fund house
Axis Bank Options
Hindustan Unilever Options
NIFTY Bank Futures
Finnifty Futures
ITC Futures
ICICI Bank Futures
Biocon Futures
Indusind Bank Futures
Crude Oil Mini Future Price
Gold Petal Future Price
Silver Micro Future Price
Nickel Future Price
Natural Gas Mini MCX Option Chain
Copper MCX Option Chain
NIFTY 50 Options
HDFC Bank Options
Wipro Options
DLF Options
REC Options
Yes Bank Futures
Zomato Futures
Ashok Leyland Futures
HDFC Bank Futures
UPL Futures
Adani Enterprises Futures
Gold Future Price
Natural Gas Future Price
Zinc Future Price
Gold MCX Option Chain
Gold Mini MCX Option Chain
Commodities Expiry Calendar
Bse Sensex Options
Tata Steel Options
NTPC Options
Bajaj Auto Options
Indusind Bank Options
Tata Motors Futures
Infosys Futures
Asian Paints Futures
Lupin Futures
Cipla Futures
IDFC First Bank Futures
Gold Mini Future Price
Natural Gas Mini Future Price
Copper Future Price
Crude Oil MCX Option Chain
Silver MCX Option Chain
Finnifty Options
Infosys Options
Asian Paints Options
Coal India Options
Ashok Leyland Options
Tata Steel Futures
BSE Sensex Futures
Wipro Futures
DLF Futures
Bajaj Finance Futures
Piramal Enterprises Futures
Gold Ten Future Price

embedding_dim: 384
embedding: [0.023471, -0.105941, -0.031476, 0.046155, 0.008699, 0.012374, -0.030316, -0.021280, -0.022854, -0.020882, -0.074312, -0.017855, -0.103583, 0.002778, 0.029570, -0.018237, 0.029709, -0.005750, -0.020958, -0.011551, -0.000653, -0.042541, -0.038089, -0.042206, -0.009957, -0.005014, -0.023733, 0.030007, -0.128984, -0.061925, -0.006169, 0.099892, -0.040090, 0.012105, 0.010109, 0.013123, -0.075798, 0.104625, 0.120049, -0.071136, -0.081150, -0.059550, 0.031803, -0.047057, 0.046011, -0.042180, -0.037000, -0.090802, 0.065994, -0.018783, 0.008369, 0.003997, 0.044071, -0.038202, 0.004744, -0.000634, -0.100814, -0.060566, 0.046405, -0.075949, -0.059851, 0.040376, -0.000553, -0.006334, -0.050489, -0.026229, -0.050898, 0.115470, -0.015193, -0.027417, 0.007804, -0.029128, -0.080287, -0.014776, -0.032642, 0.042335, 0.079088, -0.010863, 0.026655, -0.046344, -0.022325, -0.015397, 0.040520, -0.041791, -0.102691, 0.032006, 0.090011, 0.037061, 0.033185, -0.036147, 0.014150, 0.002661, 0.023942, 0.042228, 0.025091, -0.024767, -0.035925, -0.018301, -0.026390, -0.024598, 0.078529, 0.017818, -0.000336, 0.003527, -0.092638, -0.089983, 0.048321, 0.032640, 0.039551, -0.059688, -0.043601, 0.061181, -0.035453, -0.112067, -0.113728, -0.036923, -0.072642, -0.061951, 0.049989, 0.060193, -0.012610, 0.060803, -0.036589, 0.029896, -0.030817, 0.057106, 0.008634, 0.000000, -0.074451, 0.016917, 0.050580, -0.086183, -0.005852, -0.047139, 0.010305, -0.063170, -0.050872, 0.046006, 0.040728, 0.019195, -0.068942, 0.028549, -0.055671, -0.091316, 0.020510, -0.087840, 0.012321, -0.023686, -0.031110, 0.083933, 0.042094, -0.046864, 0.019281, -0.052348, 0.025367, -0.054840, -0.024419, 0.058939, -0.004806, -0.026502, -0.058486, -0.051619, -0.008626, 0.057096, 0.010663, -0.023252, -0.063575, -0.054649, -0.003070, 0.010981, -0.075973, -0.007717, -0.029594, 0.010050, 0.093793, 0.024021, -0.035120, -0.022487, -0.113261, 0.023084, -0.092269, 0.022136, 0.026245, -0.029884, 0.031549, -0.043670, 0.041000, 0.019566, -0.110870, -0.005953, -0.101551, 0.011425, -0.041658, 0.050989, 0.048213, -0.052937, -0.050307, 0.092172, 0.041783, -0.057875, 0.073588, -0.014731, 0.067149, 0.019536, -0.000099, -0.003238, 0.050791, -0.029387, -0.020476, -0.031807, -0.013512, 0.061564, 0.165337, 0.022411, -0.009140, -0.007974, 0.012327, -0.025764, -0.058569, -0.060814, 0.050444, -0.045587, -0.051821, -0.000000, 0.034134, 0.047521, 0.027192, 0.055682, 0.032403, 0.003792, 0.023747, -0.046968, 0.114688, 0.074696, -0.053092, 0.039421, 0.008807, -0.029519, -0.057995, -0.079906, -0.037748, 0.007355, 0.012247, 0.002632, -0.037038, -0.000923, -0.075822, 0.061620, -0.052380, 0.044834, -0.017623, 0.066749, -0.013882, -0.046250, -0.057448, -0.066756, -0.031726, 0.050462, -0.038015, -0.023734, 0.100131, 0.040428, -0.049678, 0.063660, -0.042753, -0.046365, -0.010269, -0.025443, -0.040463, -0.104938, -0.096767, -0.029435, 0.095516, 0.023875, -0.070294, 0.089358, -0.069992, -0.022695, 0.011353, -0.013821, 0.035641, 0.009946, -0.023623, 0.023329, -0.009540, 0.047797, 0.100935, 0.039640, 0.119863, -0.083664, -0.126420, -0.030518, -0.027095, 0.008369, -0.019276, -0.018289, -0.054878, -0.014750, 0.058277, 0.004765, 0.027857, -0.034681, 0.109262, 0.043923, 0.080709, -0.034940, -0.023062, 0.068006, 0.025878, -0.022110, -0.022173, 0.030456, 0.045918, 0.022081, 0.017690, -0.116324, 0.060472, 0.030144, -0.043428, -0.000000, -0.027494, 0.006243, 0.002366, 0.066481, -0.001644, -0.002983, 0.037728, 0.029390, 0.022014, 0.030139, 0.110168, 0.027438, -0.049915, -0.040615, -0.023977, -0.015843, -0.062805, 0.014805, 0.003694, -0.057351, 0.037449, 0.010693, -0.004457, 0.029081, 0.005123, -0.048389, 0.024658, -0.007134, -0.004616, 0.033153, -0.037678, -0.073511, 0.054845, -0.056002, 0.081098, 0.043664, -0.029779, 0.016944, 0.012929, 0.031177, -0.048714, -0.060920, -0.000022, -0.028024, -0.027823, -0.016155, -0.082961, -0.035689, 0.025919, -0.118582, 0.005695, -0.009161, 0.022000, 0.000229, -0.000324, 0.096266, -0.101543, -0.001632, 0.007929, -0.031747, 0.071656, -0.092351, -0.054855, 0.008987]

=== CHUNK hdfc_balanced_advantage::19::3 ===
source_url: https://groww.in/mutual-funds/hdfc-balanced-advantage-fund-direct-growth
scheme: HDFC Balanced Advantage Fund - Direct Growth
category: balanced_advantage
plan_variant: direct_growth
section: Fund house
fact_type: general
authority: page_text
is_atomic: false
char_len: 1196
source_fetched_at: 2026-09-28T13:12:29+00:00
content_hash: 608716cc5a0870fc14d09e6f17304c0e4e5eb0993726f5856277e7a23046430e
---
Fund house
Tata Steel Futures
BSE Sensex Futures
Wipro Futures
DLF Futures
Bajaj Finance Futures
Piramal Enterprises Futures
Gold Ten Future Price
Silver Future Price
Aluminium Future Price
Crude Oil Mini MCX Option Chain
Silver Mini MCX Option Chain
Tata Motors Options
ITC Options
ICICI Bank Options
Adani Enterprises Options
NIFTY 50 Futures
Coal India Futures
Axis Bank Futures
Vedanta Futures
Reliance Industries Futures
Hindustan Copper Futures
Crude Oil Future Price
Gold Guinea Future Price
Silver Mini Future Price
Electricity Future Price
Natural Gas MCX Option Chain
Zinc MCX Option Chain
MF Screener
Debt Mutual Funds
Best Multicap Mutual funds
Best Contra Mutual funds
Best Conservative Hybrid Mutual funds
SBI Contra Fund
Nippon India Nifty 500 Momentum 50 Index Fund
HDFC Balanced Advantage Fund
Quant Mid Cap Fund
Bank of India Small Cap Fund
Quant Multi Asset Fund
Nippon India
TATA
Bandhan
Edelweiss
HSBC
Union
Quantum
Shriram
Compare Mutual Funds
Best Debt Mutual funds
Best Large Cap Mutual funds
Best Value Oriented Mutual funds
Parag Parikh Flexi Cap Fund
HDFC Mid Cap Opportunities Fund
Motilal Oswal Nifty India Defence Index Fund
ICICI Prudential India Opportunities Fund

embedding_dim: 384
embedding: [0.030749, -0.077317, -0.008076, 0.034817, 0.032393, 0.010673, 0.004489, 0.008971, -0.002970, -0.024446, -0.104115, -0.053158, -0.054713, -0.007620, 0.009459, -0.036336, 0.023116, -0.033927, 0.027993, 0.006244, -0.010844, -0.042408, -0.003333, -0.060092, -0.000721, 0.022992, -0.022335, 0.001398, -0.111829, -0.039863, -0.016678, 0.087085, -0.035783, -0.003371, -0.043653, 0.022967, -0.058379, 0.086201, 0.098812, -0.045361, -0.103424, -0.032927, 0.045361, -0.064217, 0.042535, -0.056281, -0.028252, -0.054473, 0.072425, -0.028303, -0.048921, -0.016513, 0.014627, -0.008804, -0.011639, -0.007431, -0.120731, -0.063918, 0.031912, -0.052732, -0.056464, -0.003014, 0.017716, 0.008605, -0.003169, -0.016144, -0.044458, 0.104972, -0.001481, -0.030585, 0.013695, -0.003956, -0.093030, 0.000003, -0.024847, 0.038563, 0.076692, 0.025539, 0.032481, -0.043687, -0.032515, 0.010520, 0.055258, -0.012916, -0.080441, 0.033363, 0.060645, 0.070293, 0.039959, -0.005776, 0.027221, 0.024431, -0.004788, 0.058357, 0.039031, -0.008210, -0.054268, -0.081766, -0.069920, -0.018178, 0.099733, 0.000039, -0.010065, -0.005562, -0.074867, -0.075905, 0.055576, -0.015509, 0.040581, -0.030778, -0.029216, 0.085253, -0.068808, -0.103061, -0.110033, -0.029209, -0.083948, -0.045403, 0.062825, 0.062743, -0.017996, 0.056231, -0.037319, 0.008115, -0.003980, 0.057005, -0.021235, 0.000000, -0.072072, 0.023929, 0.038942, -0.011028, -0.064480, -0.016561, 0.069362, -0.073707, -0.073152, -0.005040, 0.015947, 0.045969, -0.082148, 0.015493, -0.006746, -0.103106, 0.021034, -0.026502, 0.001699, -0.025586, 0.018995, 0.103333, 0.082227, -0.077881, 0.056487, -0.090250, 0.049335, -0.056676, -0.050125, 0.048537, -0.006559, -0.036274, -0.046346, -0.098362, -0.007894, 0.049986, -0.025260, -0.023719, -0.080391, -0.063861, 0.005215, 0.021524, -0.049584, -0.007210, -0.026129, -0.016023, 0.065890, 0.047011, -0.044814, -0.045830, -0.104768, -0.019281, -0.063859, -0.009476, 0.014661, 0.018959, 0.008951, -0.022041, -0.011956, 0.032999, -0.080706, -0.062495, -0.118537, 0.021741, -0.042550, 0.077785, 0.040970, -0.010668, -0.007439, 0.087123, 0.021020, -0.055868, 0.096322, 0.035502, 0.043414, 0.020367, 0.021760, 0.046896, 0.043227, 0.002475, 0.005570, -0.002005, -0.029229, 0.035010, 0.116458, 0.013845, 0.043043, -0.007025, 0.014328, 0.020566, -0.032293, -0.048219, 0.044181, -0.016705, -0.049663, -0.000000, 0.017424, 0.040326, 0.068711, 0.055542, 0.038051, -0.029720, 0.034527, -0.019727, 0.092185, 0.045865, -0.016443, 0.023148, -0.014443, -0.021162, -0.079511, -0.075306, -0.019966, -0.020337, 0.027684, -0.040200, -0.064468, 0.008915, -0.051038, 0.025253, -0.039020, 0.043517, -0.044783, 0.063558, -0.078566, -0.013805, -0.030409, -0.029168, -0.023510, 0.075743, -0.012731, -0.046072, 0.039366, -0.013366, -0.000888, 0.073515, -0.028160, 0.005912, 0.027220, -0.039820, -0.008755, -0.126649, -0.085589, -0.029049, 0.087704, 0.007271, -0.065178, 0.027011, -0.073853, -0.017126, 0.015274, -0.036137, -0.005808, 0.029200, 0.020561, 0.002295, 0.028063, 0.067513, 0.039866, 0.087807, 0.055625, -0.049140, -0.129269, -0.040552, -0.067451, 0.018623, -0.047451, 0.012842, -0.006275, 0.001375, 0.043708, 0.025760, 0.023309, -0.016193, 0.080552, 0.044190, 0.097393, -0.001876, -0.069958, 0.080266, 0.027836, 0.049457, -0.004817, -0.012871, 0.062545, -0.005002, 0.011287, -0.092961, 0.076288, 0.036868, -0.032031, -0.000000, -0.035887, -0.034836, -0.015718, 0.068261, -0.033966, -0.012065, -0.005307, -0.043728, 0.050886, -0.024397, 0.117064, 0.034906, -0.055879, -0.072155, -0.042964, -0.065880, -0.098095, 0.044964, 0.003309, -0.063574, 0.048033, 0.032986, 0.010353, 0.051147, 0.045505, -0.049477, 0.006539, -0.032445, -0.006531, 0.099684, -0.016770, -0.086374, 0.053885, -0.101734, 0.056266, 0.096583, -0.006750, 0.031457, 0.034100, 0.075593, -0.022567, -0.056854, 0.025297, -0.045435, -0.033937, -0.049802, -0.104067, 0.019147, 0.014695, -0.150322, 0.011481, -0.007345, 0.012581, 0.035884, -0.014293, 0.095818, -0.087611, 0.024557, -0.033701, -0.052511, 0.057175, -0.100659, -0.016833, 0.062689]

=== CHUNK hdfc_balanced_advantage::19::4 ===
source_url: https://groww.in/mutual-funds/hdfc-balanced-advantage-fund-direct-growth
scheme: HDFC Balanced Advantage Fund - Direct Growth
category: balanced_advantage
plan_variant: direct_growth
section: Fund house
fact_type: general
authority: page_text
is_atomic: false
char_len: 1199
source_fetched_at: 2026-09-28T13:12:29+00:00
content_hash: 608716cc5a0870fc14d09e6f17304c0e4e5eb0993726f5856277e7a23046430e
---
Fund house
Parag Parikh Flexi Cap Fund
HDFC Mid Cap Opportunities Fund
Motilal Oswal Nifty India Defence Index Fund
ICICI Prudential India Opportunities Fund
Kotak Small Cap Fund
Canara Robeco Bluechip Equity Fund
GrowwMF
Motilal Oswal
Aditya Birla
Axis
Bank of India
Bajaj Finserv
Helios
ITI
Trust
MF Knowledge Centre
Best Equity Mutual funds
Best Small Cap Mutual funds
Best Arbitrage Mutual funds
Motilal Oswal Midcap Fund
SBI Small Cap Fund
HDFC Small Cap Fund
Kotak Multicap Fund
ICICI Prudential Infrastructure Fund
Bandhan Nifty Alpha 50 Index Fund
SBI
Quant
Mirae Asset
DSP
Baroda BNP Paribas
Mahindra Manulife
Sundaram
Samco
Taurus
Mutual Fund Houses
Best Hybrid Mutual funds
Best ELSS Mutual funds
Best Dividend Yield Mutual funds
Nippon India Small Cap Fund
HDFC Flexi Cap Fund
Tata Small Cap Fund
Tata Ethical Fund
Mirae Asset ELSS Tax Saver Fund
Quant Infrastructure Fund
HDFC
PPFAS
UTI
Kotak Mahindra
Zerodha
Invesco
Navi
PGIM
Mutual Funds Categories
Best MidCap Mutual funds
Best Sectoral Mutual funds
Best Aggressive Hybrid Mutual funds
Quant Small Cap Fund
SBI Magnum Children's Benefit Fund
UTI Nifty 50 Index Fund
JM Flexicap Fund
HSBC Small Cap Fund
Franklin India Multi Cap Fund

embedding_dim: 384
embedding: [0.098578, -0.088360, -0.055595, 0.013018, 0.086361, 0.002088, 0.048250, 0.031050, 0.023756, 0.023962, -0.020849, -0.065524, -0.050222, -0.000925, 0.018088, -0.066438, 0.004660, -0.046436, 0.055964, 0.016575, -0.005667, -0.096651, 0.002170, -0.071416, 0.021746, -0.001683, -0.004666, 0.018978, -0.084518, -0.090604, -0.006798, 0.058049, 0.043080, -0.035065, -0.027358, 0.071883, -0.013084, 0.082551, 0.083157, -0.009914, -0.117285, -0.041484, 0.034822, -0.072675, 0.038935, -0.036144, -0.029869, 0.022196, 0.046738, 0.002401, -0.054805, 0.035382, -0.003844, -0.012487, -0.048141, 0.013800, -0.136880, -0.037443, -0.004706, 0.019457, -0.057590, 0.038832, 0.049242, 0.020686, 0.021844, 0.002762, -0.055627, 0.066317, 0.009586, 0.028158, 0.037085, -0.051930, -0.111246, -0.022307, -0.030677, 0.009534, 0.006515, 0.039258, 0.023193, -0.003586, -0.057733, -0.008604, 0.067559, 0.025076, -0.068200, 0.005736, 0.007987, 0.013400, -0.002974, 0.009650, 0.032094, 0.091980, 0.007041, 0.049469, 0.054212, -0.032009, -0.059131, -0.094053, -0.063649, 0.009217, 0.045238, -0.020560, 0.014702, -0.050072, -0.025934, -0.053993, 0.073809, -0.009460, 0.057854, -0.007591, -0.026228, 0.084630, -0.087463, -0.063040, -0.071700, -0.022491, -0.065526, -0.032259, 0.061309, 0.037825, -0.030919, 0.057288, -0.014226, -0.043994, 0.009714, 0.065216, -0.050202, 0.000000, -0.083365, 0.072884, 0.031834, -0.010387, -0.138225, -0.017802, 0.081867, -0.065375, -0.119108, -0.000240, 0.050899, 0.041414, -0.037962, -0.017942, 0.046767, -0.090865, 0.047774, 0.042006, -0.043914, -0.047700, 0.015453, 0.086736, 0.100415, -0.072662, 0.093501, -0.079425, 0.021556, -0.010379, 0.021507, 0.043355, 0.030417, -0.010126, -0.048826, -0.077652, -0.031967, 0.004775, -0.061473, -0.062170, -0.110174, -0.041023, 0.010297, 0.024113, -0.002382, -0.031762, -0.032684, 0.050600, 0.036203, 0.082096, -0.015194, -0.047692, -0.073211, -0.022268, -0.070148, -0.000441, 0.006140, 0.045197, -0.051401, 0.032179, -0.031261, 0.031802, -0.066772, -0.087337, -0.075784, -0.007575, -0.019658, 0.069955, 0.064805, -0.017643, 0.015092, 0.041911, -0.011174, -0.033039, 0.028219, 0.079296, 0.040099, -0.002756, -0.002127, 0.095662, 0.036120, 0.034684, 0.018697, 0.017794, -0.006186, -0.006747, 0.067715, 0.018147, 0.079694, 0.008996, -0.017087, 0.017562, 0.001447, -0.021716, 0.022862, -0.058080, -0.043787, -0.000000, 0.006428, -0.024690, 0.052813, 0.064868, 0.002340, 0.005716, 0.024283, -0.028356, 0.063005, 0.005614, -0.021431, 0.023221, -0.044191, -0.042785, -0.128787, -0.047170, 0.025505, -0.054010, 0.053130, -0.001658, -0.015733, 0.008908, 0.024630, 0.016346, 0.019505, 0.009161, -0.079142, 0.039023, -0.068685, 0.020723, -0.010924, -0.022963, -0.038367, 0.064930, -0.002935, -0.057084, -0.011596, -0.022536, -0.004217, 0.085228, -0.022439, -0.005190, 0.049016, -0.074760, -0.016244, -0.136205, -0.055594, 0.004979, 0.009338, -0.021477, -0.080002, -0.020106, -0.034588, -0.062408, -0.014822, 0.000521, -0.013136, 0.028284, -0.048939, -0.028638, 0.003458, 0.072146, -0.030709, 0.146666, 0.049743, -0.062221, -0.070042, -0.080973, -0.095022, -0.064842, -0.030059, -0.040444, 0.033737, 0.050239, 0.043823, 0.054774, 0.011681, -0.012566, 0.061094, -0.011131, 0.053425, -0.010379, -0.063820, 0.061687, 0.042200, 0.052513, 0.018187, -0.073034, 0.067167, 0.001591, 0.032809, -0.050467, 0.083896, 0.074854, -0.000720, -0.000000, 0.015945, -0.033212, -0.005250, 0.030408, -0.008805, -0.025245, -0.044282, -0.054013, 0.011469, -0.017684, 0.050410, 0.072896, -0.045905, -0.081476, -0.059213, -0.059804, -0.045300, 0.036068, 0.006143, -0.029464, 0.032016, 0.029991, 0.001459, 0.058277, 0.063297, -0.027175, -0.015557, -0.091800, -0.002534, 0.088354, 0.041520, -0.069607, 0.028136, -0.100916, 0.048427, 0.128548, 0.006889, 0.024659, 0.029326, 0.115936, 0.019281, -0.064494, 0.046061, -0.088079, -0.052715, -0.002789, -0.103340, 0.006303, 0.034070, -0.142625, -0.034390, -0.007816, -0.012136, 0.017828, -0.011802, 0.095365, -0.013175, 0.049561, -0.008646, -0.033123, 0.058959, -0.058656, -0.006100, 0.058628]

=== CHUNK hdfc_balanced_advantage::19::5 ===
source_url: https://groww.in/mutual-funds/hdfc-balanced-advantage-fund-direct-growth
scheme: HDFC Balanced Advantage Fund - Direct Growth
category: balanced_advantage
plan_variant: direct_growth
section: Fund house
fact_type: general
authority: page_text
is_atomic: false
char_len: 1195
source_fetched_at: 2026-09-28T13:12:29+00:00
content_hash: 608716cc5a0870fc14d09e6f17304c0e4e5eb0993726f5856277e7a23046430e
---
Fund house
Quant Small Cap Fund
SBI Magnum Children's Benefit Fund
UTI Nifty 50 Index Fund
JM Flexicap Fund
HSBC Small Cap Fund
Franklin India Multi Cap Fund
ICICI Prudential
LIC
Canara Robeco
Whiteoak
Franklin Templeton
NJ
JM
360 One
International
Silver
Midcap
Liquid
Debt
Index
Bank Nifty
Nifty IT
Equity
Nifty 50
Nifty Metal
Nifty Auto
Commodity
Nifty Next 50
Healthcare
Groww
Gold
Sensex
Defence
Groww Arbitrage Fund
Groww ELSS Tax Saver Fund
Groww Banking & Financial Services Fund
Groww Gold ETF FOF
Groww Gold ETF
Groww Short Duration Fund
Groww Aggressive Hybrid Fund
Groww Nifty Smallcap 250 Index Fund
Groww Multicap Fund
Groww Nifty India Defence ETF
Groww Liquid Fund
Groww Dynamic Bond Fund
Groww Nifty Non Cyclical Consumer Index Fund
Groww Nifty India Railways PSU Index Fund
Groww Nifty India Railways ETF
Groww Large Cap Fund
Groww Overnight Fund
Groww Nifty EV & New Age Automotive ETF FoF
Groww Nifty 200 ETF FoF
Groww Value Fund
Groww Nifty Total Market Index Fund
Groww Nifty India Defence ETF FoF
Groww Silver ETF
SIP Calculator
Brokerage Calculator
RD Calculator
HRA Calculator
Home Loan EMI Calculator
Lumpsum Calculator
Margin Calculator
FD Calculator
Salary Calculator

embedding_dim: 384
embedding: [0.051713, -0.077529, -0.036914, 0.041034, 0.131220, 0.004552, 0.081761, 0.025447, -0.024852, -0.011812, -0.049803, -0.057360, -0.039325, -0.022175, -0.047777, -0.039185, -0.031570, -0.006632, -0.071172, 0.027989, 0.015842, -0.039558, -0.029020, -0.028575, -0.014274, 0.067523, -0.046104, -0.000997, -0.082138, -0.088286, -0.025209, 0.060597, 0.068577, 0.000753, -0.008034, 0.059298, 0.011269, 0.131394, 0.043571, -0.060007, -0.059315, -0.096793, 0.030397, -0.032350, 0.047133, -0.042225, -0.049961, -0.031632, 0.060631, 0.023707, -0.042741, 0.027166, 0.028700, 0.040166, -0.022396, 0.046752, -0.134846, -0.110163, -0.012674, 0.015724, -0.054534, 0.047199, 0.006744, 0.048110, 0.033852, 0.037261, -0.042702, 0.022410, -0.067931, 0.001466, 0.043823, -0.035056, -0.116459, 0.027664, 0.007369, 0.056305, 0.023471, 0.001816, 0.049215, -0.010824, -0.051903, -0.006833, 0.064479, -0.001883, -0.087477, -0.027117, 0.056923, -0.050784, -0.000983, -0.045350, 0.032469, 0.068727, 0.037219, 0.053213, 0.010709, -0.053151, -0.045175, -0.071344, -0.084623, 0.050143, 0.037154, 0.023862, 0.020602, -0.036373, -0.105334, -0.077185, 0.016566, 0.033370, 0.033646, -0.036627, -0.002061, 0.086243, -0.062789, -0.055819, -0.050716, -0.026963, -0.092116, -0.042123, 0.065998, 0.030066, -0.000803, 0.073932, -0.074357, 0.021732, -0.053191, 0.044272, -0.045486, 0.000000, -0.100245, 0.031247, 0.074254, -0.027311, -0.090000, -0.022471, 0.051189, -0.029470, -0.118176, 0.021947, 0.055227, 0.106268, -0.005775, -0.025969, 0.023418, -0.111165, -0.035642, 0.032864, -0.016082, 0.006475, 0.008132, 0.083251, 0.069496, -0.057473, 0.028048, -0.074806, -0.026300, -0.029558, 0.028208, 0.056531, -0.024708, 0.022985, -0.023871, -0.082201, -0.069671, 0.011064, 0.001392, -0.046876, -0.054173, -0.039009, -0.009004, 0.022722, 0.031838, -0.005929, -0.063075, 0.060026, 0.087368, 0.041513, -0.088068, 0.015116, -0.042390, -0.013717, -0.061580, 0.016116, -0.002337, 0.047265, -0.039947, 0.036517, 0.019430, -0.038522, -0.047903, -0.007423, -0.086412, -0.001757, -0.037951, 0.101900, 0.009578, -0.011909, 0.045741, 0.094653, 0.017883, -0.020313, 0.039763, 0.075661, 0.068232, 0.013341, 0.016330, 0.031234, 0.047191, -0.021359, -0.015992, 0.008165, -0.024840, 0.001134, 0.109416, -0.005060, 0.044985, -0.006064, 0.003344, -0.048033, -0.042785, -0.068043, 0.053801, -0.090792, -0.122692, -0.000000, 0.023951, -0.046588, 0.042301, 0.080274, 0.019553, -0.041308, 0.002683, -0.038661, 0.069632, 0.043720, 0.032373, 0.013656, -0.055238, -0.004786, -0.050071, -0.061371, 0.056933, 0.004831, 0.000626, -0.006531, -0.013644, 0.059429, -0.049607, 0.066268, -0.021830, 0.036499, -0.044028, 0.055417, -0.037899, -0.013156, -0.056564, -0.014994, -0.020429, 0.038090, -0.032093, -0.000395, -0.015777, -0.037318, -0.017012, 0.056631, -0.046754, -0.031159, 0.008339, -0.012086, -0.022624, -0.142300, -0.048756, 0.006706, 0.036093, 0.060683, -0.054960, 0.040608, -0.048657, -0.020088, -0.040297, 0.007332, 0.088402, -0.038088, -0.052813, -0.014936, -0.026110, 0.082197, -0.006522, 0.047153, 0.112675, -0.122879, -0.110765, -0.067003, -0.105219, -0.018895, -0.010911, -0.058398, -0.010507, 0.003820, 0.036216, 0.018490, 0.062640, -0.003451, 0.038380, 0.002866, 0.009404, -0.025239, 0.001899, 0.060752, -0.020213, 0.019515, 0.034982, -0.042699, 0.038129, 0.031493, 0.019332, -0.074735, 0.031401, 0.020718, -0.016691, -0.000000, -0.016995, 0.028686, -0.022215, 0.074151, 0.024850, -0.019818, -0.012658, -0.036619, -0.005879, -0.029867, 0.097285, 0.083151, -0.060915, -0.045283, -0.016647, -0.074451, -0.044236, 0.043578, -0.040212, -0.034256, 0.031890, 0.035899, 0.008941, 0.050667, 0.009952, -0.089906, 0.049084, -0.035875, -0.016630, 0.034547, -0.005128, -0.047217, -0.001298, -0.070312, 0.062172, 0.085104, -0.020891, 0.010635, 0.009411, 0.063399, -0.054127, -0.023361, 0.004259, -0.014558, -0.053429, -0.007451, -0.129781, 0.031974, 0.070809, -0.147208, -0.035894, -0.007416, -0.000823, -0.016423, -0.006826, 0.079119, -0.049686, 0.079619, -0.033668, -0.004558, 0.110696, -0.073087, 0.001654, 0.040685]

=== CHUNK hdfc_balanced_advantage::19::6 ===
source_url: https://groww.in/mutual-funds/hdfc-balanced-advantage-fund-direct-growth
scheme: HDFC Balanced Advantage Fund - Direct Growth
category: balanced_advantage
plan_variant: direct_growth
section: Fund house
fact_type: general
authority: page_text
is_atomic: false
char_len: 1200
source_fetched_at: 2026-09-28T13:12:29+00:00
content_hash: 608716cc5a0870fc14d09e6f17304c0e4e5eb0993726f5856277e7a23046430e
---
Fund house
Brokerage Calculator
RD Calculator
HRA Calculator
Home Loan EMI Calculator
Lumpsum Calculator
Margin Calculator
FD Calculator
Salary Calculator
ROI Calculator
SWP Calculator
Stock Average Calculator
EPF Calculator
TDS Calculator
MF Calculator
SSY Calculator
Income Tax Calculator
EMI Calculator
Step-Up SIP Calculator
PPF Calculator
GST Calculator
Car Loan EMI Calculator
What is IPO?
How to Apply for an IPO
Open IPOs
What is Grey Market Premium?
Upcoming IPOs
Mainboard IPOs
Closed IPOs
SME IPOs
IPO Subscription Status
IPO Allotment Status
NFO
Pricing
Trust & Safety
Groww Digest
Intraday
Blog
Investor Relations
Invest in Gold
Corporate Bonds
Media & Press
Gold Rates
Invest in Silver
HUF Demat Account
Careers
Silver Rates
Sitemap
About Us
Help & Support
Glossary
NRI Demat Account
Show More
Others:
NSE
BSE
MCX
Terms and Conditions
Policies and Procedures
Regulatory & Other Info
Privacy Policy
Disclosure
SMART ODR
Download Forms
Information Security Practices
Investor Charter and Grievance
Bug Bounty
Groww Pay - Terms of use
Groww Pay - Privacy policy
Groww IFSC
Mutual Funds
:
A
B
C
D
E
F
G
H
I
J
K
L
M
N
O
P
Q
R
S
T
U
V
W
X
Y
Z
Others
Stocks
:
A
B
C
D
E
F
G
H
I
J
K
L
M
N
O
P
Q

embedding_dim: 384
embedding: [0.052271, -0.093321, 0.046854, -0.002182, 0.036956, 0.006682, 0.016271, 0.036888, -0.029742, 0.023828, -0.012199, -0.027457, -0.091483, -0.043229, 0.028552, -0.037473, 0.024915, -0.035280, -0.065816, -0.047654, 0.030477, -0.026378, -0.103236, -0.065053, 0.032791, -0.074037, 0.041367, 0.045034, -0.053526, -0.002249, -0.085346, 0.036701, 0.115045, 0.022695, -0.044231, -0.065798, 0.038320, 0.007124, -0.017116, -0.026044, 0.035134, -0.136763, -0.004916, -0.028270, 0.009156, 0.016204, -0.007806, 0.033921, 0.105212, -0.073833, -0.043877, 0.032774, 0.002399, 0.014258, -0.006061, -0.030800, -0.008031, -0.029491, 0.012391, -0.062694, -0.094632, 0.004058, 0.007646, 0.091894, 0.057152, 0.031984, -0.031399, 0.053398, -0.027507, 0.006308, -0.071891, -0.025337, -0.067805, -0.013859, -0.047370, 0.059490, -0.021367, 0.081102, 0.132635, -0.115483, 0.020799, -0.009561, -0.005621, 0.027611, -0.062071, 0.064364, 0.029708, 0.020026, 0.032031, 0.007092, 0.076394, 0.044057, -0.002102, -0.066566, 0.004397, 0.009952, -0.031472, -0.085653, -0.057309, -0.016052, -0.020640, 0.014303, -0.091500, -0.049978, -0.014924, 0.033856, 0.034081, 0.014306, 0.063470, 0.014301, -0.031678, -0.005138, -0.012337, -0.076748, -0.053266, 0.001095, -0.001599, 0.033703, 0.098300, 0.010113, -0.072993, 0.018669, -0.053228, -0.028105, 0.013765, 0.025062, -0.029243, 0.000000, -0.099701, 0.078771, 0.018910, -0.019914, -0.057846, 0.001427, 0.056863, 0.038598, -0.074295, 0.024440, 0.051281, 0.003025, -0.022490, 0.021271, 0.036676, -0.009271, 0.029170, 0.083376, -0.004235, 0.056801, 0.027632, -0.028519, 0.054144, -0.031498, 0.074335, 0.062218, -0.020652, -0.025533, -0.019866, 0.019082, 0.071096, 0.047690, -0.022865, -0.033363, -0.075806, -0.058439, 0.022501, -0.053235, -0.013022, -0.054941, -0.093641, -0.025209, -0.066457, -0.017831, -0.044010, -0.025523, -0.011218, -0.014205, 0.131703, 0.059969, -0.096447, 0.007630, -0.026524, -0.021774, 0.022883, -0.033422, -0.001185, -0.058215, -0.015698, -0.052345, -0.091199, 0.015599, -0.081967, -0.072680, -0.116622, 0.048111, -0.059893, -0.026819, 0.021962, 0.097473, 0.044995, -0.049273, 0.058187, 0.034365, 0.053700, -0.004546, 0.007055, -0.005649, 0.031371, 0.027378, -0.005325, 0.079775, 0.046901, 0.051915, 0.092454, 0.003067, 0.068047, 0.074602, 0.020347, 0.023138, 0.009088, -0.031863, -0.070191, 0.037952, -0.037289, -0.000000, -0.009417, 0.044647, -0.037350, 0.011423, -0.007771, -0.005813, -0.000076, -0.074219, 0.160639, -0.050992, -0.048969, 0.034090, 0.057687, -0.044243, -0.073929, -0.092756, -0.107446, -0.035520, 0.019945, 0.003294, -0.024121, -0.014828, 0.006112, 0.031147, 0.068591, -0.062813, -0.039433, 0.122699, -0.026254, -0.011764, -0.012366, -0.043376, -0.050469, 0.047625, -0.005896, -0.003099, 0.083605, 0.074190, -0.021210, 0.022023, 0.023934, -0.068682, 0.044474, -0.033919, -0.025352, -0.025722, -0.039909, 0.039576, -0.005523, 0.018683, 0.015790, 0.029923, -0.016161, 0.077842, -0.000887, 0.070809, 0.076437, 0.013853, -0.112343, 0.049108, -0.018355, 0.026483, 0.037914, 0.116388, -0.013807, -0.101084, -0.010399, -0.061091, -0.049263, -0.123048, -0.015143, -0.035710, 0.032672, -0.010900, 0.013117, 0.042775, 0.064746, -0.030506, -0.014263, 0.044607, -0.020378, 0.086042, -0.075969, -0.025691, -0.006558, 0.046681, 0.062201, -0.034228, 0.043454, 0.006238, -0.115752, -0.023871, -0.055267, 0.055353, -0.026305, -0.000000, -0.009438, 0.010986, 0.077879, 0.000401, 0.032021, -0.055715, 0.019905, -0.037337, -0.026181, -0.020797, 0.074673, 0.016597, -0.048102, -0.081225, 0.006828, -0.039503, -0.041187, 0.025177, -0.040585, 0.023266, 0.017110, -0.065787, -0.007311, 0.037103, 0.008116, -0.023302, 0.002363, -0.051568, -0.079988, 0.064214, 0.010761, -0.020960, 0.054194, -0.035622, 0.042958, 0.097628, -0.054335, 0.038288, 0.043865, 0.035414, -0.054194, -0.105710, 0.002519, -0.075877, 0.047571, 0.033342, -0.129731, -0.019707, 0.013264, -0.119974, 0.041240, -0.025764, -0.013948, -0.037850, 0.027056, -0.002331, -0.006849, 0.001308, 0.067631, 0.025310, 0.108204, -0.033982, -0.076600, -0.021072]

=== CHUNK hdfc_balanced_advantage::19::7 ===
source_url: https://groww.in/mutual-funds/hdfc-balanced-advantage-fund-direct-growth
scheme: HDFC Balanced Advantage Fund - Direct Growth
category: balanced_advantage
plan_variant: direct_growth
section: Fund house
fact_type: general
authority: page_text
is_atomic: false
char_len: 163
source_fetched_at: 2026-09-28T13:12:29+00:00
content_hash: 608716cc5a0870fc14d09e6f17304c0e4e5eb0993726f5856277e7a23046430e
---
Fund house
Groww IFSC
Mutual Funds
:
A
B
C
D
E
F
G
H
I
J
K
L
M
N
O
P
Q
R
S
T
U
V
W
X
Y
Z
Others
Stocks
:
A
B
C
D
E
F
G
H
I
J
K
L
M
N
O
P
Q
R
S
T
U
V
W
X
Y
Z
Others

embedding_dim: 384
embedding: [0.004490, -0.038058, -0.056507, -0.028956, 0.103748, 0.048657, 0.059508, -0.033759, -0.055364, 0.065655, -0.005863, -0.005644, -0.045154, 0.027858, -0.059091, 0.034246, -0.027776, -0.054798, -0.051668, 0.017413, 0.008593, -0.108309, -0.000466, 0.035553, 0.053263, 0.001849, 0.027504, 0.089550, -0.009203, -0.099062, -0.003632, 0.037905, 0.011977, 0.001675, 0.002520, 0.057220, -0.008331, -0.003079, -0.035678, 0.042249, -0.012004, -0.011143, 0.043759, 0.060026, -0.010657, 0.040603, -0.068855, 0.055451, -0.016327, -0.010649, 0.000361, -0.021309, -0.056401, 0.010899, -0.030651, 0.082224, -0.107154, -0.007752, 0.030043, -0.000039, 0.020751, -0.030236, 0.013266, -0.000003, 0.088316, 0.000782, -0.093108, 0.115409, -0.021960, 0.026158, -0.002661, -0.005631, -0.075003, -0.027929, -0.012788, 0.059541, 0.056649, -0.023891, 0.046932, -0.060650, -0.068762, 0.018898, 0.025422, -0.003962, -0.018186, 0.001083, -0.049201, -0.054212, 0.012269, 0.004735, 0.055093, -0.012459, -0.026156, 0.015080, -0.053863, -0.004987, -0.107108, -0.156422, -0.062161, 0.050149, 0.011973, -0.047656, 0.020951, -0.040744, -0.047606, -0.038107, 0.002595, 0.052041, 0.062883, 0.012377, -0.063668, 0.109279, -0.019741, 0.006667, -0.093860, 0.033076, -0.048299, -0.068633, 0.048016, -0.089108, 0.007404, 0.019331, -0.043391, -0.020237, -0.073958, -0.049307, -0.102510, 0.000000, -0.099660, 0.007653, -0.037120, 0.021305, -0.061154, -0.001832, 0.032013, -0.054603, -0.114110, -0.101897, 0.041353, 0.080248, -0.006311, 0.033757, 0.024955, -0.154899, 0.033751, 0.104435, -0.012909, -0.032227, 0.027608, 0.096781, -0.020705, -0.028747, 0.094379, -0.136893, 0.014906, -0.009281, 0.020677, 0.018931, 0.034303, -0.021125, -0.041050, -0.061552, -0.012239, 0.060612, -0.056774, 0.004399, -0.046064, -0.040666, 0.003760, 0.035269, -0.001938, -0.022262, -0.030485, 0.059528, 0.048611, 0.051761, -0.035848, -0.066352, 0.038304, -0.022721, -0.012460, -0.034696, 0.077630, -0.015888, -0.058637, -0.027289, 0.039803, -0.018346, -0.009858, 0.005473, -0.067727, 0.036841, -0.098446, 0.012050, 0.027341, -0.015391, 0.021217, 0.117220, -0.004743, 0.003274, 0.076615, 0.019358, -0.005892, -0.041129, -0.046833, 0.083122, -0.011274, -0.037790, -0.008644, 0.042998, -0.037690, 0.065451, 0.028531, -0.069320, 0.042265, -0.062999, -0.036219, -0.002780, 0.025766, -0.058625, 0.125201, -0.031677, -0.023657, -0.000000, -0.051439, 0.035613, 0.062927, 0.031428, -0.012997, 0.034985, 0.044451, -0.069196, 0.087964, 0.012315, 0.024301, 0.043201, -0.008347, -0.012818, -0.074808, -0.086900, 0.097784, -0.009762, 0.045228, -0.015853, 0.031912, 0.028912, 0.005629, 0.014359, 0.030185, -0.007648, -0.045243, 0.099771, -0.067127, 0.095312, -0.031707, -0.060336, -0.047989, 0.030896, 0.043149, -0.001589, -0.036651, -0.037758, -0.068285, 0.018844, 0.023287, -0.003460, 0.009971, -0.017564, -0.023969, -0.028477, -0.036008, -0.007615, 0.050897, 0.022869, -0.055716, 0.014958, -0.006046, -0.008653, -0.090695, 0.046690, 0.031631, 0.055676, -0.058980, 0.041001, -0.026676, -0.020108, 0.002556, 0.010855, -0.080282, -0.067605, -0.090482, -0.049573, 0.024865, -0.032966, 0.029324, 0.013696, -0.018059, 0.022885, -0.038212, 0.007790, 0.108808, 0.014128, -0.040919, 0.058939, -0.030785, 0.055030, 0.027234, 0.100119, -0.000972, 0.011736, 0.050852, -0.040879, -0.005912, 0.075104, -0.015700, -0.073851, 0.103139, 0.001031, 0.000420, -0.000000, -0.035973, -0.053416, 0.061753, 0.020113, -0.049978, -0.083726, 0.061730, -0.083145, 0.036129, 0.097252, 0.063767, 0.138584, -0.060536, 0.014024, -0.043957, -0.044498, -0.058061, 0.015980, -0.032462, 0.011551, 0.033360, 0.047109, 0.017169, 0.098982, 0.003478, -0.010486, 0.018089, -0.087814, 0.023364, 0.063515, 0.062633, 0.007120, -0.015045, 0.036569, -0.023158, 0.062113, -0.056541, 0.112558, -0.015368, 0.066736, 0.008817, -0.081664, 0.036531, 0.012705, -0.045453, -0.019575, -0.083101, -0.019217, -0.001444, -0.102326, -0.008243, -0.027396, -0.043797, -0.040881, 0.067039, 0.045540, -0.026968, 0.051576, -0.072734, -0.069099, 0.021786, -0.073661, 0.033366, 0.021212]
